{
    "N hidden nrns": 0,
    "genome dict": {
        "neurons": {
            "0": {
                "type": "i",
                "bias": 0.9444089451099669
            },
            "1": {
                "type": "i",
                "bias": -0.6677294642759213
            },
            "2": {
                "type": "i",
                "bias": -0.6532851082374007
            },
            "3": {
                "type": "i",
                "bias": 1.476433011524348
            },
            "4": {
                "type": "i",
                "bias": 1.0378759682725622
            },
            "5": {
                "type": "i",
                "bias": 0.23017389769607804
            },
            "6": {
                "type": "i",
                "bias": -0.9597198191056315
            },
            "7": {
                "type": "i",
                "bias": 2.539132076679373
            },
            "8": {
                "type": "o",
                "bias": -0.36167365088438047
            },
            "9": {
                "type": "o",
                "bias": 0.03147414758107215
            },
            "10": {
                "type": "o",
                "bias": 0.22135138103148774
            },
            "11": {
                "type": "o",
                "bias": 0.24274510036576086
            }
        },
        "synapses": {
            "65": {
                "nrn_to": 8,
                "nrn_from": 4,
                "weight": 1.0605664028859305,
                "active": true
            },
            "12": {
                "nrn_to": 11,
                "nrn_from": 7,
                "weight": 0.5090748279179861,
                "active": true
            },
            "13": {
                "nrn_to": 11,
                "nrn_from": 0,
                "weight": -2.9736277250442753,
                "active": false
            },
            "14": {
                "nrn_to": 9,
                "nrn_from": 1,
                "weight": -0.00680733847687532,
                "active": true
            },
            "15": {
                "nrn_to": 11,
                "nrn_from": 5,
                "weight": -0.07974356544443102,
                "active": false
            },
            "16": {
                "nrn_to": 8,
                "nrn_from": 1,
                "weight": 0.2570891897939176,
                "active": false
            },
            "17": {
                "nrn_to": 11,
                "nrn_from": 1,
                "weight": 0.38659282778803816,
                "active": true
            },
            "18": {
                "nrn_to": 8,
                "nrn_from": 2,
                "weight": -0.0868993171728494,
                "active": false
            },
            "19": {
                "nrn_to": 8,
                "nrn_from": 3,
                "weight": 0.6618650868672576,
                "active": false
            },
            "20": {
                "nrn_to": 8,
                "nrn_from": 6,
                "weight": 1.0741744304281047,
                "active": true
            },
            "21": {
                "nrn_to": 9,
                "nrn_from": 6,
                "weight": -0.47224110595551216,
                "active": true
            },
            "22": {
                "nrn_to": 9,
                "nrn_from": 0,
                "weight": 1.099715688626432,
                "active": true
            },
            "23": {
                "nrn_to": 9,
                "nrn_from": 7,
                "weight": -0.2193161192919601,
                "active": true
            },
            "24": {
                "nrn_to": 9,
                "nrn_from": 4,
                "weight": -3.0,
                "active": true
            },
            "25": {
                "nrn_to": 10,
                "nrn_from": 5,
                "weight": 0.054308131946945976,
                "active": false
            },
            "26": {
                "nrn_to": 9,
                "nrn_from": 2,
                "weight": 1.1454517645115574,
                "active": true
            },
            "27": {
                "nrn_to": 9,
                "nrn_from": 3,
                "weight": -0.011788871957538846,
                "active": false
            },
            "28": {
                "nrn_to": 11,
                "nrn_from": 3,
                "weight": 0.46209136636867654,
                "active": true
            },
            "29": {
                "nrn_to": 11,
                "nrn_from": 6,
                "weight": -0.3497826109649142,
                "active": true
            },
            "30": {
                "nrn_to": 9,
                "nrn_from": 5,
                "weight": -0.37615085931624825,
                "active": true
            },
            "32": {
                "nrn_to": 10,
                "nrn_from": 0,
                "weight": -0.25137642930066495,
                "active": false
            },
            "33": {
                "nrn_to": 8,
                "nrn_from": 0,
                "weight": 0.42723873505780374,
                "active": false
            },
            "35": {
                "nrn_to": 10,
                "nrn_from": 6,
                "weight": -0.33095527263041996,
                "active": false
            },
            "36": {
                "nrn_to": 11,
                "nrn_from": 4,
                "weight": 0.32884340375001997,
                "active": true
            },
            "37": {
                "nrn_to": 10,
                "nrn_from": 3,
                "weight": -0.266249504814802,
                "active": true
            },
            "41": {
                "nrn_to": 8,
                "nrn_from": 5,
                "weight": -1.2674392294915569,
                "active": false
            },
            "42": {
                "nrn_to": 10,
                "nrn_from": 1,
                "weight": 0.03876621629369418,
                "active": true
            },
            "49": {
                "nrn_to": 8,
                "nrn_from": 7,
                "weight": 0.10439168257261067,
                "active": false
            },
            "50": {
                "nrn_to": 11,
                "nrn_from": 2,
                "weight": 0.06072748457371588,
                "active": true
            },
            "58": {
                "nrn_to": 10,
                "nrn_from": 4,
                "weight": -0.1985560777990313,
                "active": true
            },
            "452": {
                "nrn_to": 10,
                "nrn_from": 7,
                "weight": 0.178286709013976,
                "active": true
            }
        }
    }
}