{
    "N hidden nrns": 0,
    "genome dict": {
        "neurons": {
            "0": {
                "type": "i",
                "bias": 0.034007268675567845
            },
            "1": {
                "type": "i",
                "bias": 0.6549641481993868
            },
            "2": {
                "type": "i",
                "bias": 0.4499424566378254
            },
            "3": {
                "type": "i",
                "bias": -2.9056574782509283
            },
            "4": {
                "type": "i",
                "bias": -0.05622886461064281
            },
            "5": {
                "type": "i",
                "bias": 0.0036329812058960506
            },
            "6": {
                "type": "i",
                "bias": 0.02558649983599023
            },
            "7": {
                "type": "i",
                "bias": -0.16182412356422035
            },
            "8": {
                "type": "o",
                "bias": 0.157949270484449
            },
            "9": {
                "type": "o",
                "bias": 0.38465578515844967
            },
            "10": {
                "type": "o",
                "bias": 0.23576020198524164
            },
            "11": {
                "type": "o",
                "bias": 0.3416821273169571
            }
        },
        "synapses": {
            "12": {
                "nrn_to": 8,
                "nrn_from": 0,
                "weight": -0.30534608363266696,
                "active": false
            },
            "14": {
                "nrn_to": 10,
                "nrn_from": 3,
                "weight": -1.6751099412126609,
                "active": true
            },
            "15": {
                "nrn_to": 8,
                "nrn_from": 2,
                "weight": 0.7179392861509016,
                "active": true
            },
            "16": {
                "nrn_to": 11,
                "nrn_from": 2,
                "weight": -0.4769027398878197,
                "active": true
            },
            "17": {
                "nrn_to": 10,
                "nrn_from": 1,
                "weight": -0.6063611223112129,
                "active": true
            },
            "18": {
                "nrn_to": 9,
                "nrn_from": 0,
                "weight": 0.3879883984328121,
                "active": true
            },
            "19": {
                "nrn_to": 9,
                "nrn_from": 7,
                "weight": -0.8030324975645944,
                "active": true
            },
            "20": {
                "nrn_to": 8,
                "nrn_from": 6,
                "weight": 0.3616318899033839,
                "active": true
            },
            "21": {
                "nrn_to": 11,
                "nrn_from": 6,
                "weight": -0.629917522490435,
                "active": true
            },
            "22": {
                "nrn_to": 9,
                "nrn_from": 5,
                "weight": -1.1871137742482534,
                "active": false
            },
            "470": {
                "nrn_to": 8,
                "nrn_from": 5,
                "weight": -0.1409472745790703,
                "active": true
            },
            "24": {
                "nrn_to": 9,
                "nrn_from": 1,
                "weight": -0.02403287963737679,
                "active": true
            },
            "25": {
                "nrn_to": 11,
                "nrn_from": 7,
                "weight": -0.04197302947900077,
                "active": true
            },
            "26": {
                "nrn_to": 11,
                "nrn_from": 4,
                "weight": 1.667210674061725,
                "active": true
            },
            "27": {
                "nrn_to": 10,
                "nrn_from": 6,
                "weight": -0.3338691507471224,
                "active": true
            },
            "28": {
                "nrn_to": 11,
                "nrn_from": 3,
                "weight": 0.26970351086320743,
                "active": false
            },
            "29": {
                "nrn_to": 10,
                "nrn_from": 4,
                "weight": 0.0015417741018672812,
                "active": false
            },
            "30": {
                "nrn_to": 9,
                "nrn_from": 6,
                "weight": 0.031492106304535486,
                "active": false
            },
            "31": {
                "nrn_to": 9,
                "nrn_from": 4,
                "weight": -0.12704552650391082,
                "active": true
            },
            "32": {
                "nrn_to": 8,
                "nrn_from": 5,
                "weight": -0.00811143057805372,
                "active": false
            },
            "33": {
                "nrn_to": 10,
                "nrn_from": 7,
                "weight": 0.042831175553227296,
                "active": false
            },
            "34": {
                "nrn_to": 8,
                "nrn_from": 4,
                "weight": -0.04696934324677163,
                "active": true
            },
            "35": {
                "nrn_to": 10,
                "nrn_from": 5,
                "weight": -0.8777366493649076,
                "active": true
            },
            "36": {
                "nrn_to": 10,
                "nrn_from": 2,
                "weight": 0.36116319413584214,
                "active": true
            },
            "37": {
                "nrn_to": 11,
                "nrn_from": 1,
                "weight": 0.25257900029180574,
                "active": true
            },
            "38": {
                "nrn_to": 8,
                "nrn_from": 3,
                "weight": 0.38880662402210736,
                "active": true
            },
            "39": {
                "nrn_to": 9,
                "nrn_from": 2,
                "weight": 0.5511402137706726,
                "active": true
            },
            "40": {
                "nrn_to": 9,
                "nrn_from": 3,
                "weight": -0.2293924023580577,
                "active": true
            },
            "41": {
                "nrn_to": 11,
                "nrn_from": 0,
                "weight": -0.5007178630107056,
                "active": true
            },
            "45": {
                "nrn_to": 10,
                "nrn_from": 0,
                "weight": -0.057961169434540286,
                "active": false
            },
            "55": {
                "nrn_to": 11,
                "nrn_from": 5,
                "weight": 1.0707238174811315,
                "active": true
            }
        }
    }
}