{
    "N hidden nrns": 0,
    "genome dict": {
        "neurons": {
            "0": {
                "type": "i",
                "bias": 0.03812434270014128
            },
            "1": {
                "type": "i",
                "bias": -0.03300671942821626
            },
            "2": {
                "type": "i",
                "bias": -0.006636789482792491
            },
            "3": {
                "type": "i",
                "bias": 0.10594991612997143
            },
            "4": {
                "type": "i",
                "bias": -0.4719819666564352
            },
            "5": {
                "type": "i",
                "bias": -0.5660476789674176
            },
            "6": {
                "type": "i",
                "bias": -0.03154506904314151
            },
            "7": {
                "type": "i",
                "bias": -0.1430223854045667
            },
            "8": {
                "type": "o",
                "bias": -0.3373293539271769
            },
            "9": {
                "type": "o",
                "bias": 0.2052961213057832
            },
            "10": {
                "type": "o",
                "bias": 0.16735823861277907
            },
            "11": {
                "type": "o",
                "bias": 0.06451676679927817
            }
        },
        "synapses": {
            "13": {
                "nrn_to": 9,
                "nrn_from": 4,
                "weight": -0.45306292700335127,
                "active": true
            },
            "14": {
                "nrn_to": 8,
                "nrn_from": 5,
                "weight": 0.5374520100626854,
                "active": true
            },
            "17": {
                "nrn_to": 11,
                "nrn_from": 2,
                "weight": -0.4007609789916471,
                "active": true
            },
            "18": {
                "nrn_to": 9,
                "nrn_from": 3,
                "weight": 0.4854113474748337,
                "active": true
            },
            "21": {
                "nrn_to": 11,
                "nrn_from": 4,
                "weight": 1.1831368017538173,
                "active": true
            },
            "22": {
                "nrn_to": 11,
                "nrn_from": 0,
                "weight": 0.011207413514469095,
                "active": true
            },
            "24": {
                "nrn_to": 10,
                "nrn_from": 7,
                "weight": 0.23621524671539246,
                "active": false
            },
            "26": {
                "nrn_to": 11,
                "nrn_from": 7,
                "weight": 0.7340579579776395,
                "active": false
            },
            "27": {
                "nrn_to": 8,
                "nrn_from": 4,
                "weight": 0.0965676421472766,
                "active": true
            },
            "29": {
                "nrn_to": 8,
                "nrn_from": 7,
                "weight": 0.12089598937723048,
                "active": true
            },
            "31": {
                "nrn_to": 11,
                "nrn_from": 5,
                "weight": 2.026519082410685,
                "active": true
            },
            "32": {
                "nrn_to": 8,
                "nrn_from": 1,
                "weight": 0.2462060588431026,
                "active": true
            },
            "33": {
                "nrn_to": 10,
                "nrn_from": 5,
                "weight": -0.5157080643579444,
                "active": true
            },
            "34": {
                "nrn_to": 8,
                "nrn_from": 6,
                "weight": -0.3965102680822308,
                "active": true
            },
            "35": {
                "nrn_to": 11,
                "nrn_from": 6,
                "weight": 0.14068786685636234,
                "active": false
            },
            "37": {
                "nrn_to": 8,
                "nrn_from": 2,
                "weight": -0.0738524769505634,
                "active": false
            },
            "39": {
                "nrn_to": 10,
                "nrn_from": 1,
                "weight": -0.011702581933214613,
                "active": true
            },
            "43": {
                "nrn_to": 9,
                "nrn_from": 1,
                "weight": 0.39757315588145026,
                "active": true
            },
            "30": {
                "nrn_to": 9,
                "nrn_from": 5,
                "weight": 0.24807189301392585,
                "active": true
            }
        }
    }
}