{
    "N hidden nrns": 0,
    "genome dict": {
        "neurons": {
            "0": {
                "type": "i",
                "bias": 0.08861717933532148
            },
            "1": {
                "type": "i",
                "bias": -0.23309119987646482
            },
            "2": {
                "type": "i",
                "bias": -0.058454662474303976
            },
            "3": {
                "type": "i",
                "bias": -0.11456782693834112
            },
            "4": {
                "type": "i",
                "bias": 0.3157507293632211
            },
            "5": {
                "type": "i",
                "bias": -0.09727328236873695
            },
            "6": {
                "type": "i",
                "bias": 0.42856367987821237
            },
            "7": {
                "type": "i",
                "bias": 0.010747279827264075
            },
            "8": {
                "type": "o",
                "bias": 0.05572856363487954
            },
            "9": {
                "type": "o",
                "bias": 0.08241784237049612
            },
            "10": {
                "type": "o",
                "bias": -0.0004348210905507216
            },
            "11": {
                "type": "o",
                "bias": -0.006389895161695476
            }
        },
        "synapses": {
            "34": {
                "nrn_to": 11,
                "nrn_from": 1,
                "weight": 0.4905719643347008,
                "active": true
            },
            "14": {
                "nrn_to": 10,
                "nrn_from": 4,
                "weight": -0.0655671152073671,
                "active": false
            },
            "17": {
                "nrn_to": 8,
                "nrn_from": 1,
                "weight": 0.5408571734318333,
                "active": true
            },
            "50": {
                "nrn_to": 9,
                "nrn_from": 2,
                "weight": 0.9611855138178583,
                "active": true
            },
            "25": {
                "nrn_to": 9,
                "nrn_from": 5,
                "weight": -0.3622352633948136,
                "active": true
            },
            "26": {
                "nrn_to": 11,
                "nrn_from": 4,
                "weight": 0.5210407488796361,
                "active": true
            },
            "27": {
                "nrn_to": 10,
                "nrn_from": 3,
                "weight": -1.0688624628660106,
                "active": true
            },
            "29": {
                "nrn_to": 9,
                "nrn_from": 4,
                "weight": -0.24150636083101978,
                "active": true
            },
            "36": {
                "nrn_to": 11,
                "nrn_from": 6,
                "weight": 0.42553085135409136,
                "active": true
            }
        }
    }
}