{
    "N hidden nrns": 1,
    "genome dict": {
        "neurons": {
            "0": {
                "type": "i",
                "bias": -0.09352835140717325
            },
            "1": {
                "type": "i",
                "bias": -0.22721610186611613
            },
            "2": {
                "type": "i",
                "bias": 0.12219352605460751
            },
            "3": {
                "type": "i",
                "bias": 0.11000492414813728
            },
            "4": {
                "type": "i",
                "bias": 0.09572245908435435
            },
            "5": {
                "type": "i",
                "bias": 0.4814591179818389
            },
            "6": {
                "type": "i",
                "bias": -0.04155428116102978
            },
            "7": {
                "type": "i",
                "bias": 0.1139768041513198
            },
            "8": {
                "type": "o",
                "bias": -0.1319861430190448
            },
            "9": {
                "type": "o",
                "bias": 0.09870552300618507
            },
            "10": {
                "type": "o",
                "bias": -0.06125424718461425
            },
            "11": {
                "type": "o",
                "bias": -0.07473684484668312
            },
            "91": {
                "type": "h",
                "bias": 0.0
            }
        },
        "synapses": {
            "103": {
                "nrn_to": 91,
                "nrn_from": 7,
                "weight": 0.32973230746136994,
                "active": false
            },
            "42": {
                "nrn_to": 11,
                "nrn_from": 4,
                "weight": 2.9620800965748204,
                "active": true
            },
            "46": {
                "nrn_to": 11,
                "nrn_from": 0,
                "weight": -0.3790546164728947,
                "active": true
            },
            "92": {
                "active": true,
                "nrn_to": 91,
                "nrn_from": 5,
                "weight": 0.26278997575692875
            },
            "16": {
                "nrn_to": 8,
                "nrn_from": 5,
                "weight": -0.21272854150916454,
                "active": true
            },
            "20": {
                "nrn_to": 10,
                "nrn_from": 3,
                "weight": -0.7443099431594377,
                "active": true
            },
            "22": {
                "nrn_to": 11,
                "nrn_from": 5,
                "weight": 1.11420929193864,
                "active": false
            },
            "25": {
                "nrn_to": 11,
                "nrn_from": 1,
                "weight": 0.005689655619678324,
                "active": false
            },
            "28": {
                "nrn_to": 8,
                "nrn_from": 4,
                "weight": 0.06534722111930025,
                "active": false
            },
            "93": {
                "active": true,
                "nrn_to": 11,
                "nrn_from": 91,
                "weight": 2.999977062192162
            },
            "30": {
                "nrn_to": 9,
                "nrn_from": 2,
                "weight": 0.3614370118414377,
                "active": true
            },
            "14": {
                "nrn_to": 8,
                "nrn_from": 7,
                "weight": 0.4114329149013332,
                "active": true
            }
        }
    }
}