{
    "N hidden nrns": 0,
    "genome dict": {
        "neurons": {
            "0": {
                "type": "i",
                "bias": 0.20502490033493176
            },
            "1": {
                "type": "i",
                "bias": -0.009419409027367206
            },
            "2": {
                "type": "i",
                "bias": 0.12489796188443007
            },
            "3": {
                "type": "i",
                "bias": 0.4322512225307782
            },
            "4": {
                "type": "i",
                "bias": -0.012894927061493793
            },
            "5": {
                "type": "i",
                "bias": 0.09971784569705627
            },
            "6": {
                "type": "i",
                "bias": -0.038566769332280856
            },
            "7": {
                "type": "i",
                "bias": -0.0654644402479723
            },
            "8": {
                "type": "o",
                "bias": 0.2219931307502615
            },
            "9": {
                "type": "o",
                "bias": -0.018081104402926658
            },
            "10": {
                "type": "o",
                "bias": -0.09835938989590456
            },
            "11": {
                "type": "o",
                "bias": -0.07419454850247993
            }
        },
        "synapses": {
            "34": {
                "nrn_to": 10,
                "nrn_from": 4,
                "weight": -0.24647775199743596,
                "active": true
            },
            "42": {
                "nrn_to": 8,
                "nrn_from": 3,
                "weight": 0.39231635741287024,
                "active": true
            },
            "15": {
                "nrn_to": 10,
                "nrn_from": 5,
                "weight": -1.1396043812830234,
                "active": true
            },
            "49": {
                "nrn_to": 9,
                "nrn_from": 0,
                "weight": 0.19186335870527502,
                "active": false
            },
            "19": {
                "nrn_to": 9,
                "nrn_from": 2,
                "weight": 0.2925197191984816,
                "active": true
            },
            "22": {
                "nrn_to": 11,
                "nrn_from": 4,
                "weight": 0.8818459384233254,
                "active": true
            },
            "23": {
                "nrn_to": 8,
                "nrn_from": 7,
                "weight": -0.31356393843752733,
                "active": false
            },
            "24": {
                "nrn_to": 8,
                "nrn_from": 6,
                "weight": 0.44704427215153425,
                "active": true
            }
        }
    }
}