{
    "N hidden nrns": 0,
    "genome dict": {
        "neurons": {
            "0": {
                "type": "i",
                "bias": 0.12005804908230236
            },
            "1": {
                "type": "i",
                "bias": -0.12144772696980267
            },
            "2": {
                "type": "i",
                "bias": -0.07499008386448257
            },
            "3": {
                "type": "i",
                "bias": -0.06290541287808886
            },
            "4": {
                "type": "i",
                "bias": 0.1610542913491126
            },
            "5": {
                "type": "i",
                "bias": 0.046974972761805595
            },
            "6": {
                "type": "i",
                "bias": 0.18779929295758052
            },
            "7": {
                "type": "i",
                "bias": 0.0031627417038242907
            },
            "8": {
                "type": "o",
                "bias": 0.07178050050015058
            },
            "9": {
                "type": "o",
                "bias": 0.009916798346687586
            },
            "10": {
                "type": "o",
                "bias": 0.06730249729271269
            },
            "11": {
                "type": "o",
                "bias": 0.0
            }
        },
        "synapses": {
            "17": {
                "nrn_to": 8,
                "nrn_from": 1,
                "weight": 0.6626247141031477,
                "active": true
            },
            "26": {
                "nrn_to": 11,
                "nrn_from": 4,
                "weight": 0.36442130150722546,
                "active": true
            },
            "27": {
                "nrn_to": 10,
                "nrn_from": 3,
                "weight": -0.20904010143586244,
                "active": true
            },
            "14": {
                "nrn_to": 10,
                "nrn_from": 4,
                "weight": -0.17861679122357912,
                "active": true
            },
            "34": {
                "nrn_to": 11,
                "nrn_from": 1,
                "weight": 0.4393231998948644,
                "active": true
            }
        }
    }
}