{
    "N hidden nrns": 0,
    "genome dict": {
        "neurons": {
            "0": {
                "type": "i",
                "bias": 0.11057717023145583
            },
            "1": {
                "type": "i",
                "bias": 0.0
            },
            "2": {
                "type": "i",
                "bias": -0.06610584207714146
            },
            "3": {
                "type": "i",
                "bias": -0.04392294618855705
            },
            "4": {
                "type": "i",
                "bias": 0.06166589518850894
            },
            "5": {
                "type": "i",
                "bias": 0.09199612210110711
            },
            "6": {
                "type": "i",
                "bias": -0.10899392418884334
            },
            "7": {
                "type": "i",
                "bias": -0.07340782622088628
            },
            "8": {
                "type": "o",
                "bias": -0.09390358535132831
            },
            "9": {
                "type": "o",
                "bias": 0.05271544745878218
            },
            "10": {
                "type": "o",
                "bias": 0.05649609378041161
            },
            "11": {
                "type": "o",
                "bias": 0.044566128758855676
            }
        },
        "synapses": {
            "18": {
                "nrn_to": 11,
                "nrn_from": 5,
                "weight": 1.126220633837613,
                "active": true
            },
            "26": {
                "nrn_to": 11,
                "nrn_from": 6,
                "weight": 1.091953996486272,
                "active": true
            },
            "14": {
                "nrn_to": 8,
                "nrn_from": 2,
                "weight": -0.38775052905703,
                "active": true
            },
            "30": {
                "nrn_to": 10,
                "nrn_from": 5,
                "weight": 0.434288542223391,
                "active": true
            }
        }
    }
}