{
    "N hidden nrns": 0,
    "genome dict": {
        "neurons": {
            "0": {
                "type": "i",
                "bias": 0.269355456529116
            },
            "1": {
                "type": "i",
                "bias": -0.03402687990987529
            },
            "2": {
                "type": "i",
                "bias": 0.16532452077914178
            },
            "3": {
                "type": "i",
                "bias": -0.1494239979964369
            },
            "4": {
                "type": "i",
                "bias": 0.055657343493700884
            },
            "5": {
                "type": "i",
                "bias": -0.10174772713661547
            },
            "6": {
                "type": "i",
                "bias": 0.2396638362846816
            },
            "7": {
                "type": "i",
                "bias": -0.10134656245219117
            },
            "8": {
                "type": "o",
                "bias": -0.11529305358765572
            },
            "9": {
                "type": "o",
                "bias": 0.017173257274130382
            },
            "10": {
                "type": "o",
                "bias": -0.02975315332686635
            },
            "11": {
                "type": "o",
                "bias": 0.06668466725994979
            }
        },
        "synapses": {
            "48": {
                "nrn_to": 10,
                "nrn_from": 3,
                "weight": -0.31899919723753156,
                "active": true
            },
            "33": {
                "nrn_to": 11,
                "nrn_from": 5,
                "weight": 0.5478834391242945,
                "active": true
            },
            "22": {
                "nrn_to": 8,
                "nrn_from": 1,
                "weight": 0.14269238057496766,
                "active": true
            },
            "12": {
                "nrn_to": 10,
                "nrn_from": 4,
                "weight": -0.2091992313786195,
                "active": true
            },
            "45": {
                "nrn_to": 9,
                "nrn_from": 2,
                "weight": 0.32303622781863384,
                "active": true
            },
            "23": {
                "nrn_to": 11,
                "nrn_from": 4,
                "weight": 0.2288576276512364,
                "active": true
            }
        }
    }
}