{
    "N hidden nrns": 0,
    "genome dict": {
        "neurons": {
            "0": {
                "type": "i",
                "bias": -0.7529353912899968
            },
            "1": {
                "type": "i",
                "bias": 0.1704007105957699
            },
            "2": {
                "type": "i",
                "bias": -0.07870948565487801
            },
            "3": {
                "type": "i",
                "bias": 0.031084225771438656
            },
            "4": {
                "type": "i",
                "bias": 0.5118919936279385
            },
            "5": {
                "type": "i",
                "bias": -0.008483015234377209
            },
            "6": {
                "type": "i",
                "bias": 0.11827007628744575
            },
            "7": {
                "type": "i",
                "bias": -0.07396783440293897
            },
            "8": {
                "type": "o",
                "bias": 0.3439682599255892
            },
            "9": {
                "type": "o",
                "bias": 0.12763112700066775
            },
            "10": {
                "type": "o",
                "bias": 0.13083331543994228
            },
            "11": {
                "type": "o",
                "bias": 0.004998449131461458
            }
        },
        "synapses": {
            "13": {
                "nrn_to": 11,
                "nrn_from": 1,
                "weight": -0.042777307734290865,
                "active": false
            },
            "14": {
                "nrn_to": 9,
                "nrn_from": 2,
                "weight": 0.7777890812285108,
                "active": true
            },
            "16": {
                "nrn_to": 8,
                "nrn_from": 2,
                "weight": -0.5020900029389075,
                "active": true
            },
            "18": {
                "nrn_to": 9,
                "nrn_from": 4,
                "weight": -0.06119846555594186,
                "active": false
            },
            "19": {
                "nrn_to": 8,
                "nrn_from": 3,
                "weight": 1.3495583421268569,
                "active": true
            },
            "21": {
                "nrn_to": 8,
                "nrn_from": 4,
                "weight": 0.6914872165554021,
                "active": true
            },
            "22": {
                "nrn_to": 11,
                "nrn_from": 4,
                "weight": 1.1454993420635518,
                "active": true
            },
            "28": {
                "nrn_to": 9,
                "nrn_from": 3,
                "weight": 0.6195122222901002,
                "active": true
            },
            "29": {
                "nrn_to": 11,
                "nrn_from": 5,
                "weight": 1.255630351228905,
                "active": true
            },
            "31": {
                "nrn_to": 10,
                "nrn_from": 3,
                "weight": -0.03526929242316085,
                "active": true
            },
            "32": {
                "nrn_to": 8,
                "nrn_from": 6,
                "weight": -0.17256635070086251,
                "active": false
            },
            "34": {
                "nrn_to": 11,
                "nrn_from": 2,
                "weight": -0.6848677353786412,
                "active": true
            },
            "41": {
                "nrn_to": 11,
                "nrn_from": 3,
                "weight": 0.3231246221574094,
                "active": false
            },
            "42": {
                "nrn_to": 11,
                "nrn_from": 0,
                "weight": -0.5947039634424849,
                "active": true
            },
            "43": {
                "nrn_to": 9,
                "nrn_from": 6,
                "weight": -0.1893079392463586,
                "active": true
            },
            "48": {
                "nrn_to": 9,
                "nrn_from": 7,
                "weight": 0.23551562391785824,
                "active": false
            }
        }
    }
}