{
    "N hidden nrns": 0,
    "genome dict": {
        "neurons": {
            "0": {
                "type": "i",
                "bias": -0.10402190285742843
            },
            "1": {
                "type": "i",
                "bias": 0.02455612280555492
            },
            "2": {
                "type": "i",
                "bias": 0.051158112052492544
            },
            "3": {
                "type": "i",
                "bias": -0.012266825799001756
            },
            "4": {
                "type": "i",
                "bias": 0.24466304790557075
            },
            "5": {
                "type": "i",
                "bias": -0.021109767014162107
            },
            "6": {
                "type": "i",
                "bias": 0.0
            },
            "7": {
                "type": "i",
                "bias": 0.0008168084204751916
            },
            "8": {
                "type": "o",
                "bias": -0.22446083221582205
            },
            "9": {
                "type": "o",
                "bias": -0.05837395280096884
            },
            "10": {
                "type": "o",
                "bias": 0.0336787117149205
            },
            "11": {
                "type": "o",
                "bias": -0.12258127861210617
            }
        },
        "synapses": {
            "32": {
                "nrn_to": 8,
                "nrn_from": 1,
                "weight": 0.372118255882159,
                "active": true
            },
            "16": {
                "nrn_to": 11,
                "nrn_from": 4,
                "weight": 0.3242623502409501,
                "active": true
            },
            "17": {
                "nrn_to": 8,
                "nrn_from": 7,
                "weight": 0.17287319726175718,
                "active": true
            },
            "39": {
                "nrn_to": 9,
                "nrn_from": 5,
                "weight": 0.35593571105134997,
                "active": true
            },
            "25": {
                "nrn_to": 11,
                "nrn_from": 7,
                "weight": 0.4723291373183627,
                "active": true
            }
        }
    }
}