{
    "N hidden nrns": 1,
    "genome dict": {
        "neurons": {
            "0": {
                "type": "i",
                "bias": -0.13449974814059334
            },
            "1": {
                "type": "i",
                "bias": 0.4995925068466919
            },
            "2": {
                "type": "i",
                "bias": -0.19587980426420942
            },
            "3": {
                "type": "i",
                "bias": 0.6406891494945558
            },
            "4": {
                "type": "i",
                "bias": -0.06304455861396446
            },
            "5": {
                "type": "i",
                "bias": 0.10565629074504916
            },
            "6": {
                "type": "i",
                "bias": 0.07808950034639298
            },
            "7": {
                "type": "i",
                "bias": 0.0680098769776263
            },
            "8": {
                "type": "o",
                "bias": 0.36103293205123016
            },
            "9": {
                "type": "o",
                "bias": 0.27813801758592044
            },
            "10": {
                "type": "o",
                "bias": 0.1250122757988471
            },
            "11": {
                "type": "o",
                "bias": 0.08586003080753626
            },
            "171": {
                "type": "h",
                "bias": 0.17354432516512533
            }
        },
        "synapses": {
            "12": {
                "nrn_to": 10,
                "nrn_from": 2,
                "weight": -0.1371097769710757,
                "active": true
            },
            "18": {
                "nrn_to": 9,
                "nrn_from": 4,
                "weight": -0.2512771796867323,
                "active": false
            },
            "19": {
                "nrn_to": 8,
                "nrn_from": 3,
                "weight": 3.0,
                "active": true
            },
            "21": {
                "nrn_to": 8,
                "nrn_from": 4,
                "weight": 0.6843643529496043,
                "active": true
            },
            "22": {
                "nrn_to": 11,
                "nrn_from": 4,
                "weight": 1.502421189473725,
                "active": true
            },
            "28": {
                "nrn_to": 9,
                "nrn_from": 3,
                "weight": 0.616620816289118,
                "active": true
            },
            "29": {
                "nrn_to": 11,
                "nrn_from": 5,
                "weight": 1.2481792391670523,
                "active": true
            },
            "32": {
                "nrn_to": 8,
                "nrn_from": 6,
                "weight": -0.4022891574919027,
                "active": false
            },
            "224": {
                "nrn_to": 171,
                "nrn_from": 1,
                "weight": -0.0064752583243733374,
                "active": true
            },
            "34": {
                "nrn_to": 11,
                "nrn_from": 2,
                "weight": -0.593931744276031,
                "active": true
            },
            "42": {
                "nrn_to": 11,
                "nrn_from": 0,
                "weight": -0.26626205041593165,
                "active": true
            },
            "43": {
                "nrn_to": 9,
                "nrn_from": 6,
                "weight": -0.4657205924895211,
                "active": true
            },
            "172": {
                "active": true,
                "nrn_to": 171,
                "nrn_from": 2,
                "weight": 1.5097963047405107
            },
            "173": {
                "nrn_to": 10,
                "nrn_from": 171,
                "weight": 0.13418296589767084,
                "active": true
            },
            "48": {
                "nrn_to": 9,
                "nrn_from": 7,
                "weight": 0.08662377619013913,
                "active": true
            },
            "189": {
                "nrn_to": 171,
                "nrn_from": 5,
                "weight": 0.36553527875760417,
                "active": true
            }
        }
    }
}