{
    "N hidden nrns": 0,
    "genome dict": {
        "neurons": {
            "0": {
                "type": "i",
                "bias": 0.057907796665898535
            },
            "1": {
                "type": "i",
                "bias": -0.03300671942821626
            },
            "2": {
                "type": "i",
                "bias": -0.006636789482792491
            },
            "3": {
                "type": "i",
                "bias": 0.005566517615945607
            },
            "4": {
                "type": "i",
                "bias": -0.4719819666564352
            },
            "5": {
                "type": "i",
                "bias": -0.5973363063969275
            },
            "6": {
                "type": "i",
                "bias": -0.04638344315744802
            },
            "7": {
                "type": "i",
                "bias": -0.1430223854045667
            },
            "8": {
                "type": "o",
                "bias": -0.3373293539271769
            },
            "9": {
                "type": "o",
                "bias": 0.2052961213057832
            },
            "10": {
                "type": "o",
                "bias": 0.16735823861277907
            },
            "11": {
                "type": "o",
                "bias": 0.12903353359855635
            }
        },
        "synapses": {
            "13": {
                "nrn_to": 9,
                "nrn_from": 4,
                "weight": -0.45306292700335127,
                "active": true
            },
            "14": {
                "nrn_to": 8,
                "nrn_from": 5,
                "weight": 0.5374520100626854,
                "active": true
            },
            "17": {
                "nrn_to": 11,
                "nrn_from": 2,
                "weight": -0.4007609789916471,
                "active": true
            },
            "18": {
                "nrn_to": 9,
                "nrn_from": 3,
                "weight": 0.4854113474748337,
                "active": true
            },
            "21": {
                "nrn_to": 11,
                "nrn_from": 4,
                "weight": 0.5134624558880273,
                "active": true
            },
            "22": {
                "nrn_to": 11,
                "nrn_from": 0,
                "weight": 0.011207413514469095,
                "active": true
            },
            "24": {
                "nrn_to": 10,
                "nrn_from": 7,
                "weight": 0.23621524671539246,
                "active": false
            },
            "26": {
                "nrn_to": 11,
                "nrn_from": 7,
                "weight": 0.7340579579776395,
                "active": false
            },
            "27": {
                "nrn_to": 8,
                "nrn_from": 4,
                "weight": 0.06985576295457133,
                "active": true
            },
            "29": {
                "nrn_to": 8,
                "nrn_from": 7,
                "weight": 0.1847490257238918,
                "active": true
            },
            "31": {
                "nrn_to": 11,
                "nrn_from": 5,
                "weight": 2.026519082410685,
                "active": true
            },
            "32": {
                "nrn_to": 8,
                "nrn_from": 1,
                "weight": 0.2462060588431026,
                "active": true
            },
            "33": {
                "nrn_to": 10,
                "nrn_from": 5,
                "weight": -0.5948703594915508,
                "active": true
            },
            "34": {
                "nrn_to": 8,
                "nrn_from": 6,
                "weight": -0.34825880319487623,
                "active": true
            },
            "35": {
                "nrn_to": 11,
                "nrn_from": 6,
                "weight": 0.18575315640554801,
                "active": false
            },
            "37": {
                "nrn_to": 8,
                "nrn_from": 2,
                "weight": -0.0738524769505634,
                "active": false
            },
            "39": {
                "nrn_to": 10,
                "nrn_from": 1,
                "weight": 0.06404726766712462,
                "active": true
            },
            "43": {
                "nrn_to": 9,
                "nrn_from": 1,
                "weight": 0.3641421356056185,
                "active": true
            }
        }
    }
}