{
    "N hidden nrns": 0,
    "genome dict": {
        "neurons": {
            "0": {
                "type": "i",
                "bias": -0.05401533497199612
            },
            "1": {
                "type": "i",
                "bias": 0.010844885534251933
            },
            "2": {
                "type": "i",
                "bias": -0.27911949307401307
            },
            "3": {
                "type": "i",
                "bias": 0.8328248283769112
            },
            "4": {
                "type": "i",
                "bias": 0.055898929023429834
            },
            "5": {
                "type": "i",
                "bias": 0.1370445257646188
            },
            "6": {
                "type": "i",
                "bias": 0.0013928531015399404
            },
            "7": {
                "type": "i",
                "bias": -0.13883066706870661
            },
            "8": {
                "type": "o",
                "bias": -0.2881058010069129
            },
            "9": {
                "type": "o",
                "bias": 0.12613340557034522
            },
            "10": {
                "type": "o",
                "bias": 0.13163276834038581
            },
            "11": {
                "type": "o",
                "bias": 0.20387712234720237
            }
        },
        "synapses": {
            "65": {
                "nrn_to": 8,
                "nrn_from": 4,
                "weight": -0.5330486456779576,
                "active": true
            },
            "33": {
                "nrn_to": 8,
                "nrn_from": 0,
                "weight": -0.17076825983799898,
                "active": false
            },
            "37": {
                "nrn_to": 10,
                "nrn_from": 3,
                "weight": -0.25392168908356766,
                "active": true
            },
            "41": {
                "nrn_to": 8,
                "nrn_from": 5,
                "weight": -0.2690611416167844,
                "active": true
            },
            "13": {
                "nrn_to": 11,
                "nrn_from": 0,
                "weight": 0.08720723159789072,
                "active": false
            },
            "15": {
                "nrn_to": 11,
                "nrn_from": 5,
                "weight": 0.2722345135611436,
                "active": true
            },
            "16": {
                "nrn_to": 8,
                "nrn_from": 1,
                "weight": 0.27448519936049887,
                "active": false
            },
            "21": {
                "nrn_to": 9,
                "nrn_from": 6,
                "weight": -0.04237804386566967,
                "active": true
            },
            "22": {
                "nrn_to": 9,
                "nrn_from": 0,
                "weight": 0.5102774448889763,
                "active": true
            },
            "23": {
                "nrn_to": 9,
                "nrn_from": 7,
                "weight": -0.30766009443569936,
                "active": true
            },
            "24": {
                "nrn_to": 9,
                "nrn_from": 4,
                "weight": -1.2342745055033504,
                "active": true
            },
            "26": {
                "nrn_to": 9,
                "nrn_from": 2,
                "weight": 0.26169068604379553,
                "active": true
            },
            "28": {
                "nrn_to": 11,
                "nrn_from": 3,
                "weight": 0.19300638280735738,
                "active": true
            }
        }
    }
}