{
    "N hidden nrns": 0,
    "genome dict": {
        "neurons": {
            "0": {
                "type": "i",
                "bias": -0.26105220883880537
            },
            "1": {
                "type": "i",
                "bias": 0.13496806861296617
            },
            "2": {
                "type": "i",
                "bias": 0.11072144128385616
            },
            "3": {
                "type": "i",
                "bias": 0.08792846706808803
            },
            "4": {
                "type": "i",
                "bias": 0.23735772855314166
            },
            "5": {
                "type": "i",
                "bias": 0.17479185615080856
            },
            "6": {
                "type": "i",
                "bias": -0.019993571324821394
            },
            "7": {
                "type": "i",
                "bias": 0.07176167502050128
            },
            "8": {
                "type": "o",
                "bias": -0.15472945163851168
            },
            "9": {
                "type": "o",
                "bias": -0.06050773194367851
            },
            "10": {
                "type": "o",
                "bias": 0.07310904697436686
            },
            "11": {
                "type": "o",
                "bias": 0.02149769184380322
            }
        },
        "synapses": {
            "32": {
                "nrn_to": 8,
                "nrn_from": 1,
                "weight": 0.26460182938296667,
                "active": true
            },
            "16": {
                "nrn_to": 11,
                "nrn_from": 4,
                "weight": 0.34836999406942926,
                "active": true
            },
            "17": {
                "nrn_to": 8,
                "nrn_from": 7,
                "weight": 0.31025555921861875,
                "active": true
            },
            "22": {
                "nrn_to": 11,
                "nrn_from": 3,
                "weight": 0.029699700066485,
                "active": true
            },
            "39": {
                "nrn_to": 9,
                "nrn_from": 5,
                "weight": 0.3783061854843417,
                "active": true
            }
        }
    }
}