{
    "N hidden nrns": 0,
    "genome dict": {
        "neurons": {
            "0": {
                "type": "i",
                "bias": 0.05552625585570594
            },
            "1": {
                "type": "i",
                "bias": -0.07506728009775313
            },
            "2": {
                "type": "i",
                "bias": -0.24437364709486403
            },
            "3": {
                "type": "i",
                "bias": -0.41011668860375927
            },
            "4": {
                "type": "i",
                "bias": 0.09743821386794668
            },
            "5": {
                "type": "i",
                "bias": -0.667793240324894
            },
            "6": {
                "type": "i",
                "bias": 0.0006453451196685375
            },
            "7": {
                "type": "i",
                "bias": -0.19618067125369612
            },
            "8": {
                "type": "o",
                "bias": 0.1273784824144181
            },
            "9": {
                "type": "o",
                "bias": 0.09218165464678194
            },
            "10": {
                "type": "o",
                "bias": 0.005202173161240729
            },
            "11": {
                "type": "o",
                "bias": 0.04738146864277881
            }
        },
        "synapses": {
            "41": {
                "nrn_to": 11,
                "nrn_from": 7,
                "weight": -0.852157425396054,
                "active": true
            },
            "42": {
                "nrn_to": 8,
                "nrn_from": 1,
                "weight": -0.16678728405522017,
                "active": true
            },
            "43": {
                "nrn_to": 11,
                "nrn_from": 2,
                "weight": -0.518472174968615,
                "active": true
            },
            "18": {
                "nrn_to": 11,
                "nrn_from": 4,
                "weight": 0.7857935958350426,
                "active": true
            },
            "19": {
                "nrn_to": 10,
                "nrn_from": 3,
                "weight": -0.3866140075839723,
                "active": true
            },
            "21": {
                "nrn_to": 9,
                "nrn_from": 6,
                "weight": -0.12181064230494926,
                "active": true
            },
            "22": {
                "nrn_to": 8,
                "nrn_from": 3,
                "weight": 0.37376241658053744,
                "active": true
            },
            "23": {
                "nrn_to": 11,
                "nrn_from": 5,
                "weight": 0.2521820395832777,
                "active": true
            },
            "24": {
                "nrn_to": 9,
                "nrn_from": 3,
                "weight": 0.11089595678866222,
                "active": true
            },
            "27": {
                "nrn_to": 9,
                "nrn_from": 5,
                "weight": -0.29861133265356987,
                "active": true
            },
            "28": {
                "nrn_to": 11,
                "nrn_from": 0,
                "weight": -0.4776192807933447,
                "active": true
            },
            "30": {
                "nrn_to": 8,
                "nrn_from": 5,
                "weight": -0.24220529464041402,
                "active": false
            }
        }
    }
}