{
    "N hidden nrns": 0,
    "genome dict": {
        "neurons": {
            "0": {
                "type": "i",
                "bias": 0.22490979257253138
            },
            "1": {
                "type": "i",
                "bias": 0.3879220893465805
            },
            "2": {
                "type": "i",
                "bias": -0.31413950091675585
            },
            "3": {
                "type": "i",
                "bias": -0.4362040581755038
            },
            "4": {
                "type": "i",
                "bias": -0.13795364604721305
            },
            "5": {
                "type": "i",
                "bias": 0.5161824312527398
            },
            "6": {
                "type": "i",
                "bias": -0.12998938498119145
            },
            "7": {
                "type": "i",
                "bias": 2.9837672346534485
            },
            "8": {
                "type": "o",
                "bias": -0.07264309919695118
            },
            "9": {
                "type": "o",
                "bias": 0.05788620926501365
            },
            "10": {
                "type": "o",
                "bias": 0.012795487201163474
            },
            "11": {
                "type": "o",
                "bias": 0.17768696601091014
            }
        },
        "synapses": {
            "12": {
                "nrn_to": 9,
                "nrn_from": 7,
                "weight": -0.372212859599675,
                "active": false
            },
            "13": {
                "nrn_to": 9,
                "nrn_from": 4,
                "weight": -0.3005669129874856,
                "active": true
            },
            "14": {
                "nrn_to": 9,
                "nrn_from": 0,
                "weight": 0.04847007229224379,
                "active": false
            },
            "15": {
                "nrn_to": 10,
                "nrn_from": 2,
                "weight": 0.14953129332413145,
                "active": true
            },
            "16": {
                "nrn_to": 11,
                "nrn_from": 4,
                "weight": 2.87597046297886,
                "active": true
            },
            "17": {
                "nrn_to": 8,
                "nrn_from": 7,
                "weight": 0.1549840974251286,
                "active": false
            },
            "18": {
                "nrn_to": 10,
                "nrn_from": 7,
                "weight": -0.7911658388815691,
                "active": true
            },
            "19": {
                "nrn_to": 9,
                "nrn_from": 2,
                "weight": 0.5178209566709187,
                "active": true
            },
            "20": {
                "nrn_to": 11,
                "nrn_from": 1,
                "weight": -1.1282741071991098,
                "active": false
            },
            "21": {
                "nrn_to": 8,
                "nrn_from": 3,
                "weight": 2.1265984287140847,
                "active": true
            },
            "22": {
                "nrn_to": 11,
                "nrn_from": 3,
                "weight": 0.16667806503625032,
                "active": false
            },
            "24": {
                "nrn_to": 11,
                "nrn_from": 6,
                "weight": -0.4112916603074557,
                "active": true
            },
            "26": {
                "nrn_to": 8,
                "nrn_from": 0,
                "weight": -0.465251508364559,
                "active": true
            },
            "27": {
                "nrn_to": 10,
                "nrn_from": 6,
                "weight": -1.1111928365188133,
                "active": true
            },
            "28": {
                "nrn_to": 8,
                "nrn_from": 2,
                "weight": 1.9504628242492457,
                "active": false
            },
            "29": {
                "nrn_to": 10,
                "nrn_from": 3,
                "weight": -1.0647645206105885,
                "active": true
            },
            "30": {
                "nrn_to": 10,
                "nrn_from": 5,
                "weight": -0.44262818454791925,
                "active": true
            },
            "31": {
                "nrn_to": 8,
                "nrn_from": 5,
                "weight": 0.7550899103921072,
                "active": true
            },
            "32": {
                "nrn_to": 8,
                "nrn_from": 1,
                "weight": 0.5104321901855815,
                "active": false
            },
            "35": {
                "nrn_to": 11,
                "nrn_from": 2,
                "weight": -0.6168190731690774,
                "active": true
            },
            "36": {
                "nrn_to": 11,
                "nrn_from": 5,
                "weight": 0.08903038042997242,
                "active": false
            },
            "37": {
                "nrn_to": 11,
                "nrn_from": 0,
                "weight": -0.9163241542824766,
                "active": true
            },
            "38": {
                "nrn_to": 8,
                "nrn_from": 6,
                "weight": 0.2464616386724764,
                "active": true
            },
            "39": {
                "nrn_to": 9,
                "nrn_from": 5,
                "weight": -2.859041421916762,
                "active": true
            },
            "43": {
                "nrn_to": 10,
                "nrn_from": 4,
                "weight": -0.10737035855878722,
                "active": true
            },
            "50": {
                "nrn_to": 8,
                "nrn_from": 4,
                "weight": -0.6584882021432443,
                "active": true
            },
            "54": {
                "nrn_to": 9,
                "nrn_from": 1,
                "weight": 0.20414453108390765,
                "active": true
            },
            "23": {
                "nrn_to": 10,
                "nrn_from": 1,
                "weight": -0.2436014996808115,
                "active": true
            }
        }
    }
}