{
    "N hidden nrns": 0,
    "genome dict": {
        "neurons": {
            "0": {
                "type": "i",
                "bias": -0.08358666389695366
            },
            "1": {
                "type": "i",
                "bias": -0.07140731099453987
            },
            "2": {
                "type": "i",
                "bias": 0.23959703135712476
            },
            "3": {
                "type": "i",
                "bias": -0.11323966073162872
            },
            "4": {
                "type": "i",
                "bias": 0.33505270302045537
            },
            "5": {
                "type": "i",
                "bias": -0.2413121458405084
            },
            "6": {
                "type": "i",
                "bias": -0.2185952887988512
            },
            "7": {
                "type": "i",
                "bias": 0.020022319130976518
            },
            "8": {
                "type": "o",
                "bias": -0.01064999981071165
            },
            "9": {
                "type": "o",
                "bias": 0.07582304245400498
            },
            "10": {
                "type": "o",
                "bias": 0.05551455045593867
            },
            "11": {
                "type": "o",
                "bias": 0.09107414093837102
            }
        },
        "synapses": {
            "33": {
                "nrn_to": 10,
                "nrn_from": 3,
                "weight": -0.3611687334826561,
                "active": true
            },
            "34": {
                "nrn_to": 10,
                "nrn_from": 7,
                "weight": 0.059408032963594565,
                "active": false
            },
            "37": {
                "nrn_to": 11,
                "nrn_from": 5,
                "weight": 0.22104861357455438,
                "active": true
            },
            "41": {
                "nrn_to": 8,
                "nrn_from": 7,
                "weight": 0.05192727785404626,
                "active": true
            },
            "13": {
                "nrn_to": 8,
                "nrn_from": 1,
                "weight": 0.8677417917516423,
                "active": false
            },
            "15": {
                "nrn_to": 9,
                "nrn_from": 7,
                "weight": -0.05697433811177405,
                "active": true
            },
            "26": {
                "nrn_to": 9,
                "nrn_from": 2,
                "weight": 0.346632200235597,
                "active": true
            },
            "28": {
                "nrn_to": 8,
                "nrn_from": 6,
                "weight": 0.16773124682030496,
                "active": true
            },
            "31": {
                "nrn_to": 9,
                "nrn_from": 4,
                "weight": -1.3966662780183248,
                "active": true
            },
            "36": {
                "nrn_to": 9,
                "nrn_from": 0,
                "weight": 0.360010186173558,
                "active": true
            }
        }
    }
}