{
    "N hidden nrns": 0,
    "genome dict": {
        "neurons": {
            "0": {
                "type": "i",
                "bias": -0.04237405006008792
            },
            "1": {
                "type": "i",
                "bias": -0.05123562423487668
            },
            "2": {
                "type": "i",
                "bias": 0.03190141062470992
            },
            "3": {
                "type": "i",
                "bias": -0.3976098446115814
            },
            "4": {
                "type": "i",
                "bias": 0.539988121117081
            },
            "5": {
                "type": "i",
                "bias": -0.17279627877398854
            },
            "6": {
                "type": "i",
                "bias": 0.12572547869439107
            },
            "7": {
                "type": "i",
                "bias": -0.16625761040937495
            },
            "8": {
                "type": "o",
                "bias": 0.31760684641487297
            },
            "9": {
                "type": "o",
                "bias": 0.09629298893925986
            },
            "10": {
                "type": "o",
                "bias": 0.03416374658255078
            },
            "11": {
                "type": "o",
                "bias": 0.030439425934808736
            }
        },
        "synapses": {
            "38": {
                "nrn_to": 9,
                "nrn_from": 1,
                "weight": 0.033692678084703026,
                "active": true
            },
            "41": {
                "nrn_to": 11,
                "nrn_from": 7,
                "weight": -0.7489465467576248,
                "active": true
            },
            "42": {
                "nrn_to": 8,
                "nrn_from": 1,
                "weight": -0.22898011074266164,
                "active": true
            },
            "43": {
                "nrn_to": 11,
                "nrn_from": 2,
                "weight": -0.34485215246472145,
                "active": true
            },
            "18": {
                "nrn_to": 11,
                "nrn_from": 4,
                "weight": 1.4315884139659738,
                "active": true
            },
            "19": {
                "nrn_to": 10,
                "nrn_from": 3,
                "weight": -0.26386831263707344,
                "active": true
            },
            "21": {
                "nrn_to": 9,
                "nrn_from": 6,
                "weight": -0.34007971610912485,
                "active": true
            },
            "22": {
                "nrn_to": 8,
                "nrn_from": 3,
                "weight": 2.8456696802033457,
                "active": true
            },
            "23": {
                "nrn_to": 11,
                "nrn_from": 5,
                "weight": 0.2732648436085998,
                "active": true
            },
            "24": {
                "nrn_to": 9,
                "nrn_from": 3,
                "weight": 0.03817804548929413,
                "active": true
            },
            "27": {
                "nrn_to": 9,
                "nrn_from": 5,
                "weight": -0.1567421296517216,
                "active": true
            },
            "28": {
                "nrn_to": 11,
                "nrn_from": 0,
                "weight": -1.1273255062472272,
                "active": true
            },
            "30": {
                "nrn_to": 8,
                "nrn_from": 5,
                "weight": -0.40465093798083396,
                "active": false
            },
            "31": {
                "nrn_to": 8,
                "nrn_from": 0,
                "weight": -0.19606187238646527,
                "active": false
            }
        }
    }
}