{
    "N hidden nrns": 1,
    "genome dict": {
        "neurons": {
            "0": {
                "type": "i",
                "bias": 0.0860661487627355
            },
            "1": {
                "type": "i",
                "bias": -0.039493977982549444
            },
            "2": {
                "type": "i",
                "bias": -0.10881571245926215
            },
            "3": {
                "type": "i",
                "bias": -0.0845442794049621
            },
            "4": {
                "type": "i",
                "bias": -0.0931644069244269
            },
            "5": {
                "type": "i",
                "bias": 0.04525197340454805
            },
            "6": {
                "type": "i",
                "bias": -0.13910084227346564
            },
            "7": {
                "type": "i",
                "bias": 0.025018296106117235
            },
            "8": {
                "type": "o",
                "bias": 0.03032772106581599
            },
            "9": {
                "type": "o",
                "bias": 0.03417941098016386
            },
            "10": {
                "type": "o",
                "bias": -0.11065689950884713
            },
            "11": {
                "type": "o",
                "bias": 0.0047201823977220505
            },
            "66": {
                "type": "h",
                "bias": 0.0377273958198015
            }
        },
        "synapses": {
            "18": {
                "nrn_to": 11,
                "nrn_from": 5,
                "weight": 1.7440507068876752,
                "active": true
            },
            "67": {
                "active": true,
                "nrn_to": 66,
                "nrn_from": 5,
                "weight": 1.1849056155896136
            },
            "68": {
                "active": true,
                "nrn_to": 9,
                "nrn_from": 66,
                "weight": -0.0334086354964076
            },
            "20": {
                "nrn_to": 9,
                "nrn_from": 5,
                "weight": 0.015959742009940395,
                "active": false
            },
            "24": {
                "nrn_to": 11,
                "nrn_from": 2,
                "weight": -0.1399495656370832,
                "active": true
            },
            "26": {
                "nrn_to": 11,
                "nrn_from": 6,
                "weight": 0.8454646854383037,
                "active": true
            },
            "27": {
                "nrn_to": 10,
                "nrn_from": 3,
                "weight": -0.29660738637207346,
                "active": true
            },
            "15": {
                "nrn_to": 9,
                "nrn_from": 2,
                "weight": 0.10611643026182957,
                "active": true
            }
        }
    }
}