{
    "N hidden nrns": 0,
    "genome dict": {
        "neurons": {
            "0": {
                "type": "i",
                "bias": -0.09405716167948494
            },
            "1": {
                "type": "i",
                "bias": -0.3000219274993015
            },
            "2": {
                "type": "i",
                "bias": -0.03567046031373044
            },
            "3": {
                "type": "i",
                "bias": 0.09497767929792525
            },
            "4": {
                "type": "i",
                "bias": 0.4200571773428552
            },
            "5": {
                "type": "i",
                "bias": 0.2736669732262986
            },
            "6": {
                "type": "i",
                "bias": -0.3403140554785425
            },
            "7": {
                "type": "i",
                "bias": -0.07616964398042708
            },
            "8": {
                "type": "o",
                "bias": 0.3769459661990675
            },
            "9": {
                "type": "o",
                "bias": 0.13634861976854717
            },
            "10": {
                "type": "o",
                "bias": 0.05080262710042168
            },
            "11": {
                "type": "o",
                "bias": 0.14128990657173585
            }
        },
        "synapses": {
            "13": {
                "nrn_to": 8,
                "nrn_from": 3,
                "weight": 0.45873278221517294,
                "active": true
            },
            "14": {
                "nrn_to": 10,
                "nrn_from": 5,
                "weight": 0.18787791100658183,
                "active": false
            },
            "15": {
                "nrn_to": 9,
                "nrn_from": 6,
                "weight": -0.28710227200622557,
                "active": false
            },
            "16": {
                "nrn_to": 9,
                "nrn_from": 1,
                "weight": 0.07119462624975595,
                "active": false
            },
            "22": {
                "nrn_to": 8,
                "nrn_from": 0,
                "weight": 0.4180028545435999,
                "active": true
            },
            "23": {
                "nrn_to": 8,
                "nrn_from": 5,
                "weight": 0.3910713623663137,
                "active": true
            },
            "24": {
                "nrn_to": 8,
                "nrn_from": 1,
                "weight": -0.05149095616507722,
                "active": false
            },
            "25": {
                "nrn_to": 11,
                "nrn_from": 6,
                "weight": 0.1962960924827945,
                "active": false
            },
            "26": {
                "nrn_to": 9,
                "nrn_from": 0,
                "weight": 0.27989877377234895,
                "active": true
            },
            "28": {
                "nrn_to": 10,
                "nrn_from": 3,
                "weight": -0.9477131957975133,
                "active": true
            },
            "29": {
                "nrn_to": 11,
                "nrn_from": 2,
                "weight": 0.03368728624081939,
                "active": false
            },
            "32": {
                "nrn_to": 9,
                "nrn_from": 2,
                "weight": 0.6235658064676141,
                "active": true
            },
            "33": {
                "nrn_to": 10,
                "nrn_from": 7,
                "weight": -0.015450009555316249,
                "active": false
            },
            "35": {
                "nrn_to": 10,
                "nrn_from": 0,
                "weight": -0.037956308265393826,
                "active": false
            },
            "36": {
                "nrn_to": 11,
                "nrn_from": 4,
                "weight": 1.1777131131197613,
                "active": true
            },
            "37": {
                "nrn_to": 9,
                "nrn_from": 7,
                "weight": -0.17770113393169537,
                "active": true
            },
            "38": {
                "nrn_to": 11,
                "nrn_from": 5,
                "weight": 0.22467059407148854,
                "active": true
            },
            "39": {
                "nrn_to": 11,
                "nrn_from": 0,
                "weight": -0.5143594331271744,
                "active": true
            },
            "40": {
                "nrn_to": 8,
                "nrn_from": 4,
                "weight": -0.19201158720657538,
                "active": true
            },
            "41": {
                "nrn_to": 9,
                "nrn_from": 4,
                "weight": -0.8295186786127546,
                "active": true
            },
            "46": {
                "nrn_to": 10,
                "nrn_from": 6,
                "weight": 0.11848924083885719,
                "active": true
            },
            "27": {
                "nrn_to": 9,
                "nrn_from": 3,
                "weight": -0.29816730670775843,
                "active": true
            }
        }
    }
}