{
    "N hidden nrns": 0,
    "genome dict": {
        "neurons": {
            "0": {
                "type": "i",
                "bias": -0.18460475667898074
            },
            "1": {
                "type": "i",
                "bias": 0.04209444444250025
            },
            "2": {
                "type": "i",
                "bias": 0.194432639158406
            },
            "3": {
                "type": "i",
                "bias": -0.09604918105760234
            },
            "4": {
                "type": "i",
                "bias": 0.0028365567760370095
            },
            "5": {
                "type": "i",
                "bias": -0.0776837681015085
            },
            "6": {
                "type": "i",
                "bias": 0.18039231654302118
            },
            "7": {
                "type": "i",
                "bias": 0.2507440858181316
            },
            "8": {
                "type": "o",
                "bias": 0.20205515544335026
            },
            "9": {
                "type": "o",
                "bias": -0.05782161820396981
            },
            "10": {
                "type": "o",
                "bias": 0.06444497382033462
            },
            "11": {
                "type": "o",
                "bias": -0.02610318921974117
            }
        },
        "synapses": {
            "32": {
                "nrn_to": 9,
                "nrn_from": 2,
                "weight": 0.37508453867843816,
                "active": true
            },
            "33": {
                "nrn_to": 8,
                "nrn_from": 3,
                "weight": 0.1269131435009102,
                "active": true
            },
            "17": {
                "nrn_to": 9,
                "nrn_from": 1,
                "weight": -0.32986026849509587,
                "active": true
            },
            "37": {
                "nrn_to": 11,
                "nrn_from": 5,
                "weight": 0.5069719051409299,
                "active": true
            },
            "41": {
                "nrn_to": 11,
                "nrn_from": 3,
                "weight": 0.8806567230448824,
                "active": true
            },
            "26": {
                "nrn_to": 11,
                "nrn_from": 6,
                "weight": 0.01461350115311855,
                "active": false
            }
        }
    }
}