{
    "N hidden nrns": 0,
    "genome dict": {
        "neurons": {
            "0": {
                "type": "i",
                "bias": 0.03945614853073795
            },
            "1": {
                "type": "i",
                "bias": -0.08214840876744514
            },
            "2": {
                "type": "i",
                "bias": -0.006636789482792491
            },
            "3": {
                "type": "i",
                "bias": -0.05326318078461863
            },
            "4": {
                "type": "i",
                "bias": -0.3683168832307084
            },
            "5": {
                "type": "i",
                "bias": -0.4983608154024103
            },
            "6": {
                "type": "i",
                "bias": -0.04753678902402393
            },
            "7": {
                "type": "i",
                "bias": -0.083237940243646
            },
            "8": {
                "type": "o",
                "bias": -0.3247047882597313
            },
            "9": {
                "type": "o",
                "bias": 0.20283994216887802
            },
            "10": {
                "type": "o",
                "bias": 0.1353077297382685
            },
            "11": {
                "type": "o",
                "bias": 0.10324387487954644
            }
        },
        "synapses": {
            "13": {
                "nrn_to": 9,
                "nrn_from": 4,
                "weight": -0.3354735142354016,
                "active": true
            },
            "14": {
                "nrn_to": 8,
                "nrn_from": 5,
                "weight": 0.5374520100626854,
                "active": true
            },
            "17": {
                "nrn_to": 11,
                "nrn_from": 2,
                "weight": -0.35035556601057627,
                "active": true
            },
            "18": {
                "nrn_to": 9,
                "nrn_from": 3,
                "weight": 0.5599480594252491,
                "active": true
            },
            "21": {
                "nrn_to": 11,
                "nrn_from": 4,
                "weight": 0.5527452091482884,
                "active": true
            },
            "22": {
                "nrn_to": 11,
                "nrn_from": 0,
                "weight": 0.011207413514469095,
                "active": false
            },
            "24": {
                "nrn_to": 10,
                "nrn_from": 7,
                "weight": 0.23230687897716848,
                "active": false
            },
            "26": {
                "nrn_to": 11,
                "nrn_from": 7,
                "weight": 0.4841141741506467,
                "active": false
            },
            "27": {
                "nrn_to": 8,
                "nrn_from": 4,
                "weight": 0.07060650043812416,
                "active": true
            },
            "29": {
                "nrn_to": 8,
                "nrn_from": 7,
                "weight": 0.0923745128619459,
                "active": false
            },
            "31": {
                "nrn_to": 11,
                "nrn_from": 5,
                "weight": 2.025486485762357,
                "active": true
            },
            "32": {
                "nrn_to": 8,
                "nrn_from": 1,
                "weight": 0.2563060693960853,
                "active": true
            },
            "33": {
                "nrn_to": 10,
                "nrn_from": 5,
                "weight": -0.36769276615503954,
                "active": true
            },
            "34": {
                "nrn_to": 8,
                "nrn_from": 6,
                "weight": -0.34825880319487623,
                "active": true
            },
            "35": {
                "nrn_to": 11,
                "nrn_from": 6,
                "weight": 0.15187311860596203,
                "active": false
            },
            "37": {
                "nrn_to": 8,
                "nrn_from": 2,
                "weight": -0.06000919463089076,
                "active": false
            },
            "39": {
                "nrn_to": 10,
                "nrn_from": 1,
                "weight": 0.08015874948210612,
                "active": true
            },
            "43": {
                "nrn_to": 9,
                "nrn_from": 1,
                "weight": 0.37610061433211533,
                "active": true
            }
        }
    }
}