{
    "N hidden nrns": 0,
    "genome dict": {
        "neurons": {
            "0": {
                "type": "i",
                "bias": -0.1413720061534783
            },
            "1": {
                "type": "i",
                "bias": -0.1786819704314523
            },
            "2": {
                "type": "i",
                "bias": -0.007699364039946158
            },
            "3": {
                "type": "i",
                "bias": -0.44115806564109483
            },
            "4": {
                "type": "i",
                "bias": 1.0160444183821544
            },
            "5": {
                "type": "i",
                "bias": -0.16501268472341132
            },
            "6": {
                "type": "i",
                "bias": 0.1314103436658102
            },
            "7": {
                "type": "i",
                "bias": -0.16625761040937495
            },
            "8": {
                "type": "o",
                "bias": 0.24104419579608993
            },
            "9": {
                "type": "o",
                "bias": 0.09629298893925986
            },
            "10": {
                "type": "o",
                "bias": 0.05200074867742391
            },
            "11": {
                "type": "o",
                "bias": 0.07049397823659345
            }
        },
        "synapses": {
            "38": {
                "nrn_to": 9,
                "nrn_from": 1,
                "weight": 0.06357243839213463,
                "active": true
            },
            "41": {
                "nrn_to": 11,
                "nrn_from": 7,
                "weight": -0.6827474358565304,
                "active": true
            },
            "42": {
                "nrn_to": 8,
                "nrn_from": 1,
                "weight": -0.45330283837009633,
                "active": true
            },
            "43": {
                "nrn_to": 11,
                "nrn_from": 2,
                "weight": -0.6292994162450974,
                "active": true
            },
            "18": {
                "nrn_to": 11,
                "nrn_from": 4,
                "weight": 1.4419662999341472,
                "active": true
            },
            "19": {
                "nrn_to": 10,
                "nrn_from": 3,
                "weight": -0.2905523955981052,
                "active": true
            },
            "21": {
                "nrn_to": 9,
                "nrn_from": 6,
                "weight": -0.38646494349963456,
                "active": true
            },
            "22": {
                "nrn_to": 8,
                "nrn_from": 3,
                "weight": 2.727733648257953,
                "active": true
            },
            "23": {
                "nrn_to": 11,
                "nrn_from": 5,
                "weight": 0.6071885123845825,
                "active": true
            },
            "24": {
                "nrn_to": 9,
                "nrn_from": 3,
                "weight": -0.05251772644254502,
                "active": false
            },
            "27": {
                "nrn_to": 9,
                "nrn_from": 5,
                "weight": -0.21438805438507172,
                "active": true
            },
            "28": {
                "nrn_to": 11,
                "nrn_from": 0,
                "weight": -1.0889356459369675,
                "active": true
            },
            "30": {
                "nrn_to": 8,
                "nrn_from": 5,
                "weight": -0.4589056312064353,
                "active": false
            },
            "31": {
                "nrn_to": 8,
                "nrn_from": 0,
                "weight": -0.16016710520098715,
                "active": false
            }
        }
    }
}