{
    "N hidden nrns": 0,
    "genome dict": {
        "neurons": {
            "0": {
                "type": "i",
                "bias": 0.2526053320890489
            },
            "1": {
                "type": "i",
                "bias": -0.07391412006483211
            },
            "2": {
                "type": "i",
                "bias": 0.707915593984784
            },
            "3": {
                "type": "i",
                "bias": -0.09347018510925169
            },
            "4": {
                "type": "i",
                "bias": 0.23863281253126511
            },
            "5": {
                "type": "i",
                "bias": -0.07145893899752931
            },
            "6": {
                "type": "i",
                "bias": -0.028112106760878303
            },
            "7": {
                "type": "i",
                "bias": 0.1315525626998061
            },
            "8": {
                "type": "o",
                "bias": -0.11945244875415727
            },
            "9": {
                "type": "o",
                "bias": -0.11330439879779275
            },
            "10": {
                "type": "o",
                "bias": -0.02769627851031145
            },
            "11": {
                "type": "o",
                "bias": 0.01816942343982171
            }
        },
        "synapses": {
            "16": {
                "nrn_to": 9,
                "nrn_from": 1,
                "weight": 0.207532051748199,
                "active": true
            },
            "33": {
                "nrn_to": 11,
                "nrn_from": 0,
                "weight": -0.043544496165240615,
                "active": true
            },
            "34": {
                "nrn_to": 11,
                "nrn_from": 7,
                "weight": 0.10412343455250861,
                "active": false
            },
            "39": {
                "nrn_to": 11,
                "nrn_from": 4,
                "weight": 1.0030874223266315,
                "active": true
            },
            "24": {
                "nrn_to": 10,
                "nrn_from": 3,
                "weight": -0.2305934535954825,
                "active": true
            },
            "29": {
                "nrn_to": 9,
                "nrn_from": 5,
                "weight": -0.4426833017283199,
                "active": true
            }
        }
    }
}