{
    "N hidden nrns": 0,
    "genome dict": {
        "neurons": {
            "0": {
                "type": "i",
                "bias": 0.07900484040438141
            },
            "1": {
                "type": "i",
                "bias": -0.1357805722327664
            },
            "2": {
                "type": "i",
                "bias": -0.10843389700588044
            },
            "3": {
                "type": "i",
                "bias": -0.289785779982275
            },
            "4": {
                "type": "i",
                "bias": 0.09116748484764965
            },
            "5": {
                "type": "i",
                "bias": -0.6540835749098955
            },
            "6": {
                "type": "i",
                "bias": 0.07398569365287129
            },
            "7": {
                "type": "i",
                "bias": -0.2931150879038008
            },
            "8": {
                "type": "o",
                "bias": 0.16168606662619844
            },
            "9": {
                "type": "o",
                "bias": 0.09274658951971977
            },
            "10": {
                "type": "o",
                "bias": 0.012027198771793621
            },
            "11": {
                "type": "o",
                "bias": 0.04882605241329749
            }
        },
        "synapses": {
            "41": {
                "nrn_to": 11,
                "nrn_from": 7,
                "weight": -0.3552487405068752,
                "active": true
            },
            "42": {
                "nrn_to": 8,
                "nrn_from": 1,
                "weight": -0.16712388152521088,
                "active": true
            },
            "43": {
                "nrn_to": 11,
                "nrn_from": 2,
                "weight": -0.22830757209382732,
                "active": true
            },
            "18": {
                "nrn_to": 11,
                "nrn_from": 4,
                "weight": 0.5439203615745787,
                "active": true
            },
            "19": {
                "nrn_to": 10,
                "nrn_from": 3,
                "weight": -0.3421177039830348,
                "active": true
            },
            "21": {
                "nrn_to": 9,
                "nrn_from": 6,
                "weight": -0.12181064230494926,
                "active": true
            },
            "22": {
                "nrn_to": 8,
                "nrn_from": 3,
                "weight": 0.8168565748716268,
                "active": true
            },
            "23": {
                "nrn_to": 11,
                "nrn_from": 5,
                "weight": 0.18179793237408975,
                "active": true
            },
            "24": {
                "nrn_to": 9,
                "nrn_from": 3,
                "weight": 0.1787220699312463,
                "active": true
            },
            "27": {
                "nrn_to": 9,
                "nrn_from": 5,
                "weight": -0.3062473446381629,
                "active": true
            },
            "28": {
                "nrn_to": 11,
                "nrn_from": 0,
                "weight": -0.4776192807933447,
                "active": true
            },
            "30": {
                "nrn_to": 8,
                "nrn_from": 5,
                "weight": -0.3130478054551149,
                "active": false
            },
            "32": {
                "nrn_to": 10,
                "nrn_from": 6,
                "weight": -0.33445644461056895,
                "active": true
            }
        }
    }
}