{
    "N hidden nrns": 0,
    "genome dict": {
        "neurons": {
            "0": {
                "type": "i",
                "bias": 0.0795191543931269
            },
            "1": {
                "type": "i",
                "bias": 0.019230205663628108
            },
            "2": {
                "type": "i",
                "bias": -0.12262883549357728
            },
            "3": {
                "type": "i",
                "bias": 0.45681132306266564
            },
            "4": {
                "type": "i",
                "bias": 0.2119103733576845
            },
            "5": {
                "type": "i",
                "bias": -0.048546869795968034
            },
            "6": {
                "type": "i",
                "bias": -0.20571755055147012
            },
            "7": {
                "type": "i",
                "bias": -0.44192851469343075
            },
            "8": {
                "type": "o",
                "bias": -0.27001829479664013
            },
            "9": {
                "type": "o",
                "bias": -0.10514072935923363
            },
            "10": {
                "type": "o",
                "bias": 0.05644307993472222
            },
            "11": {
                "type": "o",
                "bias": 0.01557547742091309
            }
        },
        "synapses": {
            "16": {
                "nrn_to": 8,
                "nrn_from": 1,
                "weight": 0.33719009229790065,
                "active": true
            },
            "23": {
                "nrn_to": 9,
                "nrn_from": 7,
                "weight": -0.17447851180927565,
                "active": true
            },
            "24": {
                "nrn_to": 9,
                "nrn_from": 4,
                "weight": -2.492052702742629,
                "active": true
            },
            "13": {
                "nrn_to": 11,
                "nrn_from": 0,
                "weight": -0.08495156465662973,
                "active": true
            },
            "15": {
                "nrn_to": 11,
                "nrn_from": 5,
                "weight": 0.32181143619237873,
                "active": true
            }
        }
    }
}