{
    "N hidden nrns": 0,
    "genome dict": {
        "neurons": {
            "0": {
                "type": "i",
                "bias": -0.3506117763160834
            },
            "1": {
                "type": "i",
                "bias": -0.029379366376598333
            },
            "2": {
                "type": "i",
                "bias": -0.014656578694540439
            },
            "3": {
                "type": "i",
                "bias": 0.44054508306187123
            },
            "4": {
                "type": "i",
                "bias": 0.1462255812995425
            },
            "5": {
                "type": "i",
                "bias": 0.6084973840719913
            },
            "6": {
                "type": "i",
                "bias": -0.24547449521033865
            },
            "7": {
                "type": "i",
                "bias": -0.18336699700374987
            },
            "8": {
                "type": "o",
                "bias": -0.16807967120316517
            },
            "9": {
                "type": "o",
                "bias": 0.19646985848354637
            },
            "10": {
                "type": "o",
                "bias": 0.11716174397313374
            },
            "11": {
                "type": "o",
                "bias": 0.34440222072502086
            }
        },
        "synapses": {
            "65": {
                "nrn_to": 8,
                "nrn_from": 4,
                "weight": -1.3072775798020133,
                "active": true
            },
            "34": {
                "nrn_to": 10,
                "nrn_from": 7,
                "weight": -0.38211118764790736,
                "active": true
            },
            "35": {
                "nrn_to": 10,
                "nrn_from": 6,
                "weight": 0.42800132951759245,
                "active": true
            },
            "37": {
                "nrn_to": 10,
                "nrn_from": 3,
                "weight": -0.7168392658175826,
                "active": true
            },
            "42": {
                "nrn_to": 10,
                "nrn_from": 1,
                "weight": -0.07068636835858387,
                "active": true
            },
            "12": {
                "nrn_to": 11,
                "nrn_from": 7,
                "weight": 0.011463657878196129,
                "active": false
            },
            "13": {
                "nrn_to": 11,
                "nrn_from": 0,
                "weight": 0.42965300427673875,
                "active": false
            },
            "15": {
                "nrn_to": 11,
                "nrn_from": 5,
                "weight": 0.5425322236364356,
                "active": true
            },
            "16": {
                "nrn_to": 8,
                "nrn_from": 1,
                "weight": 0.37094291657338097,
                "active": false
            },
            "20": {
                "nrn_to": 8,
                "nrn_from": 6,
                "weight": -0.5658172679853828,
                "active": true
            },
            "22": {
                "nrn_to": 9,
                "nrn_from": 0,
                "weight": 0.5955839495809352,
                "active": true
            },
            "23": {
                "nrn_to": 9,
                "nrn_from": 7,
                "weight": -0.3185363822043997,
                "active": true
            },
            "24": {
                "nrn_to": 9,
                "nrn_from": 4,
                "weight": -1.178827423492726,
                "active": true
            },
            "26": {
                "nrn_to": 9,
                "nrn_from": 2,
                "weight": 0.23025034304283237,
                "active": true
            },
            "28": {
                "nrn_to": 11,
                "nrn_from": 3,
                "weight": 0.32424358431721223,
                "active": true
            }
        }
    }
}