{
    "N hidden nrns": 0,
    "genome dict": {
        "neurons": {
            "0": {
                "type": "i",
                "bias": -0.04748142463027831
            },
            "1": {
                "type": "i",
                "bias": -0.23486481007823645
            },
            "2": {
                "type": "i",
                "bias": 0.029148422818544108
            },
            "3": {
                "type": "i",
                "bias": -0.19879185860685958
            },
            "4": {
                "type": "i",
                "bias": 0.48320213041279664
            },
            "5": {
                "type": "i",
                "bias": 0.29256966936873696
            },
            "6": {
                "type": "i",
                "bias": -0.11482897195176021
            },
            "7": {
                "type": "i",
                "bias": -0.07536354226348059
            },
            "8": {
                "type": "o",
                "bias": 0.224333865322972
            },
            "9": {
                "type": "o",
                "bias": 0.13938263511006316
            },
            "10": {
                "type": "o",
                "bias": 0.15812942143235562
            },
            "11": {
                "type": "o",
                "bias": -0.06809904656740674
            }
        },
        "synapses": {
            "14": {
                "nrn_to": 10,
                "nrn_from": 5,
                "weight": 0.22130181916051106,
                "active": true
            },
            "15": {
                "nrn_to": 9,
                "nrn_from": 6,
                "weight": -0.13193674264561414,
                "active": false
            },
            "16": {
                "nrn_to": 9,
                "nrn_from": 1,
                "weight": -0.003038849662755541,
                "active": false
            },
            "24": {
                "nrn_to": 8,
                "nrn_from": 1,
                "weight": 0.2002531595821415,
                "active": true
            },
            "25": {
                "nrn_to": 11,
                "nrn_from": 6,
                "weight": 0.024263139509199116,
                "active": false
            },
            "26": {
                "nrn_to": 9,
                "nrn_from": 0,
                "weight": 0.010399208245534494,
                "active": true
            },
            "28": {
                "nrn_to": 10,
                "nrn_from": 3,
                "weight": -0.5551711721098994,
                "active": true
            },
            "29": {
                "nrn_to": 11,
                "nrn_from": 2,
                "weight": 0.10687799497400699,
                "active": false
            },
            "30": {
                "nrn_to": 10,
                "nrn_from": 1,
                "weight": -0.17919795816560763,
                "active": true
            },
            "32": {
                "nrn_to": 9,
                "nrn_from": 2,
                "weight": 0.5413938691698836,
                "active": true
            },
            "33": {
                "nrn_to": 10,
                "nrn_from": 7,
                "weight": -0.16616540790751835,
                "active": true
            },
            "35": {
                "nrn_to": 10,
                "nrn_from": 0,
                "weight": -0.10372861748109075,
                "active": false
            },
            "36": {
                "nrn_to": 11,
                "nrn_from": 4,
                "weight": 2.112357676395551,
                "active": true
            },
            "37": {
                "nrn_to": 9,
                "nrn_from": 7,
                "weight": -0.2218638813676818,
                "active": true
            },
            "39": {
                "nrn_to": 11,
                "nrn_from": 0,
                "weight": -0.28310307961730663,
                "active": true
            },
            "41": {
                "nrn_to": 9,
                "nrn_from": 4,
                "weight": -0.5180466086931753,
                "active": true
            }
        }
    }
}