{
    "N hidden nrns": 0,
    "genome dict": {
        "neurons": {
            "0": {
                "type": "i",
                "bias": 0.07111587921231916
            },
            "1": {
                "type": "i",
                "bias": 0.07071026757835708
            },
            "2": {
                "type": "i",
                "bias": 0.05150676397362185
            },
            "3": {
                "type": "i",
                "bias": 0.21569511178324624
            },
            "4": {
                "type": "i",
                "bias": 0.103373637582993
            },
            "5": {
                "type": "i",
                "bias": 0.13259709649713997
            },
            "6": {
                "type": "i",
                "bias": 0.02511468653951121
            },
            "7": {
                "type": "i",
                "bias": -0.052959386913243936
            },
            "8": {
                "type": "o",
                "bias": -0.2382990373389322
            },
            "9": {
                "type": "o",
                "bias": 0.05501223976901167
            },
            "10": {
                "type": "o",
                "bias": -0.04162277145213486
            },
            "11": {
                "type": "o",
                "bias": -0.04449149876032131
            }
        },
        "synapses": {
            "16": {
                "nrn_to": 8,
                "nrn_from": 5,
                "weight": -0.6884983946593897,
                "active": true
            },
            "20": {
                "nrn_to": 10,
                "nrn_from": 3,
                "weight": -0.361014559351065,
                "active": true
            },
            "22": {
                "nrn_to": 11,
                "nrn_from": 5,
                "weight": 2.0979206515556066,
                "active": true
            },
            "25": {
                "nrn_to": 11,
                "nrn_from": 1,
                "weight": 0.19327854782037918,
                "active": false
            },
            "42": {
                "nrn_to": 11,
                "nrn_from": 4,
                "weight": 0.8639284725422828,
                "active": true
            },
            "28": {
                "nrn_to": 8,
                "nrn_from": 4,
                "weight": 0.0050673270119514086,
                "active": false
            },
            "46": {
                "nrn_to": 11,
                "nrn_from": 0,
                "weight": -0.6681783623282362,
                "active": true
            }
        }
    }
}