{
    "N hidden nrns": 0,
    "genome dict": {
        "neurons": {
            "0": {
                "type": "i",
                "bias": 0.06987864394542916
            },
            "1": {
                "type": "i",
                "bias": 0.004945140667640749
            },
            "2": {
                "type": "i",
                "bias": 0.10430110664321347
            },
            "3": {
                "type": "i",
                "bias": -0.0702998839084675
            },
            "4": {
                "type": "i",
                "bias": 0.4084786604636825
            },
            "5": {
                "type": "i",
                "bias": 0.33018613214819625
            },
            "6": {
                "type": "i",
                "bias": -0.030913039717538324
            },
            "7": {
                "type": "i",
                "bias": -0.07155893093773767
            },
            "8": {
                "type": "o",
                "bias": 0.11392728514050426
            },
            "9": {
                "type": "o",
                "bias": 0.0623962638528288
            },
            "10": {
                "type": "o",
                "bias": 0.039887113694391685
            },
            "11": {
                "type": "o",
                "bias": -0.10595601584262701
            }
        },
        "synapses": {
            "33": {
                "nrn_to": 10,
                "nrn_from": 7,
                "weight": -0.2266146258406673,
                "active": true
            },
            "35": {
                "nrn_to": 10,
                "nrn_from": 0,
                "weight": -0.031404130762920035,
                "active": false
            },
            "36": {
                "nrn_to": 11,
                "nrn_from": 4,
                "weight": 2.133012429030465,
                "active": true
            },
            "37": {
                "nrn_to": 9,
                "nrn_from": 7,
                "weight": -0.4614667340831935,
                "active": true
            },
            "39": {
                "nrn_to": 11,
                "nrn_from": 0,
                "weight": -0.1670055476097451,
                "active": true
            },
            "14": {
                "nrn_to": 10,
                "nrn_from": 5,
                "weight": 0.2716440882783732,
                "active": true
            },
            "15": {
                "nrn_to": 9,
                "nrn_from": 6,
                "weight": -0.28928010962612666,
                "active": true
            },
            "16": {
                "nrn_to": 9,
                "nrn_from": 1,
                "weight": -0.02534520761925511,
                "active": false
            },
            "24": {
                "nrn_to": 8,
                "nrn_from": 1,
                "weight": 0.18310019334777627,
                "active": true
            },
            "25": {
                "nrn_to": 11,
                "nrn_from": 6,
                "weight": -0.019993099362004427,
                "active": false
            },
            "28": {
                "nrn_to": 10,
                "nrn_from": 3,
                "weight": -0.29642343958246503,
                "active": true
            },
            "29": {
                "nrn_to": 11,
                "nrn_from": 2,
                "weight": 0.044678238378779066,
                "active": false
            }
        }
    }
}