{
    "N hidden nrns": 0,
    "genome dict": {
        "neurons": {
            "0": {
                "type": "i",
                "bias": 0.11554070466095533
            },
            "1": {
                "type": "i",
                "bias": -0.014691019557411105
            },
            "2": {
                "type": "i",
                "bias": 0.010306777215220372
            },
            "3": {
                "type": "i",
                "bias": -0.0956979747806896
            },
            "4": {
                "type": "i",
                "bias": -0.06149809078511437
            },
            "5": {
                "type": "i",
                "bias": -0.050793227491541575
            },
            "6": {
                "type": "i",
                "bias": 0.06277840817045277
            },
            "7": {
                "type": "i",
                "bias": -0.045035708200099396
            },
            "8": {
                "type": "o",
                "bias": 0.02390867748688606
            },
            "9": {
                "type": "o",
                "bias": 0.0013714164244977367
            },
            "10": {
                "type": "o",
                "bias": 0.04473097449713066
            },
            "11": {
                "type": "o",
                "bias": 0.028947997860736974
            }
        },
        "synapses": {
            "40": {
                "nrn_to": 8,
                "nrn_from": 3,
                "weight": 0.3304292096214074,
                "active": true
            },
            "19": {
                "nrn_to": 8,
                "nrn_from": 6,
                "weight": 0.16831095314445926,
                "active": true
            },
            "21": {
                "nrn_to": 8,
                "nrn_from": 1,
                "weight": 0.068219035100971,
                "active": true
            },
            "22": {
                "nrn_to": 9,
                "nrn_from": 4,
                "weight": -0.5389325552748828,
                "active": true
            }
        }
    }
}