{
    "N hidden nrns": 1,
    "genome dict": {
        "neurons": {
            "0": {
                "type": "i",
                "bias": 0.011503963469482334
            },
            "1": {
                "type": "i",
                "bias": -0.11511354763808558
            },
            "2": {
                "type": "i",
                "bias": -0.31531175614565343
            },
            "3": {
                "type": "i",
                "bias": 0.19564871429904596
            },
            "4": {
                "type": "i",
                "bias": 0.17926044348145845
            },
            "5": {
                "type": "i",
                "bias": 0.04309966112150686
            },
            "6": {
                "type": "i",
                "bias": -0.008581975394187355
            },
            "7": {
                "type": "i",
                "bias": 0.32026519392378006
            },
            "8": {
                "type": "o",
                "bias": 0.12028666598951315
            },
            "9": {
                "type": "o",
                "bias": 0.08367456851312428
            },
            "10": {
                "type": "o",
                "bias": 0.1422343496788517
            },
            "11": {
                "type": "o",
                "bias": 0.1358768119141247
            },
            "84": {
                "type": "h",
                "bias": 0.05203388667689335
            }
        },
        "synapses": {
            "35": {
                "nrn_to": 11,
                "nrn_from": 6,
                "weight": 0.827177879989518,
                "active": true
            },
            "37": {
                "nrn_to": 10,
                "nrn_from": 6,
                "weight": 0.25059861523197574,
                "active": true
            },
            "42": {
                "nrn_to": 9,
                "nrn_from": 4,
                "weight": -1.2927783203889762,
                "active": true
            },
            "43": {
                "nrn_to": 8,
                "nrn_from": 6,
                "weight": 0.4352871432298736,
                "active": true
            },
            "12": {
                "nrn_to": 11,
                "nrn_from": 4,
                "weight": 0.32317287571327336,
                "active": false
            },
            "14": {
                "nrn_to": 11,
                "nrn_from": 5,
                "weight": 0.721468756101451,
                "active": true
            },
            "15": {
                "nrn_to": 10,
                "nrn_from": 3,
                "weight": -0.12135581193906858,
                "active": true
            },
            "85": {
                "active": true,
                "nrn_to": 84,
                "nrn_from": 4,
                "weight": 1.0047517835388466
            },
            "86": {
                "active": true,
                "nrn_to": 11,
                "nrn_from": 84,
                "weight": 0.47272285084585386
            },
            "23": {
                "nrn_to": 8,
                "nrn_from": 3,
                "weight": 0.3164902263366671,
                "active": true
            },
            "26": {
                "nrn_to": 9,
                "nrn_from": 1,
                "weight": 0.29862067002552284,
                "active": true
            },
            "28": {
                "nrn_to": 11,
                "nrn_from": 3,
                "weight": 0.023476312472757457,
                "active": true
            },
            "110": {
                "nrn_to": 84,
                "nrn_from": 5,
                "weight": 0.08030306169642672,
                "active": false
            }
        }
    }
}