{
    "N hidden nrns": 0,
    "genome dict": {
        "neurons": {
            "0": {
                "type": "i",
                "bias": -0.027387020992894973
            },
            "1": {
                "type": "i",
                "bias": -0.056271134282245235
            },
            "2": {
                "type": "i",
                "bias": -0.09681706784593437
            },
            "3": {
                "type": "i",
                "bias": 0.19160232621065965
            },
            "4": {
                "type": "i",
                "bias": 0.17566653355319456
            },
            "5": {
                "type": "i",
                "bias": 0.02496191920478912
            },
            "6": {
                "type": "i",
                "bias": 0.12989982882244255
            },
            "7": {
                "type": "i",
                "bias": 0.19020430763864887
            },
            "8": {
                "type": "o",
                "bias": 0.21983626357210234
            },
            "9": {
                "type": "o",
                "bias": 0.07520056878333098
            },
            "10": {
                "type": "o",
                "bias": 0.11261788770070923
            },
            "11": {
                "type": "o",
                "bias": 0.04782594461421037
            }
        },
        "synapses": {
            "35": {
                "nrn_to": 11,
                "nrn_from": 6,
                "weight": 0.8723526801601709,
                "active": true
            },
            "37": {
                "nrn_to": 10,
                "nrn_from": 6,
                "weight": 0.3397831166798419,
                "active": true
            },
            "42": {
                "nrn_to": 9,
                "nrn_from": 4,
                "weight": -1.2927783203889762,
                "active": true
            },
            "43": {
                "nrn_to": 8,
                "nrn_from": 6,
                "weight": 0.7818130525316235,
                "active": true
            },
            "12": {
                "nrn_to": 11,
                "nrn_from": 4,
                "weight": 0.4502987285406311,
                "active": true
            },
            "14": {
                "nrn_to": 11,
                "nrn_from": 5,
                "weight": 0.5370797420853661,
                "active": true
            },
            "15": {
                "nrn_to": 10,
                "nrn_from": 3,
                "weight": -0.06271468435013272,
                "active": true
            },
            "23": {
                "nrn_to": 8,
                "nrn_from": 3,
                "weight": 0.3399911601131779,
                "active": true
            },
            "26": {
                "nrn_to": 9,
                "nrn_from": 1,
                "weight": 0.28471931427080654,
                "active": true
            }
        }
    }
}