{
    "N hidden nrns": 0,
    "genome dict": {
        "neurons": {
            "0": {
                "type": "i",
                "bias": 0.011026576692931778
            },
            "1": {
                "type": "i",
                "bias": 0.06124168873396657
            },
            "2": {
                "type": "i",
                "bias": -0.14944680932637036
            },
            "3": {
                "type": "i",
                "bias": 0.012466140632697055
            },
            "4": {
                "type": "i",
                "bias": 0.23860047682530505
            },
            "5": {
                "type": "i",
                "bias": 0.10833130618717521
            },
            "6": {
                "type": "i",
                "bias": -0.06768171644237163
            },
            "7": {
                "type": "i",
                "bias": 0.00831348800098548
            },
            "8": {
                "type": "o",
                "bias": 0.03784432230559316
            },
            "9": {
                "type": "o",
                "bias": 0.07441842360087646
            },
            "10": {
                "type": "o",
                "bias": -0.007540516559763691
            },
            "11": {
                "type": "o",
                "bias": 0.013079395360773327
            }
        },
        "synapses": {
            "24": {
                "nrn_to": 9,
                "nrn_from": 7,
                "weight": 0.05133103307425607,
                "active": true
            },
            "33": {
                "nrn_to": 10,
                "nrn_from": 3,
                "weight": -0.263346856670411,
                "active": true
            },
            "42": {
                "nrn_to": 8,
                "nrn_from": 1,
                "weight": -0.0140051691947415,
                "active": true
            },
            "22": {
                "nrn_to": 11,
                "nrn_from": 5,
                "weight": 1.6752068016833959,
                "active": true
            }
        }
    }
}