{
    "N hidden nrns": 1,
    "genome dict": {
        "neurons": {
            "0": {
                "type": "i",
                "bias": -0.13815056976726034
            },
            "1": {
                "type": "i",
                "bias": 0.0243548355585433
            },
            "2": {
                "type": "i",
                "bias": 0.12442312388057573
            },
            "3": {
                "type": "i",
                "bias": 0.09801254569157045
            },
            "4": {
                "type": "i",
                "bias": 1.3018729043440698
            },
            "5": {
                "type": "i",
                "bias": -0.061552161337405306
            },
            "6": {
                "type": "i",
                "bias": -0.32070091038299975
            },
            "7": {
                "type": "i",
                "bias": 0.46966650859627285
            },
            "8": {
                "type": "o",
                "bias": 0.02794661603001964
            },
            "9": {
                "type": "o",
                "bias": -0.4355718762708187
            },
            "10": {
                "type": "o",
                "bias": 0.04873691120423261
            },
            "11": {
                "type": "o",
                "bias": -0.03267744790625642
            },
            "44": {
                "type": "h",
                "bias": -0.024549662005759944
            }
        },
        "synapses": {
            "33": {
                "nrn_to": 10,
                "nrn_from": 3,
                "weight": -0.09167891358063066,
                "active": true
            },
            "37": {
                "nrn_to": 8,
                "nrn_from": 6,
                "weight": 0.4671602251810177,
                "active": true
            },
            "12": {
                "nrn_to": 9,
                "nrn_from": 6,
                "weight": 0.30197029524491503,
                "active": true
            },
            "45": {
                "active": true,
                "nrn_to": 44,
                "nrn_from": 6,
                "weight": 0.3076083573296483
            },
            "46": {
                "active": true,
                "nrn_to": 11,
                "nrn_from": 44,
                "weight": 0.4812771430436473
            },
            "50": {
                "nrn_to": 44,
                "nrn_from": 7,
                "weight": -1.443300214374212,
                "active": true
            },
            "19": {
                "nrn_to": 11,
                "nrn_from": 6,
                "weight": 1.1706308241933012,
                "active": false
            },
            "51": {
                "nrn_to": 44,
                "nrn_from": 4,
                "weight": 0.9289438359366483,
                "active": true
            },
            "26": {
                "nrn_to": 8,
                "nrn_from": 1,
                "weight": 0.04497603713337014,
                "active": false
            },
            "28": {
                "nrn_to": 9,
                "nrn_from": 1,
                "weight": 0.47321556595099024,
                "active": true
            },
            "31": {
                "nrn_to": 11,
                "nrn_from": 4,
                "weight": -0.022332732960646837,
                "active": false
            },
            "65": {
                "nrn_to": 44,
                "nrn_from": 0,
                "weight": -0.3209145431844773,
                "active": true
            }
        }
    }
}