{
    "N hidden nrns": 0,
    "genome dict": {
        "neurons": {
            "0": {
                "type": "i",
                "bias": 0.03793143487787102
            },
            "1": {
                "type": "i",
                "bias": -0.07272974009143637
            },
            "2": {
                "type": "i",
                "bias": -0.09488411630409405
            },
            "3": {
                "type": "i",
                "bias": -0.1854796165243257
            },
            "4": {
                "type": "i",
                "bias": 0.11090597737163646
            },
            "5": {
                "type": "i",
                "bias": -0.3209276064501508
            },
            "6": {
                "type": "i",
                "bias": 0.06487533135329843
            },
            "7": {
                "type": "i",
                "bias": -0.1415751365727172
            },
            "8": {
                "type": "o",
                "bias": 0.2365944417968775
            },
            "9": {
                "type": "o",
                "bias": 0.07691470254383118
            },
            "10": {
                "type": "o",
                "bias": 0.11660062280240481
            },
            "11": {
                "type": "o",
                "bias": -0.02102963411644024
            }
        },
        "synapses": {
            "18": {
                "nrn_to": 11,
                "nrn_from": 4,
                "weight": 0.7590342849339868,
                "active": true
            },
            "21": {
                "nrn_to": 9,
                "nrn_from": 6,
                "weight": 0.09970448273801856,
                "active": true
            },
            "22": {
                "nrn_to": 8,
                "nrn_from": 3,
                "weight": 0.6737064068966196,
                "active": true
            },
            "27": {
                "nrn_to": 9,
                "nrn_from": 5,
                "weight": -0.04555099000193617,
                "active": true
            },
            "43": {
                "nrn_to": 11,
                "nrn_from": 2,
                "weight": -0.36498108069270163,
                "active": true
            },
            "30": {
                "nrn_to": 8,
                "nrn_from": 5,
                "weight": -0.040180419305944855,
                "active": false
            },
            "23": {
                "nrn_to": 11,
                "nrn_from": 5,
                "weight": 0.004151761832878951,
                "active": true
            }
        }
    }
}