{
    "N hidden nrns": 0,
    "genome dict": {
        "neurons": {
            "0": {
                "type": "i",
                "bias": -0.27100634095664744
            },
            "1": {
                "type": "i",
                "bias": -0.034180478464745895
            },
            "2": {
                "type": "i",
                "bias": 0.3580562459308149
            },
            "3": {
                "type": "i",
                "bias": -0.11431824396878161
            },
            "4": {
                "type": "i",
                "bias": 0.08221205454244454
            },
            "5": {
                "type": "i",
                "bias": 0.02432059538539301
            },
            "6": {
                "type": "i",
                "bias": -0.012200226800603873
            },
            "7": {
                "type": "i",
                "bias": 0.024344271372197426
            },
            "8": {
                "type": "o",
                "bias": -0.04889058860272034
            },
            "9": {
                "type": "o",
                "bias": 0.017262040359053134
            },
            "10": {
                "type": "o",
                "bias": 0.027757275227969336
            },
            "11": {
                "type": "o",
                "bias": 0.08231326769367714
            }
        },
        "synapses": {
            "33": {
                "nrn_to": 10,
                "nrn_from": 3,
                "weight": -0.3954597342891521,
                "active": true
            },
            "34": {
                "nrn_to": 10,
                "nrn_from": 7,
                "weight": 0.04179602941801923,
                "active": false
            },
            "41": {
                "nrn_to": 8,
                "nrn_from": 7,
                "weight": 0.1155424375591047,
                "active": true
            },
            "13": {
                "nrn_to": 8,
                "nrn_from": 1,
                "weight": 0.853682923101764,
                "active": false
            },
            "15": {
                "nrn_to": 9,
                "nrn_from": 7,
                "weight": -0.2278973524470962,
                "active": true
            },
            "26": {
                "nrn_to": 9,
                "nrn_from": 2,
                "weight": 0.36496513834444794,
                "active": true
            },
            "28": {
                "nrn_to": 8,
                "nrn_from": 6,
                "weight": 0.1204862673881785,
                "active": true
            },
            "31": {
                "nrn_to": 9,
                "nrn_from": 4,
                "weight": -1.2657046269613605,
                "active": true
            }
        }
    }
}