{
    "N hidden nrns": 0,
    "genome dict": {
        "neurons": {
            "0": {
                "type": "i",
                "bias": 0.2728096156432831
            },
            "1": {
                "type": "i",
                "bias": 0.05823948804081823
            },
            "2": {
                "type": "i",
                "bias": -0.1971375413275225
            },
            "3": {
                "type": "i",
                "bias": 0.010800089420281753
            },
            "4": {
                "type": "i",
                "bias": 0.013209240757614149
            },
            "5": {
                "type": "i",
                "bias": 0.04837143434174623
            },
            "6": {
                "type": "i",
                "bias": -0.17672717630052848
            },
            "7": {
                "type": "i",
                "bias": 0.06937789620723347
            },
            "8": {
                "type": "o",
                "bias": 0.015584734209505
            },
            "9": {
                "type": "o",
                "bias": 0.09266284583502563
            },
            "10": {
                "type": "o",
                "bias": -0.03881978728906391
            },
            "11": {
                "type": "o",
                "bias": -0.0052337990195225805
            }
        },
        "synapses": {
            "33": {
                "nrn_to": 10,
                "nrn_from": 3,
                "weight": -0.24246613764974007,
                "active": true
            },
            "19": {
                "nrn_to": 9,
                "nrn_from": 2,
                "weight": 0.08822155197845401,
                "active": true
            },
            "22": {
                "nrn_to": 11,
                "nrn_from": 5,
                "weight": 3.0,
                "active": true
            },
            "23": {
                "nrn_to": 8,
                "nrn_from": 4,
                "weight": -0.13361610720328448,
                "active": true
            },
            "24": {
                "nrn_to": 9,
                "nrn_from": 7,
                "weight": 0.24597299965568584,
                "active": false
            },
            "42": {
                "nrn_to": 8,
                "nrn_from": 1,
                "weight": -0.061840162708695155,
                "active": false
            },
            "12": {
                "nrn_to": 10,
                "nrn_from": 6,
                "weight": 1.532221887108008,
                "active": true
            },
            "46": {
                "nrn_to": 11,
                "nrn_from": 6,
                "weight": -0.27468617761995745,
                "active": true
            }
        }
    }
}