{
    "N hidden nrns": 0,
    "genome dict": {
        "neurons": {
            "0": {
                "type": "i",
                "bias": -0.16991958322725398
            },
            "1": {
                "type": "i",
                "bias": 0.24530917946225966
            },
            "2": {
                "type": "i",
                "bias": -0.07700923587914961
            },
            "3": {
                "type": "i",
                "bias": 0.017436931703643552
            },
            "4": {
                "type": "i",
                "bias": 0.3302803025310219
            },
            "5": {
                "type": "i",
                "bias": 0.6111577368929113
            },
            "6": {
                "type": "i",
                "bias": -0.1958749411936687
            },
            "7": {
                "type": "i",
                "bias": 0.35327198160127166
            },
            "8": {
                "type": "o",
                "bias": -0.28138404748142976
            },
            "9": {
                "type": "o",
                "bias": -0.04408634961916373
            },
            "10": {
                "type": "o",
                "bias": 0.07126030958300578
            },
            "11": {
                "type": "o",
                "bias": 0.05459937894142326
            }
        },
        "synapses": {
            "32": {
                "nrn_to": 8,
                "nrn_from": 1,
                "weight": 0.3799453313913395,
                "active": true
            },
            "37": {
                "nrn_to": 11,
                "nrn_from": 0,
                "weight": -0.25698187550983814,
                "active": true
            },
            "39": {
                "nrn_to": 9,
                "nrn_from": 5,
                "weight": -0.09086022136053704,
                "active": true
            },
            "12": {
                "nrn_to": 9,
                "nrn_from": 7,
                "weight": 0.20268892457712392,
                "active": true
            },
            "13": {
                "nrn_to": 9,
                "nrn_from": 4,
                "weight": -0.23136772694194874,
                "active": true
            },
            "14": {
                "nrn_to": 9,
                "nrn_from": 0,
                "weight": 0.11722254708938018,
                "active": true
            },
            "16": {
                "nrn_to": 11,
                "nrn_from": 4,
                "weight": 1.2466466025853902,
                "active": true
            },
            "17": {
                "nrn_to": 8,
                "nrn_from": 7,
                "weight": -0.2582713371028966,
                "active": true
            },
            "18": {
                "nrn_to": 10,
                "nrn_from": 7,
                "weight": -0.6410099682431178,
                "active": true
            },
            "20": {
                "nrn_to": 11,
                "nrn_from": 1,
                "weight": -0.12904972148037605,
                "active": false
            },
            "22": {
                "nrn_to": 11,
                "nrn_from": 3,
                "weight": 0.008652874509275599,
                "active": false
            },
            "54": {
                "nrn_to": 9,
                "nrn_from": 1,
                "weight": 0.08475496649500183,
                "active": true
            },
            "28": {
                "nrn_to": 8,
                "nrn_from": 2,
                "weight": 0.10316879675007602,
                "active": true
            },
            "31": {
                "nrn_to": 8,
                "nrn_from": 5,
                "weight": -0.3493575526299478,
                "active": true
            },
            "24": {
                "nrn_to": 11,
                "nrn_from": 6,
                "weight": -0.17480612542583757,
                "active": true
            }
        }
    }
}