{
    "N hidden nrns": 0,
    "genome dict": {
        "neurons": {
            "0": {
                "type": "i",
                "bias": 0.5313385369933877
            },
            "1": {
                "type": "i",
                "bias": 0.29281479071058875
            },
            "2": {
                "type": "i",
                "bias": 0.19592626359378523
            },
            "3": {
                "type": "i",
                "bias": -0.006780058110484911
            },
            "4": {
                "type": "i",
                "bias": -0.09791738904884037
            },
            "5": {
                "type": "i",
                "bias": -0.05509858172103191
            },
            "6": {
                "type": "i",
                "bias": 0.5994103535897799
            },
            "7": {
                "type": "i",
                "bias": -0.28242378496825893
            },
            "8": {
                "type": "o",
                "bias": -0.08500495978289103
            },
            "9": {
                "type": "o",
                "bias": 0.13937798507872548
            },
            "10": {
                "type": "o",
                "bias": 0.018007587489782803
            },
            "11": {
                "type": "o",
                "bias": 0.06587286036989808
            }
        },
        "synapses": {
            "48": {
                "nrn_to": 10,
                "nrn_from": 3,
                "weight": -0.33509727377386617,
                "active": true
            },
            "33": {
                "nrn_to": 11,
                "nrn_from": 5,
                "weight": 0.6503285896914982,
                "active": true
            },
            "22": {
                "nrn_to": 8,
                "nrn_from": 1,
                "weight": 0.18232405162913995,
                "active": false
            },
            "23": {
                "nrn_to": 11,
                "nrn_from": 4,
                "weight": 0.6430495014565777,
                "active": true
            },
            "12": {
                "nrn_to": 10,
                "nrn_from": 4,
                "weight": -0.1242198469726985,
                "active": true
            },
            "45": {
                "nrn_to": 9,
                "nrn_from": 2,
                "weight": 0.4416239145143959,
                "active": true
            }
        }
    }
}