{
    "N hidden nrns": 2,
    "genome dict": {
        "neurons": {
            "0": {
                "type": "i",
                "bias": 0.02855210213297464
            },
            "1": {
                "type": "i",
                "bias": -0.3253595432773143
            },
            "2": {
                "type": "i",
                "bias": 0.014936336344095275
            },
            "3": {
                "type": "i",
                "bias": -0.15811460707133962
            },
            "4": {
                "type": "i",
                "bias": 0.06340117213487728
            },
            "5": {
                "type": "i",
                "bias": -0.1197775346594762
            },
            "6": {
                "type": "i",
                "bias": 0.07909093773600923
            },
            "7": {
                "type": "i",
                "bias": -0.07067635965252714
            },
            "8": {
                "type": "o",
                "bias": 0.16861166327676852
            },
            "9": {
                "type": "o",
                "bias": -0.010195384908860641
            },
            "10": {
                "type": "o",
                "bias": 0.1035371157087884
            },
            "11": {
                "type": "o",
                "bias": -0.013222140026079035
            },
            "77": {
                "type": "h",
                "bias": 0.0
            },
            "48": {
                "type": "h",
                "bias": -0.019733706134945538
            }
        },
        "synapses": {
            "36": {
                "nrn_to": 8,
                "nrn_from": 3,
                "weight": 0.2622563380895625,
                "active": true
            },
            "37": {
                "nrn_to": 11,
                "nrn_from": 5,
                "weight": 1.994241420307945,
                "active": true
            },
            "76": {
                "nrn_to": 48,
                "nrn_from": 6,
                "weight": 0.10161125534457786,
                "active": true
            },
            "78": {
                "active": true,
                "nrn_to": 77,
                "nrn_from": 7,
                "weight": 1.0397869807232931
            },
            "79": {
                "active": false,
                "nrn_to": 48,
                "nrn_from": 77,
                "weight": 0.27821239087770716
            },
            "14": {
                "nrn_to": 11,
                "nrn_from": 2,
                "weight": -0.320345681833467,
                "active": true
            },
            "49": {
                "active": true,
                "nrn_to": 48,
                "nrn_from": 5,
                "weight": 0.8929954485633831
            },
            "50": {
                "active": true,
                "nrn_to": 11,
                "nrn_from": 48,
                "weight": 1.1889977865925185
            },
            "51": {
                "nrn_to": 48,
                "nrn_from": 7,
                "weight": 0.29957523153840865,
                "active": false
            },
            "22": {
                "nrn_to": 8,
                "nrn_from": 1,
                "weight": 0.2135922816028756,
                "active": true
            },
            "31": {
                "nrn_to": 9,
                "nrn_from": 0,
                "weight": 0.2900019702329529,
                "active": true
            }
        }
    }
}