{
    "N hidden nrns": 0,
    "genome dict": {
        "neurons": {
            "0": {
                "type": "i",
                "bias": 0.06109307304571558
            },
            "1": {
                "type": "i",
                "bias": -0.045974992987644486
            },
            "2": {
                "type": "i",
                "bias": -0.08483836876572748
            },
            "3": {
                "type": "i",
                "bias": 0.06980253242992365
            },
            "4": {
                "type": "i",
                "bias": -0.4719819666564352
            },
            "5": {
                "type": "i",
                "bias": -0.5973363063969275
            },
            "6": {
                "type": "i",
                "bias": -0.09276688631489605
            },
            "7": {
                "type": "i",
                "bias": -0.15029976577956294
            },
            "8": {
                "type": "o",
                "bias": -0.3385281688224778
            },
            "9": {
                "type": "o",
                "bias": 0.2095455251352898
            },
            "10": {
                "type": "o",
                "bias": 0.1274552232760148
            },
            "11": {
                "type": "o",
                "bias": 0.12903353359855635
            }
        },
        "synapses": {
            "13": {
                "nrn_to": 9,
                "nrn_from": 4,
                "weight": -0.45877037037959406,
                "active": true
            },
            "14": {
                "nrn_to": 8,
                "nrn_from": 5,
                "weight": 0.5374520100626854,
                "active": true
            },
            "17": {
                "nrn_to": 11,
                "nrn_from": 2,
                "weight": -0.4007609789916471,
                "active": true
            },
            "18": {
                "nrn_to": 9,
                "nrn_from": 3,
                "weight": 0.504104659320523,
                "active": true
            },
            "21": {
                "nrn_to": 11,
                "nrn_from": 4,
                "weight": 0.5018141081486026,
                "active": true
            },
            "22": {
                "nrn_to": 11,
                "nrn_from": 0,
                "weight": 0.001450000417318454,
                "active": true
            },
            "24": {
                "nrn_to": 10,
                "nrn_from": 7,
                "weight": 0.23621524671539246,
                "active": false
            },
            "26": {
                "nrn_to": 11,
                "nrn_from": 7,
                "weight": 0.6950588182560278,
                "active": false
            },
            "27": {
                "nrn_to": 8,
                "nrn_from": 4,
                "weight": 0.06985576295457133,
                "active": true
            },
            "29": {
                "nrn_to": 8,
                "nrn_from": 7,
                "weight": 0.1847490257238918,
                "active": true
            },
            "31": {
                "nrn_to": 11,
                "nrn_from": 5,
                "weight": 1.9961486282521288,
                "active": true
            },
            "32": {
                "nrn_to": 8,
                "nrn_from": 1,
                "weight": 0.3060178539830181,
                "active": true
            },
            "33": {
                "nrn_to": 10,
                "nrn_from": 5,
                "weight": -0.5343730746065988,
                "active": true
            },
            "34": {
                "nrn_to": 8,
                "nrn_from": 6,
                "weight": -0.34825880319487623,
                "active": true
            },
            "35": {
                "nrn_to": 11,
                "nrn_from": 6,
                "weight": 0.18575315640554801,
                "active": false
            },
            "37": {
                "nrn_to": 8,
                "nrn_from": 2,
                "weight": -0.0738524769505634,
                "active": false
            },
            "39": {
                "nrn_to": 10,
                "nrn_from": 1,
                "weight": 0.09189316026376806,
                "active": true
            },
            "43": {
                "nrn_to": 9,
                "nrn_from": 1,
                "weight": 0.3825529828327667,
                "active": true
            }
        }
    }
}