{
    "N hidden nrns": 0,
    "genome dict": {
        "neurons": {
            "0": {
                "type": "i",
                "bias": -0.8993977324970602
            },
            "1": {
                "type": "i",
                "bias": 0.018780067647529403
            },
            "2": {
                "type": "i",
                "bias": -0.05042546436849472
            },
            "3": {
                "type": "i",
                "bias": -0.1967088683500275
            },
            "4": {
                "type": "i",
                "bias": 0.25594599681396923
            },
            "5": {
                "type": "i",
                "bias": 0.018000627069310993
            },
            "6": {
                "type": "i",
                "bias": 0.09705380318823946
            },
            "7": {
                "type": "i",
                "bias": 0.05257165395877045
            },
            "8": {
                "type": "o",
                "bias": 0.4039715460160712
            },
            "9": {
                "type": "o",
                "bias": 0.15810370172835855
            },
            "10": {
                "type": "o",
                "bias": 0.13901842848628804
            },
            "11": {
                "type": "o",
                "bias": 0.026546813203415176
            }
        },
        "synapses": {
            "13": {
                "nrn_to": 11,
                "nrn_from": 1,
                "weight": 0.0549210914869132,
                "active": false
            },
            "14": {
                "nrn_to": 9,
                "nrn_from": 2,
                "weight": 0.3312883107526424,
                "active": true
            },
            "16": {
                "nrn_to": 8,
                "nrn_from": 2,
                "weight": -0.5270542752710689,
                "active": true
            },
            "18": {
                "nrn_to": 9,
                "nrn_from": 4,
                "weight": -0.3580251101010163,
                "active": true
            },
            "19": {
                "nrn_to": 8,
                "nrn_from": 3,
                "weight": 1.5434798244374628,
                "active": true
            },
            "21": {
                "nrn_to": 8,
                "nrn_from": 4,
                "weight": 1.4496763475473116,
                "active": true
            },
            "22": {
                "nrn_to": 11,
                "nrn_from": 4,
                "weight": 1.154058795341895,
                "active": true
            },
            "28": {
                "nrn_to": 9,
                "nrn_from": 3,
                "weight": 0.7419691554176524,
                "active": true
            },
            "29": {
                "nrn_to": 11,
                "nrn_from": 5,
                "weight": 1.287783470811833,
                "active": true
            },
            "31": {
                "nrn_to": 10,
                "nrn_from": 3,
                "weight": -0.0798050012081475,
                "active": true
            },
            "32": {
                "nrn_to": 8,
                "nrn_from": 6,
                "weight": -0.18622273943417084,
                "active": false
            },
            "34": {
                "nrn_to": 11,
                "nrn_from": 2,
                "weight": -0.6700937512449657,
                "active": true
            },
            "41": {
                "nrn_to": 11,
                "nrn_from": 3,
                "weight": 0.3927410075490919,
                "active": false
            },
            "42": {
                "nrn_to": 11,
                "nrn_from": 0,
                "weight": -0.8321405152888415,
                "active": true
            },
            "43": {
                "nrn_to": 9,
                "nrn_from": 6,
                "weight": -0.20914121355215942,
                "active": true
            },
            "48": {
                "nrn_to": 9,
                "nrn_from": 7,
                "weight": -0.06139970497362239,
                "active": true
            }
        }
    }
}