{
    "N hidden nrns": 0,
    "genome dict": {
        "neurons": {
            "0": {
                "type": "i",
                "bias": 0.22490979257253138
            },
            "1": {
                "type": "i",
                "bias": 0.7996333232282926
            },
            "2": {
                "type": "i",
                "bias": -0.21206114060376924
            },
            "3": {
                "type": "i",
                "bias": -0.19902473018533726
            },
            "4": {
                "type": "i",
                "bias": -0.21680801966837296
            },
            "5": {
                "type": "i",
                "bias": 0.1677497753312223
            },
            "6": {
                "type": "i",
                "bias": 0.007226493545032298
            },
            "7": {
                "type": "i",
                "bias": 3.0
            },
            "8": {
                "type": "o",
                "bias": 0.015762448921614915
            },
            "9": {
                "type": "o",
                "bias": 0.007129065963775556
            },
            "10": {
                "type": "o",
                "bias": 0.012795487201163474
            },
            "11": {
                "type": "o",
                "bias": 0.2130859432630119
            }
        },
        "synapses": {
            "12": {
                "nrn_to": 9,
                "nrn_from": 7,
                "weight": -0.3992912970904465,
                "active": false
            },
            "13": {
                "nrn_to": 9,
                "nrn_from": 4,
                "weight": -0.3005669129874856,
                "active": true
            },
            "14": {
                "nrn_to": 9,
                "nrn_from": 0,
                "weight": 0.07210363524633201,
                "active": false
            },
            "15": {
                "nrn_to": 10,
                "nrn_from": 2,
                "weight": 0.2760303548529549,
                "active": true
            },
            "16": {
                "nrn_to": 11,
                "nrn_from": 4,
                "weight": 2.8383956168046485,
                "active": true
            },
            "17": {
                "nrn_to": 8,
                "nrn_from": 7,
                "weight": 0.0210641900688105,
                "active": false
            },
            "18": {
                "nrn_to": 10,
                "nrn_from": 7,
                "weight": -0.8209466523719291,
                "active": true
            },
            "19": {
                "nrn_to": 9,
                "nrn_from": 2,
                "weight": 0.5150518895861459,
                "active": true
            },
            "20": {
                "nrn_to": 11,
                "nrn_from": 1,
                "weight": -2.180116701363008,
                "active": false
            },
            "21": {
                "nrn_to": 8,
                "nrn_from": 3,
                "weight": 2.167393788266539,
                "active": true
            },
            "22": {
                "nrn_to": 11,
                "nrn_from": 3,
                "weight": 0.1933697834541664,
                "active": false
            },
            "23": {
                "nrn_to": 10,
                "nrn_from": 1,
                "weight": -0.3568419789592785,
                "active": true
            },
            "24": {
                "nrn_to": 11,
                "nrn_from": 6,
                "weight": -0.9217351057759041,
                "active": true
            },
            "26": {
                "nrn_to": 8,
                "nrn_from": 0,
                "weight": -0.39776770198872324,
                "active": true
            },
            "27": {
                "nrn_to": 10,
                "nrn_from": 6,
                "weight": -1.1111928365188133,
                "active": true
            },
            "28": {
                "nrn_to": 8,
                "nrn_from": 2,
                "weight": 0.9752314121246228,
                "active": false
            },
            "29": {
                "nrn_to": 10,
                "nrn_from": 3,
                "weight": -1.1116399889377375,
                "active": true
            },
            "30": {
                "nrn_to": 10,
                "nrn_from": 5,
                "weight": -0.4412645137398353,
                "active": true
            },
            "31": {
                "nrn_to": 8,
                "nrn_from": 5,
                "weight": 0.8478978578667045,
                "active": true
            },
            "32": {
                "nrn_to": 8,
                "nrn_from": 1,
                "weight": 0.41214766241078027,
                "active": false
            },
            "35": {
                "nrn_to": 11,
                "nrn_from": 2,
                "weight": -0.597958171350542,
                "active": true
            },
            "36": {
                "nrn_to": 11,
                "nrn_from": 5,
                "weight": 0.11710618276065791,
                "active": false
            },
            "37": {
                "nrn_to": 11,
                "nrn_from": 0,
                "weight": -0.9137082427859075,
                "active": true
            },
            "38": {
                "nrn_to": 8,
                "nrn_from": 6,
                "weight": 0.2464616386724764,
                "active": true
            },
            "39": {
                "nrn_to": 9,
                "nrn_from": 5,
                "weight": -2.859041421916762,
                "active": true
            },
            "43": {
                "nrn_to": 10,
                "nrn_from": 4,
                "weight": 0.017051380110889386,
                "active": true
            },
            "50": {
                "nrn_to": 8,
                "nrn_from": 4,
                "weight": -0.6291856116825698,
                "active": true
            },
            "54": {
                "nrn_to": 9,
                "nrn_from": 1,
                "weight": 0.41108740326700627,
                "active": true
            }
        }
    }
}