{
    "N hidden nrns": 0,
    "genome dict": {
        "neurons": {
            "0": {
                "type": "i",
                "bias": -0.41450562505897737
            },
            "1": {
                "type": "i",
                "bias": 0.24829366718005083
            },
            "2": {
                "type": "i",
                "bias": 0.012535652279129408
            },
            "3": {
                "type": "i",
                "bias": 0.1835340755695611
            },
            "4": {
                "type": "i",
                "bias": 0.3326569747679333
            },
            "5": {
                "type": "i",
                "bias": 0.1417199932444123
            },
            "6": {
                "type": "i",
                "bias": 0.03097440673793704
            },
            "7": {
                "type": "i",
                "bias": -0.05278328070362357
            },
            "8": {
                "type": "o",
                "bias": 0.18131619895598547
            },
            "9": {
                "type": "o",
                "bias": 0.1460706925690422
            },
            "10": {
                "type": "o",
                "bias": 0.10242709253818803
            },
            "11": {
                "type": "o",
                "bias": 0.04459929534391239
            }
        },
        "synapses": {
            "32": {
                "nrn_to": 8,
                "nrn_from": 6,
                "weight": -0.057839568953358254,
                "active": false
            },
            "34": {
                "nrn_to": 11,
                "nrn_from": 2,
                "weight": -0.2005143767803583,
                "active": true
            },
            "41": {
                "nrn_to": 11,
                "nrn_from": 3,
                "weight": 0.11676754211154862,
                "active": false
            },
            "42": {
                "nrn_to": 11,
                "nrn_from": 0,
                "weight": -0.47828958413927003,
                "active": true
            },
            "43": {
                "nrn_to": 9,
                "nrn_from": 6,
                "weight": -0.11723417800333959,
                "active": true
            },
            "48": {
                "nrn_to": 9,
                "nrn_from": 7,
                "weight": 0.2489607992715377,
                "active": false
            },
            "18": {
                "nrn_to": 9,
                "nrn_from": 4,
                "weight": -0.04529401592215078,
                "active": false
            },
            "19": {
                "nrn_to": 8,
                "nrn_from": 3,
                "weight": 0.6350236165108205,
                "active": true
            },
            "21": {
                "nrn_to": 8,
                "nrn_from": 4,
                "weight": 0.35185791003273426,
                "active": true
            },
            "22": {
                "nrn_to": 11,
                "nrn_from": 4,
                "weight": 1.2731035356357865,
                "active": true
            },
            "28": {
                "nrn_to": 9,
                "nrn_from": 3,
                "weight": 0.375168886308944,
                "active": true
            },
            "29": {
                "nrn_to": 11,
                "nrn_from": 5,
                "weight": 0.5813021134523781,
                "active": true
            }
        }
    }
}