{
    "N hidden nrns": 1,
    "genome dict": {
        "neurons": {
            "0": {
                "type": "i",
                "bias": -0.20115509206998383
            },
            "1": {
                "type": "i",
                "bias": -0.08543682110661306
            },
            "2": {
                "type": "i",
                "bias": 0.2620434826513214
            },
            "3": {
                "type": "i",
                "bias": -0.12318598274612888
            },
            "4": {
                "type": "i",
                "bias": 0.7251951572547111
            },
            "5": {
                "type": "i",
                "bias": 0.7202807285939721
            },
            "6": {
                "type": "i",
                "bias": 0.03305145467508258
            },
            "7": {
                "type": "i",
                "bias": 0.13421302096950308
            },
            "8": {
                "type": "o",
                "bias": -0.13422726945508445
            },
            "9": {
                "type": "o",
                "bias": -0.3494949027121522
            },
            "10": {
                "type": "o",
                "bias": 0.18724390765559254
            },
            "11": {
                "type": "o",
                "bias": -0.20076400574150027
            },
            "44": {
                "type": "h",
                "bias": -0.0279811873074612
            }
        },
        "synapses": {
            "65": {
                "nrn_to": 44,
                "nrn_from": 0,
                "weight": -0.07587252691028415,
                "active": false
            },
            "66": {
                "nrn_to": 44,
                "nrn_from": 2,
                "weight": -0.4986949567988463,
                "active": true
            },
            "12": {
                "nrn_to": 9,
                "nrn_from": 6,
                "weight": 0.6220928747145616,
                "active": true
            },
            "13": {
                "nrn_to": 11,
                "nrn_from": 7,
                "weight": -0.7745822545428515,
                "active": true
            },
            "14": {
                "nrn_to": 8,
                "nrn_from": 2,
                "weight": 0.6890943507305292,
                "active": false
            },
            "16": {
                "nrn_to": 11,
                "nrn_from": 5,
                "weight": -0.1271460605599944,
                "active": true
            },
            "19": {
                "nrn_to": 11,
                "nrn_from": 6,
                "weight": 0.14803860917656095,
                "active": false
            },
            "26": {
                "nrn_to": 8,
                "nrn_from": 1,
                "weight": 0.35000054556103816,
                "active": true
            },
            "28": {
                "nrn_to": 9,
                "nrn_from": 1,
                "weight": 0.59892739426588,
                "active": true
            },
            "37": {
                "nrn_to": 8,
                "nrn_from": 6,
                "weight": 2.116871358605412,
                "active": true
            },
            "38": {
                "nrn_to": 9,
                "nrn_from": 5,
                "weight": -0.5214010939933444,
                "active": true
            },
            "40": {
                "nrn_to": 8,
                "nrn_from": 0,
                "weight": -0.454459815961097,
                "active": false
            },
            "42": {
                "nrn_to": 8,
                "nrn_from": 3,
                "weight": 0.09034621350401094,
                "active": true
            },
            "43": {
                "nrn_to": 8,
                "nrn_from": 4,
                "weight": -0.3585220842042833,
                "active": false
            },
            "45": {
                "active": true,
                "nrn_to": 44,
                "nrn_from": 6,
                "weight": 1.4625862411018458
            },
            "46": {
                "active": true,
                "nrn_to": 11,
                "nrn_from": 44,
                "weight": 2.0441525307975104
            },
            "51": {
                "nrn_to": 44,
                "nrn_from": 4,
                "weight": 0.6809476526023421,
                "active": true
            },
            "60": {
                "nrn_to": 44,
                "nrn_from": 5,
                "weight": 0.44402999025545015,
                "active": true
            }
        }
    }
}