{
    "N hidden nrns": 0,
    "genome dict": {
        "neurons": {
            "0": {
                "type": "i",
                "bias": -0.054774041985789945
            },
            "1": {
                "type": "i",
                "bias": 0.02335727609137498
            },
            "2": {
                "type": "i",
                "bias": 0.11083134378386549
            },
            "3": {
                "type": "i",
                "bias": 0.02678825768280177
            },
            "4": {
                "type": "i",
                "bias": 0.15861417938308087
            },
            "5": {
                "type": "i",
                "bias": 0.054134885781460196
            },
            "6": {
                "type": "i",
                "bias": -0.0027186387922868297
            },
            "7": {
                "type": "i",
                "bias": 0.15249038948135626
            },
            "8": {
                "type": "o",
                "bias": 0.1319550106847886
            },
            "9": {
                "type": "o",
                "bias": -0.045437456418794965
            },
            "10": {
                "type": "o",
                "bias": 0.04927704112728965
            },
            "11": {
                "type": "o",
                "bias": 0.14371156490462705
            }
        },
        "synapses": {
            "35": {
                "nrn_to": 11,
                "nrn_from": 6,
                "weight": 1.8124805047951473,
                "active": true
            },
            "37": {
                "nrn_to": 10,
                "nrn_from": 6,
                "weight": 0.3892218383673163,
                "active": true
            },
            "38": {
                "nrn_to": 11,
                "nrn_from": 0,
                "weight": -0.6736916368521584,
                "active": true
            },
            "43": {
                "nrn_to": 8,
                "nrn_from": 6,
                "weight": 0.8708565189831038,
                "active": true
            },
            "12": {
                "nrn_to": 11,
                "nrn_from": 4,
                "weight": 0.4112060248735497,
                "active": true
            },
            "14": {
                "nrn_to": 11,
                "nrn_from": 5,
                "weight": 0.5703317147587965,
                "active": true
            },
            "15": {
                "nrn_to": 10,
                "nrn_from": 3,
                "weight": -0.13767369219407033,
                "active": true
            },
            "23": {
                "nrn_to": 8,
                "nrn_from": 3,
                "weight": 0.3647995244957383,
                "active": true
            },
            "26": {
                "nrn_to": 9,
                "nrn_from": 1,
                "weight": 0.23410279912518778,
                "active": true
            }
        }
    }
}