{
    "N hidden nrns": 0,
    "genome dict": {
        "neurons": {
            "0": {
                "type": "i",
                "bias": -0.031600713563704697
            },
            "1": {
                "type": "i",
                "bias": 0.16390932378538067
            },
            "2": {
                "type": "i",
                "bias": -0.9292348314384428
            },
            "3": {
                "type": "i",
                "bias": -0.03754442486991015
            },
            "4": {
                "type": "i",
                "bias": 0.6241993979038984
            },
            "5": {
                "type": "i",
                "bias": -0.3302994235306367
            },
            "6": {
                "type": "i",
                "bias": 0.07231484930580108
            },
            "7": {
                "type": "i",
                "bias": -0.18180631852165213
            },
            "8": {
                "type": "o",
                "bias": 0.04383851250403774
            },
            "9": {
                "type": "o",
                "bias": -0.20990925085398324
            },
            "10": {
                "type": "o",
                "bias": 0.7339274436735715
            },
            "11": {
                "type": "o",
                "bias": 0.1482824082680895
            }
        },
        "synapses": {
            "33": {
                "nrn_to": 10,
                "nrn_from": 7,
                "weight": -0.1366939950786621,
                "active": false
            },
            "35": {
                "nrn_to": 8,
                "nrn_from": 4,
                "weight": 0.18060051095997615,
                "active": false
            },
            "37": {
                "nrn_to": 8,
                "nrn_from": 0,
                "weight": 0.2508071397892735,
                "active": true
            },
            "44": {
                "nrn_to": 11,
                "nrn_from": 3,
                "weight": -0.38617869588387904,
                "active": true
            },
            "13": {
                "nrn_to": 8,
                "nrn_from": 1,
                "weight": 1.2748948103471134,
                "active": true
            },
            "19": {
                "nrn_to": 9,
                "nrn_from": 1,
                "weight": 0.5042916300403105,
                "active": true
            },
            "21": {
                "nrn_to": 11,
                "nrn_from": 4,
                "weight": 0.2969432233308606,
                "active": true
            },
            "22": {
                "nrn_to": 9,
                "nrn_from": 6,
                "weight": 0.525793621508722,
                "active": true
            },
            "25": {
                "nrn_to": 9,
                "nrn_from": 3,
                "weight": -0.3107364449923185,
                "active": true
            },
            "26": {
                "nrn_to": 11,
                "nrn_from": 1,
                "weight": -0.3801935315426527,
                "active": true
            }
        }
    }
}