{
    "N hidden nrns": 0,
    "genome dict": {
        "neurons": {
            "0": {
                "type": "i",
                "bias": -0.015045238651802548
            },
            "1": {
                "type": "i",
                "bias": 0.08468779164858238
            },
            "2": {
                "type": "i",
                "bias": -0.06392774120594268
            },
            "3": {
                "type": "i",
                "bias": -0.03854707497972765
            },
            "4": {
                "type": "i",
                "bias": 0.06762364694642103
            },
            "5": {
                "type": "i",
                "bias": -0.11863164510036667
            },
            "6": {
                "type": "i",
                "bias": 0.003310370828555989
            },
            "7": {
                "type": "i",
                "bias": 0.27360005506666335
            },
            "8": {
                "type": "o",
                "bias": 0.1441592513238203
            },
            "9": {
                "type": "o",
                "bias": -0.011683774306646133
            },
            "10": {
                "type": "o",
                "bias": 0.07015302098922431
            },
            "11": {
                "type": "o",
                "bias": 0.17946926799090102
            }
        },
        "synapses": {
            "35": {
                "nrn_to": 11,
                "nrn_from": 6,
                "weight": 1.7407654682890428,
                "active": true
            },
            "37": {
                "nrn_to": 10,
                "nrn_from": 6,
                "weight": 0.21029276411865572,
                "active": true
            },
            "38": {
                "nrn_to": 11,
                "nrn_from": 0,
                "weight": -0.6188099147573507,
                "active": false
            },
            "43": {
                "nrn_to": 8,
                "nrn_from": 6,
                "weight": 2.9883460795135495,
                "active": true
            },
            "12": {
                "nrn_to": 11,
                "nrn_from": 4,
                "weight": 0.42528501276386743,
                "active": true
            },
            "44": {
                "nrn_to": 9,
                "nrn_from": 5,
                "weight": -0.449722473249412,
                "active": true
            },
            "14": {
                "nrn_to": 11,
                "nrn_from": 5,
                "weight": 0.6323966556557098,
                "active": true
            },
            "15": {
                "nrn_to": 10,
                "nrn_from": 3,
                "weight": -0.17600213164254433,
                "active": true
            },
            "20": {
                "nrn_to": 10,
                "nrn_from": 2,
                "weight": -0.057920213847719136,
                "active": false
            },
            "23": {
                "nrn_to": 8,
                "nrn_from": 3,
                "weight": 0.36953121731184924,
                "active": true
            },
            "26": {
                "nrn_to": 9,
                "nrn_from": 1,
                "weight": 0.1783984354987767,
                "active": true
            }
        }
    }
}