{
    "N hidden nrns": 0,
    "genome dict": {
        "neurons": {
            "0": {
                "type": "i",
                "bias": 0.09237648966676845
            },
            "1": {
                "type": "i",
                "bias": 0.11549274028346185
            },
            "2": {
                "type": "i",
                "bias": 0.38998654154159584
            },
            "3": {
                "type": "i",
                "bias": -0.043968099006310976
            },
            "4": {
                "type": "i",
                "bias": 0.10714515116071249
            },
            "5": {
                "type": "i",
                "bias": -0.2749371896635843
            },
            "6": {
                "type": "i",
                "bias": -0.38293068246781625
            },
            "7": {
                "type": "i",
                "bias": 0.005656936163560456
            },
            "8": {
                "type": "o",
                "bias": -0.1382450899167449
            },
            "9": {
                "type": "o",
                "bias": -0.3262974625855615
            },
            "10": {
                "type": "o",
                "bias": 0.10198541678935923
            },
            "11": {
                "type": "o",
                "bias": 0.10586343517128333
            }
        },
        "synapses": {
            "39": {
                "nrn_to": 10,
                "nrn_from": 5,
                "weight": -1.0569412541187944,
                "active": true
            },
            "43": {
                "nrn_to": 8,
                "nrn_from": 0,
                "weight": 0.06844203686369182,
                "active": false
            },
            "12": {
                "nrn_to": 9,
                "nrn_from": 4,
                "weight": -1.7298205122926464,
                "active": true
            },
            "13": {
                "nrn_to": 9,
                "nrn_from": 2,
                "weight": -0.003296588767990341,
                "active": false
            },
            "17": {
                "nrn_to": 8,
                "nrn_from": 6,
                "weight": -0.35911367705915687,
                "active": true
            },
            "21": {
                "nrn_to": 8,
                "nrn_from": 1,
                "weight": 0.37577430417725977,
                "active": true
            },
            "53": {
                "nrn_to": 11,
                "nrn_from": 7,
                "weight": 0.6214007268039515,
                "active": true
            },
            "23": {
                "nrn_to": 8,
                "nrn_from": 7,
                "weight": -1.8933944331248909,
                "active": true
            },
            "29": {
                "nrn_to": 11,
                "nrn_from": 4,
                "weight": 1.0868167648977913,
                "active": true
            },
            "40": {
                "nrn_to": 9,
                "nrn_from": 1,
                "weight": 0.35095315163620133,
                "active": true
            }
        }
    }
}