{
    "N hidden nrns": 0,
    "genome dict": {
        "neurons": {
            "0": {
                "type": "i",
                "bias": 0.1962070332118459
            },
            "1": {
                "type": "i",
                "bias": 0.09561602858794585
            },
            "2": {
                "type": "i",
                "bias": 1.1215707628726705
            },
            "3": {
                "type": "i",
                "bias": -3.0
            },
            "4": {
                "type": "i",
                "bias": -0.13443364523143192
            },
            "5": {
                "type": "i",
                "bias": 0.4187051507413957
            },
            "6": {
                "type": "i",
                "bias": -0.14554117741878114
            },
            "7": {
                "type": "i",
                "bias": -0.30020855546654085
            },
            "8": {
                "type": "o",
                "bias": 0.08067416120997102
            },
            "9": {
                "type": "o",
                "bias": 0.44657819849764735
            },
            "10": {
                "type": "o",
                "bias": 0.14722973795064256
            },
            "11": {
                "type": "o",
                "bias": 0.432834715694623
            }
        },
        "synapses": {
            "521": {
                "nrn_to": 9,
                "nrn_from": 4,
                "weight": -0.015117531971593365,
                "active": true
            },
            "12": {
                "nrn_to": 8,
                "nrn_from": 0,
                "weight": -0.06996688455940675,
                "active": false
            },
            "14": {
                "nrn_to": 10,
                "nrn_from": 3,
                "weight": -1.5456993119233984,
                "active": true
            },
            "15": {
                "nrn_to": 8,
                "nrn_from": 2,
                "weight": 0.4161157531082751,
                "active": true
            },
            "16": {
                "nrn_to": 11,
                "nrn_from": 2,
                "weight": -0.37369303594776815,
                "active": true
            },
            "17": {
                "nrn_to": 10,
                "nrn_from": 1,
                "weight": -0.6419942118114559,
                "active": true
            },
            "18": {
                "nrn_to": 9,
                "nrn_from": 0,
                "weight": 0.36126966319173104,
                "active": true
            },
            "19": {
                "nrn_to": 9,
                "nrn_from": 7,
                "weight": -0.2944468754318938,
                "active": true
            },
            "20": {
                "nrn_to": 8,
                "nrn_from": 6,
                "weight": 0.5482452489754751,
                "active": true
            },
            "21": {
                "nrn_to": 11,
                "nrn_from": 6,
                "weight": -0.6659394404534242,
                "active": true
            },
            "22": {
                "nrn_to": 9,
                "nrn_from": 5,
                "weight": -1.0041532792482029,
                "active": true
            },
            "24": {
                "nrn_to": 9,
                "nrn_from": 1,
                "weight": 0.07063506119631954,
                "active": false
            },
            "25": {
                "nrn_to": 11,
                "nrn_from": 7,
                "weight": -0.1927986063111226,
                "active": true
            },
            "26": {
                "nrn_to": 11,
                "nrn_from": 4,
                "weight": 1.7046782103195195,
                "active": true
            },
            "27": {
                "nrn_to": 10,
                "nrn_from": 6,
                "weight": -0.434806593281654,
                "active": true
            },
            "28": {
                "nrn_to": 11,
                "nrn_from": 3,
                "weight": 0.30467993023479,
                "active": false
            },
            "29": {
                "nrn_to": 10,
                "nrn_from": 4,
                "weight": 0.13535365264985802,
                "active": true
            },
            "30": {
                "nrn_to": 9,
                "nrn_from": 6,
                "weight": -0.1277325459369626,
                "active": true
            },
            "31": {
                "nrn_to": 9,
                "nrn_from": 4,
                "weight": 0.05921437376316475,
                "active": false
            },
            "32": {
                "nrn_to": 8,
                "nrn_from": 5,
                "weight": 0.3342908768821562,
                "active": false
            },
            "33": {
                "nrn_to": 10,
                "nrn_from": 7,
                "weight": 0.003871308041142163,
                "active": false
            },
            "34": {
                "nrn_to": 8,
                "nrn_from": 4,
                "weight": -0.10115710843701753,
                "active": true
            },
            "35": {
                "nrn_to": 10,
                "nrn_from": 5,
                "weight": -0.6832364636720957,
                "active": true
            },
            "36": {
                "nrn_to": 10,
                "nrn_from": 2,
                "weight": 0.13702921835057574,
                "active": true
            },
            "37": {
                "nrn_to": 11,
                "nrn_from": 1,
                "weight": 0.13916599402363924,
                "active": true
            },
            "38": {
                "nrn_to": 8,
                "nrn_from": 3,
                "weight": 1.4692719667745051,
                "active": true
            },
            "39": {
                "nrn_to": 9,
                "nrn_from": 2,
                "weight": 0.6348064591750875,
                "active": true
            },
            "40": {
                "nrn_to": 9,
                "nrn_from": 3,
                "weight": -0.1034668138718521,
                "active": false
            },
            "41": {
                "nrn_to": 11,
                "nrn_from": 0,
                "weight": -0.7578197510101219,
                "active": true
            },
            "424": {
                "nrn_to": 8,
                "nrn_from": 1,
                "weight": 0.0012684284179719507,
                "active": true
            },
            "45": {
                "nrn_to": 10,
                "nrn_from": 0,
                "weight": 0.041206377704339714,
                "active": false
            },
            "55": {
                "nrn_to": 11,
                "nrn_from": 5,
                "weight": 0.8872545180593392,
                "active": true
            },
            "470": {
                "nrn_to": 8,
                "nrn_from": 5,
                "weight": 0.10772729869654923,
                "active": false
            }
        }
    }
}