{
    "N hidden nrns": 0,
    "genome dict": {
        "neurons": {
            "0": {
                "type": "i",
                "bias": 0.8847710858919745
            },
            "1": {
                "type": "i",
                "bias": 0.005247226465044079
            },
            "2": {
                "type": "i",
                "bias": -0.11894570072282241
            },
            "3": {
                "type": "i",
                "bias": 0.06566579127519712
            },
            "4": {
                "type": "i",
                "bias": -0.22443922437975994
            },
            "5": {
                "type": "i",
                "bias": -0.18822611747467805
            },
            "6": {
                "type": "i",
                "bias": 0.2065846559331411
            },
            "7": {
                "type": "i",
                "bias": 0.1189704344079969
            },
            "8": {
                "type": "o",
                "bias": -0.10156828151732042
            },
            "9": {
                "type": "o",
                "bias": 0.07189568424434692
            },
            "10": {
                "type": "o",
                "bias": 0.13169132282953255
            },
            "11": {
                "type": "o",
                "bias": 0.2771737762793423
            }
        },
        "synapses": {
            "32": {
                "nrn_to": 8,
                "nrn_from": 1,
                "weight": 0.18033259274444685,
                "active": false
            },
            "34": {
                "nrn_to": 8,
                "nrn_from": 6,
                "weight": -0.2655321066077887,
                "active": true
            },
            "43": {
                "nrn_to": 9,
                "nrn_from": 1,
                "weight": 0.35711973987174117,
                "active": true
            },
            "13": {
                "nrn_to": 9,
                "nrn_from": 4,
                "weight": -0.8470102476107186,
                "active": true
            },
            "14": {
                "nrn_to": 8,
                "nrn_from": 5,
                "weight": 0.12148102017903806,
                "active": true
            },
            "18": {
                "nrn_to": 9,
                "nrn_from": 3,
                "weight": 0.43030039524310126,
                "active": true
            },
            "21": {
                "nrn_to": 11,
                "nrn_from": 4,
                "weight": 2.98263418347463,
                "active": true
            },
            "23": {
                "nrn_to": 10,
                "nrn_from": 2,
                "weight": -0.05798592188320633,
                "active": true
            },
            "24": {
                "nrn_to": 10,
                "nrn_from": 7,
                "weight": -0.08228552567314432,
                "active": false
            },
            "26": {
                "nrn_to": 11,
                "nrn_from": 7,
                "weight": 0.1675335807483389,
                "active": false
            },
            "28": {
                "nrn_to": 9,
                "nrn_from": 7,
                "weight": 0.237318699412503,
                "active": false
            },
            "31": {
                "nrn_to": 11,
                "nrn_from": 5,
                "weight": 1.010357569406236,
                "active": true
            }
        }
    }
}