{
    "N hidden nrns": 1,
    "genome dict": {
        "neurons": {
            "0": {
                "type": "i",
                "bias": -0.2864549141969783
            },
            "1": {
                "type": "i",
                "bias": -0.12213848540356514
            },
            "2": {
                "type": "i",
                "bias": 0.598309989659361
            },
            "3": {
                "type": "i",
                "bias": 0.10185070701845486
            },
            "4": {
                "type": "i",
                "bias": 0.10999154180546523
            },
            "5": {
                "type": "i",
                "bias": 0.21663305636209035
            },
            "6": {
                "type": "i",
                "bias": 0.1568640356203005
            },
            "7": {
                "type": "i",
                "bias": -0.08704956999378585
            },
            "8": {
                "type": "o",
                "bias": 0.25859032008115135
            },
            "9": {
                "type": "o",
                "bias": -0.014747245888128167
            },
            "10": {
                "type": "o",
                "bias": 0.17998707774256228
            },
            "11": {
                "type": "o",
                "bias": -0.0005894904840420233
            },
            "87": {
                "type": "h",
                "bias": 0.04513778660831849
            }
        },
        "synapses": {
            "32": {
                "nrn_to": 9,
                "nrn_from": 2,
                "weight": 0.39606790536283004,
                "active": true
            },
            "33": {
                "nrn_to": 8,
                "nrn_from": 3,
                "weight": 0.242146836852533,
                "active": true
            },
            "37": {
                "nrn_to": 11,
                "nrn_from": 5,
                "weight": 0.5788212781085138,
                "active": true
            },
            "38": {
                "nrn_to": 11,
                "nrn_from": 2,
                "weight": -0.32047101109069476,
                "active": true
            },
            "41": {
                "nrn_to": 11,
                "nrn_from": 3,
                "weight": 0.6533874859579389,
                "active": false
            },
            "17": {
                "nrn_to": 9,
                "nrn_from": 1,
                "weight": -0.18526665347490656,
                "active": false
            },
            "88": {
                "active": true,
                "nrn_to": 87,
                "nrn_from": 3,
                "weight": 0.9193733190290071
            },
            "89": {
                "active": true,
                "nrn_to": 11,
                "nrn_from": 87,
                "weight": 0.6191284876714216
            },
            "27": {
                "nrn_to": 9,
                "nrn_from": 7,
                "weight": 0.020566735060792853,
                "active": false
            },
            "30": {
                "nrn_to": 9,
                "nrn_from": 4,
                "weight": -0.5379392409523256,
                "active": true
            }
        }
    }
}