{
    "N hidden nrns": 0,
    "genome dict": {
        "neurons": {
            "0": {
                "type": "i",
                "bias": -0.15422651381829328
            },
            "1": {
                "type": "i",
                "bias": -0.7577701829259761
            },
            "2": {
                "type": "i",
                "bias": -0.0019564134296530845
            },
            "3": {
                "type": "i",
                "bias": -0.14751821884029392
            },
            "4": {
                "type": "i",
                "bias": 0.1487897488704505
            },
            "5": {
                "type": "i",
                "bias": 0.17624814071156064
            },
            "6": {
                "type": "i",
                "bias": -0.25047076640207744
            },
            "7": {
                "type": "i",
                "bias": -0.06858324819047595
            },
            "8": {
                "type": "o",
                "bias": 0.2531204821591869
            },
            "9": {
                "type": "o",
                "bias": 0.05345310403656728
            },
            "10": {
                "type": "o",
                "bias": 0.059595073771613695
            },
            "11": {
                "type": "o",
                "bias": -0.0409777442444533
            }
        },
        "synapses": {
            "12": {
                "nrn_to": 9,
                "nrn_from": 5,
                "weight": -0.40653119489868406,
                "active": true
            },
            "13": {
                "nrn_to": 8,
                "nrn_from": 3,
                "weight": 0.550337911862845,
                "active": true
            },
            "14": {
                "nrn_to": 10,
                "nrn_from": 5,
                "weight": 0.10218112720424909,
                "active": false
            },
            "15": {
                "nrn_to": 9,
                "nrn_from": 6,
                "weight": -0.13981528079322011,
                "active": false
            },
            "16": {
                "nrn_to": 9,
                "nrn_from": 1,
                "weight": -0.2195288502941442,
                "active": false
            },
            "23": {
                "nrn_to": 8,
                "nrn_from": 5,
                "weight": 0.08231224873286129,
                "active": false
            },
            "24": {
                "nrn_to": 8,
                "nrn_from": 1,
                "weight": 0.008262001740060948,
                "active": false
            },
            "25": {
                "nrn_to": 11,
                "nrn_from": 6,
                "weight": 0.006070551546599655,
                "active": false
            },
            "26": {
                "nrn_to": 9,
                "nrn_from": 0,
                "weight": 0.3496952177739458,
                "active": true
            },
            "27": {
                "nrn_to": 9,
                "nrn_from": 3,
                "weight": -0.10704505397726691,
                "active": false
            },
            "28": {
                "nrn_to": 10,
                "nrn_from": 3,
                "weight": -0.5480272230982682,
                "active": true
            },
            "29": {
                "nrn_to": 11,
                "nrn_from": 2,
                "weight": -0.05190880770859731,
                "active": false
            },
            "31": {
                "nrn_to": 8,
                "nrn_from": 2,
                "weight": -0.08710703988407598,
                "active": true
            },
            "32": {
                "nrn_to": 9,
                "nrn_from": 2,
                "weight": 0.917886940763555,
                "active": true
            },
            "33": {
                "nrn_to": 10,
                "nrn_from": 7,
                "weight": 0.0289465155543443,
                "active": false
            },
            "34": {
                "nrn_to": 10,
                "nrn_from": 2,
                "weight": 0.16726599670308917,
                "active": true
            },
            "35": {
                "nrn_to": 10,
                "nrn_from": 0,
                "weight": 0.12075599606795662,
                "active": false
            },
            "36": {
                "nrn_to": 11,
                "nrn_from": 4,
                "weight": 2.198358894010042,
                "active": true
            },
            "37": {
                "nrn_to": 9,
                "nrn_from": 7,
                "weight": -0.14400421791013457,
                "active": true
            },
            "39": {
                "nrn_to": 11,
                "nrn_from": 0,
                "weight": -0.6667656244291418,
                "active": true
            },
            "40": {
                "nrn_to": 8,
                "nrn_from": 4,
                "weight": -0.1285010685780819,
                "active": false
            },
            "41": {
                "nrn_to": 9,
                "nrn_from": 4,
                "weight": -0.647186495182797,
                "active": true
            }
        }
    }
}