{
    "N hidden nrns": 0,
    "genome dict": {
        "neurons": {
            "0": {
                "type": "i",
                "bias": 0.10682566127433388
            },
            "1": {
                "type": "i",
                "bias": -0.06922514231508828
            },
            "2": {
                "type": "i",
                "bias": -0.1990748605267766
            },
            "3": {
                "type": "i",
                "bias": 0.05303327258338078
            },
            "4": {
                "type": "i",
                "bias": 0.5217812980992482
            },
            "5": {
                "type": "i",
                "bias": 0.036002373956951855
            },
            "6": {
                "type": "i",
                "bias": 0.11300182148982837
            },
            "7": {
                "type": "i",
                "bias": 0.35405936719135633
            },
            "8": {
                "type": "o",
                "bias": 0.45707897209021153
            },
            "9": {
                "type": "o",
                "bias": 0.41745006528815565
            },
            "10": {
                "type": "o",
                "bias": -0.4277968222481402
            },
            "11": {
                "type": "o",
                "bias": -0.3036965794483071
            }
        },
        "synapses": {
            "32": {
                "nrn_to": 9,
                "nrn_from": 0,
                "weight": -0.020810621849451476,
                "active": true
            },
            "35": {
                "nrn_to": 8,
                "nrn_from": 5,
                "weight": 0.8333873311112464,
                "active": false
            },
            "36": {
                "nrn_to": 10,
                "nrn_from": 5,
                "weight": -0.405517757852309,
                "active": true
            },
            "37": {
                "nrn_to": 8,
                "nrn_from": 2,
                "weight": 0.3597566789370111,
                "active": false
            },
            "41": {
                "nrn_to": 10,
                "nrn_from": 7,
                "weight": 0.5317146758067732,
                "active": true
            },
            "42": {
                "nrn_to": 9,
                "nrn_from": 1,
                "weight": -0.18069187947618567,
                "active": false
            },
            "12": {
                "nrn_to": 10,
                "nrn_from": 3,
                "weight": -0.7682965849084942,
                "active": true
            },
            "14": {
                "nrn_to": 11,
                "nrn_from": 7,
                "weight": -0.35257368977992554,
                "active": true
            },
            "15": {
                "nrn_to": 10,
                "nrn_from": 0,
                "weight": 0.6264613260567725,
                "active": true
            },
            "18": {
                "nrn_to": 8,
                "nrn_from": 7,
                "weight": -0.5534947958720786,
                "active": true
            },
            "19": {
                "nrn_to": 8,
                "nrn_from": 1,
                "weight": -0.013499268937732893,
                "active": true
            },
            "20": {
                "nrn_to": 11,
                "nrn_from": 0,
                "weight": 0.3618831181033076,
                "active": true
            },
            "51": {
                "nrn_to": 9,
                "nrn_from": 4,
                "weight": -0.09931238345817314,
                "active": false
            },
            "30": {
                "nrn_to": 9,
                "nrn_from": 5,
                "weight": -1.1980488884637166,
                "active": true
            }
        }
    }
}