{
    "N hidden nrns": 0,
    "genome dict": {
        "neurons": {
            "0": {
                "type": "i",
                "bias": -0.7248358419722067
            },
            "1": {
                "type": "i",
                "bias": 0.1384431652318697
            },
            "2": {
                "type": "i",
                "bias": -0.12052801694134986
            },
            "3": {
                "type": "i",
                "bias": 0.010978989804939901
            },
            "4": {
                "type": "i",
                "bias": 0.0475672645785421
            },
            "5": {
                "type": "i",
                "bias": -0.008516516879995606
            },
            "6": {
                "type": "i",
                "bias": 0.08109711325658447
            },
            "7": {
                "type": "i",
                "bias": -0.08625727006412687
            },
            "8": {
                "type": "o",
                "bias": 0.31548564734802836
            },
            "9": {
                "type": "o",
                "bias": 0.2208131585716322
            },
            "10": {
                "type": "o",
                "bias": 0.09310078486838927
            },
            "11": {
                "type": "o",
                "bias": 0.0014142396296702997
            }
        },
        "synapses": {
            "32": {
                "nrn_to": 8,
                "nrn_from": 6,
                "weight": -0.09880981820668895,
                "active": false
            },
            "34": {
                "nrn_to": 11,
                "nrn_from": 2,
                "weight": -0.7348270395184937,
                "active": true
            },
            "41": {
                "nrn_to": 11,
                "nrn_from": 3,
                "weight": 0.3062657896014283,
                "active": false
            },
            "42": {
                "nrn_to": 11,
                "nrn_from": 0,
                "weight": -0.6031280823575496,
                "active": true
            },
            "43": {
                "nrn_to": 9,
                "nrn_from": 6,
                "weight": -0.36755062001756894,
                "active": true
            },
            "13": {
                "nrn_to": 11,
                "nrn_from": 1,
                "weight": 0.02327769247174494,
                "active": false
            },
            "14": {
                "nrn_to": 9,
                "nrn_from": 2,
                "weight": 0.8014113385474788,
                "active": true
            },
            "48": {
                "nrn_to": 9,
                "nrn_from": 7,
                "weight": 0.20186868467836888,
                "active": false
            },
            "18": {
                "nrn_to": 9,
                "nrn_from": 4,
                "weight": -0.15709492942895997,
                "active": false
            },
            "19": {
                "nrn_to": 8,
                "nrn_from": 3,
                "weight": 1.260664748006041,
                "active": true
            },
            "21": {
                "nrn_to": 8,
                "nrn_from": 4,
                "weight": 0.5431008308067642,
                "active": true
            },
            "22": {
                "nrn_to": 11,
                "nrn_from": 4,
                "weight": 1.3485811746452496,
                "active": true
            },
            "28": {
                "nrn_to": 9,
                "nrn_from": 3,
                "weight": 0.5892932751729522,
                "active": true
            },
            "29": {
                "nrn_to": 11,
                "nrn_from": 5,
                "weight": 2.2654913516752857,
                "active": true
            },
            "31": {
                "nrn_to": 10,
                "nrn_from": 3,
                "weight": -0.14728830175919908,
                "active": true
            }
        }
    }
}