{
    "N hidden nrns": 1,
    "genome dict": {
        "neurons": {
            "0": {
                "type": "i",
                "bias": 0.0003397190144006669
            },
            "1": {
                "type": "i",
                "bias": -0.02905657222247015
            },
            "2": {
                "type": "i",
                "bias": 0.14138238566913505
            },
            "3": {
                "type": "i",
                "bias": 0.11161869311923711
            },
            "4": {
                "type": "i",
                "bias": 0.674601402031528
            },
            "5": {
                "type": "i",
                "bias": 0.24922965262736724
            },
            "6": {
                "type": "i",
                "bias": -0.24961248796639166
            },
            "7": {
                "type": "i",
                "bias": 0.1428186161251984
            },
            "8": {
                "type": "o",
                "bias": 0.09164617055833353
            },
            "9": {
                "type": "o",
                "bias": -0.002354976139266142
            },
            "10": {
                "type": "o",
                "bias": -0.036471909859742496
            },
            "11": {
                "type": "o",
                "bias": -0.007673733005068004
            },
            "115": {
                "type": "h",
                "bias": -0.38201098991713034
            }
        },
        "synapses": {
            "12": {
                "nrn_to": 11,
                "nrn_from": 4,
                "weight": 1.4244564859634707,
                "active": true
            },
            "14": {
                "nrn_to": 11,
                "nrn_from": 5,
                "weight": 0.5732147757118865,
                "active": true
            },
            "15": {
                "nrn_to": 10,
                "nrn_from": 3,
                "weight": -0.3010058502962762,
                "active": true
            },
            "16": {
                "nrn_to": 10,
                "nrn_from": 1,
                "weight": -0.11264699588637529,
                "active": false
            },
            "21": {
                "nrn_to": 11,
                "nrn_from": 7,
                "weight": -0.037186504690514,
                "active": false
            },
            "23": {
                "nrn_to": 8,
                "nrn_from": 3,
                "weight": 0.3251034052664093,
                "active": true
            },
            "26": {
                "nrn_to": 9,
                "nrn_from": 1,
                "weight": 0.23423326926515914,
                "active": true
            },
            "156": {
                "nrn_to": 115,
                "nrn_from": 0,
                "weight": 0.1796598168446772,
                "active": true
            },
            "29": {
                "nrn_to": 8,
                "nrn_from": 0,
                "weight": 0.15552348169871064,
                "active": false
            },
            "160": {
                "nrn_to": 115,
                "nrn_from": 7,
                "weight": 0.32878108399225503,
                "active": false
            },
            "35": {
                "nrn_to": 11,
                "nrn_from": 6,
                "weight": 0.7285521786349843,
                "active": true
            },
            "37": {
                "nrn_to": 10,
                "nrn_from": 6,
                "weight": 0.2567757271023942,
                "active": true
            },
            "38": {
                "nrn_to": 11,
                "nrn_from": 0,
                "weight": -0.7476089534652902,
                "active": true
            },
            "43": {
                "nrn_to": 8,
                "nrn_from": 6,
                "weight": 0.14463851659596044,
                "active": false
            },
            "116": {
                "active": true,
                "nrn_to": 115,
                "nrn_from": 6,
                "weight": 1.999323714473114
            },
            "117": {
                "active": true,
                "nrn_to": 8,
                "nrn_from": 115,
                "weight": 0.569035069035484
            }
        }
    }
}