{
    "N hidden nrns": 0,
    "genome dict": {
        "neurons": {
            "0": {
                "type": "i",
                "bias": 0.3354605405016108
            },
            "1": {
                "type": "i",
                "bias": -0.09266097471372257
            },
            "2": {
                "type": "i",
                "bias": 0.7018372085873185
            },
            "3": {
                "type": "i",
                "bias": -0.13741735717218967
            },
            "4": {
                "type": "i",
                "bias": 0.29082002713847
            },
            "5": {
                "type": "i",
                "bias": -0.07145893899752931
            },
            "6": {
                "type": "i",
                "bias": -0.10778100878803033
            },
            "7": {
                "type": "i",
                "bias": 0.4050081666889209
            },
            "8": {
                "type": "o",
                "bias": -0.059726224377078634
            },
            "9": {
                "type": "o",
                "bias": -0.008640900364240145
            },
            "10": {
                "type": "o",
                "bias": -0.11660285201946272
            },
            "11": {
                "type": "o",
                "bias": 0.0965034612231133
            }
        },
        "synapses": {
            "33": {
                "nrn_to": 11,
                "nrn_from": 0,
                "weight": -0.09947574652594542,
                "active": false
            },
            "34": {
                "nrn_to": 11,
                "nrn_from": 7,
                "weight": 0.11933504377668236,
                "active": false
            },
            "39": {
                "nrn_to": 11,
                "nrn_from": 4,
                "weight": 1.0030874223266315,
                "active": true
            },
            "42": {
                "nrn_to": 10,
                "nrn_from": 1,
                "weight": -0.2694752501556499,
                "active": true
            },
            "47": {
                "nrn_to": 10,
                "nrn_from": 5,
                "weight": 0.39732232880137375,
                "active": true
            },
            "16": {
                "nrn_to": 9,
                "nrn_from": 1,
                "weight": 0.06555055708365021,
                "active": true
            },
            "24": {
                "nrn_to": 10,
                "nrn_from": 3,
                "weight": -0.46776566646030987,
                "active": true
            },
            "29": {
                "nrn_to": 9,
                "nrn_from": 5,
                "weight": -0.407069324698415,
                "active": true
            }
        }
    }
}