{
    "N hidden nrns": 0,
    "genome dict": {
        "neurons": {
            "0": {
                "type": "i",
                "bias": -0.07032386412242189
            },
            "1": {
                "type": "i",
                "bias": 0.18337716495918677
            },
            "2": {
                "type": "i",
                "bias": -0.14489278724840587
            },
            "3": {
                "type": "i",
                "bias": -0.15747844565414496
            },
            "4": {
                "type": "i",
                "bias": -0.09226193643530037
            },
            "5": {
                "type": "i",
                "bias": 0.7789750779090582
            },
            "6": {
                "type": "i",
                "bias": -0.1864650326491603
            },
            "7": {
                "type": "i",
                "bias": 3.0
            },
            "8": {
                "type": "o",
                "bias": -0.1599434960772146
            },
            "9": {
                "type": "o",
                "bias": -0.042745025538676686
            },
            "10": {
                "type": "o",
                "bias": 0.023504440378126552
            },
            "11": {
                "type": "o",
                "bias": 0.05560917647990239
            }
        },
        "synapses": {
            "12": {
                "nrn_to": 9,
                "nrn_from": 7,
                "weight": 0.1224615471758913,
                "active": false
            },
            "13": {
                "nrn_to": 9,
                "nrn_from": 4,
                "weight": -0.1740658056383669,
                "active": true
            },
            "14": {
                "nrn_to": 9,
                "nrn_from": 0,
                "weight": 0.07672137771032422,
                "active": true
            },
            "16": {
                "nrn_to": 11,
                "nrn_from": 4,
                "weight": 2.8955444054962687,
                "active": true
            },
            "17": {
                "nrn_to": 8,
                "nrn_from": 7,
                "weight": -0.14935923166215082,
                "active": false
            },
            "18": {
                "nrn_to": 10,
                "nrn_from": 7,
                "weight": -1.4881547790877634,
                "active": true
            },
            "19": {
                "nrn_to": 9,
                "nrn_from": 2,
                "weight": 0.543289850470623,
                "active": true
            },
            "20": {
                "nrn_to": 11,
                "nrn_from": 1,
                "weight": -1.1418045588652905,
                "active": false
            },
            "21": {
                "nrn_to": 8,
                "nrn_from": 3,
                "weight": 1.0074796547033937,
                "active": true
            },
            "22": {
                "nrn_to": 11,
                "nrn_from": 3,
                "weight": -0.07236556402740614,
                "active": false
            },
            "24": {
                "nrn_to": 11,
                "nrn_from": 6,
                "weight": -0.1462676816014208,
                "active": true
            },
            "26": {
                "nrn_to": 8,
                "nrn_from": 0,
                "weight": -0.5192421629938015,
                "active": true
            },
            "27": {
                "nrn_to": 10,
                "nrn_from": 6,
                "weight": -0.554677003714343,
                "active": true
            },
            "28": {
                "nrn_to": 8,
                "nrn_from": 2,
                "weight": 0.5399671151007044,
                "active": false
            },
            "29": {
                "nrn_to": 10,
                "nrn_from": 3,
                "weight": -0.536743413056353,
                "active": true
            },
            "30": {
                "nrn_to": 10,
                "nrn_from": 5,
                "weight": -0.5131253732603599,
                "active": true
            },
            "31": {
                "nrn_to": 8,
                "nrn_from": 5,
                "weight": -0.9293048589920339,
                "active": false
            },
            "32": {
                "nrn_to": 8,
                "nrn_from": 1,
                "weight": 1.3362143217330764,
                "active": false
            },
            "36": {
                "nrn_to": 11,
                "nrn_from": 5,
                "weight": 0.37712734122149466,
                "active": false
            },
            "37": {
                "nrn_to": 11,
                "nrn_from": 0,
                "weight": -1.0541033964242321,
                "active": true
            },
            "38": {
                "nrn_to": 8,
                "nrn_from": 6,
                "weight": 0.35622654103719203,
                "active": true
            },
            "39": {
                "nrn_to": 9,
                "nrn_from": 5,
                "weight": -3.0,
                "active": true
            },
            "54": {
                "nrn_to": 9,
                "nrn_from": 1,
                "weight": 0.19416720224277834,
                "active": true
            },
            "15": {
                "nrn_to": 10,
                "nrn_from": 2,
                "weight": 0.1300706194796286,
                "active": true
            }
        }
    }
}