{
    "N hidden nrns": 1,
    "genome dict": {
        "neurons": {
            "0": {
                "type": "i",
                "bias": 0.22626462221888746
            },
            "1": {
                "type": "i",
                "bias": -0.05312819301819966
            },
            "2": {
                "type": "i",
                "bias": 0.14049498358007118
            },
            "3": {
                "type": "o",
                "bias": -0.08322174897454668
            },
            "41": {
                "type": "h",
                "bias": -0.6426322557836004
            }
        },
        "synapses": {
            "51": {
                "nrn_to": 41,
                "nrn_from": 1,
                "weight": -0.2817119977905577,
                "active": false
            },
            "4": {
                "nrn_to": 3,
                "nrn_from": 1,
                "weight": -0.1414371792542299,
                "active": true
            },
            "5": {
                "nrn_to": 3,
                "nrn_from": 0,
                "weight": -0.7601887768148067,
                "active": true
            },
            "6": {
                "nrn_to": 3,
                "nrn_from": 2,
                "weight": 0.21305725961984012,
                "active": true
            },
            "56": {
                "nrn_to": 41,
                "nrn_from": 2,
                "weight": 0.5558065612190257,
                "active": true
            },
            "42": {
                "active": true,
                "nrn_to": 41,
                "nrn_from": 0,
                "weight": 1.0378059602046574
            },
            "43": {
                "active": true,
                "nrn_to": 3,
                "nrn_from": 41,
                "weight": -0.753671650073236
            }
        }
    }
}