{
    "N hidden nrns": 0,
    "genome dict": {
        "neurons": {
            "0": {
                "type": "i",
                "bias": 0.7661929258346896
            },
            "1": {
                "type": "i",
                "bias": -0.03208576188207188
            },
            "2": {
                "type": "i",
                "bias": -0.02708848462075368
            },
            "3": {
                "type": "o",
                "bias": -0.0680809012511768
            }
        },
        "synapses": {
            "4": {
                "nrn_to": 3,
                "nrn_from": 1,
                "weight": 0.6809940600183193,
                "active": true
            },
            "5": {
                "nrn_to": 3,
                "nrn_from": 0,
                "weight": -0.09538271080103168,
                "active": true
            },
            "6": {
                "nrn_to": 3,
                "nrn_from": 2,
                "weight": 0.0547791287779645,
                "active": true
            }
        }
    }
}