{
    "N hidden nrns": 0,
    "genome dict": {
        "neurons": {
            "0": {
                "type": "i",
                "bias": 0.14333883688061483
            },
            "1": {
                "type": "i",
                "bias": 0.048690553596904045
            },
            "2": {
                "type": "i",
                "bias": -0.09272057611205083
            },
            "3": {
                "type": "o",
                "bias": 0.0018981309389948166
            }
        },
        "synapses": {
            "4": {
                "nrn_to": 3,
                "nrn_from": 0,
                "weight": 0.07262113315503767,
                "active": true
            }
        }
    }
}