{
    "N hidden nrns": 0,
    "genome dict": {
        "neurons": {
            "0": {
                "type": "i",
                "bias": -0.03687018297903452
            },
            "1": {
                "type": "i",
                "bias": 0.07154139068407762
            },
            "2": {
                "type": "i",
                "bias": -0.00968134305675067
            },
            "3": {
                "type": "o",
                "bias": 0.01670059357083154
            }
        },
        "synapses": {
            "4": {
                "nrn_to": 3,
                "nrn_from": 0,
                "weight": -0.2799141994429632,
                "active": true
            },
            "5": {
                "nrn_to": 3,
                "nrn_from": 2,
                "weight": 0.08061360446736249,
                "active": true
            },
            "6": {
                "nrn_to": 3,
                "nrn_from": 1,
                "weight": 0.1939133275615283,
                "active": true
            }
        }
    }
}