{
    "N hidden nrns": 0,
    "genome dict": {
        "neurons": {
            "0": {
                "type": "i",
                "bias": -0.05253696399064109
            },
            "1": {
                "type": "i",
                "bias": -0.07456009860699674
            },
            "2": {
                "type": "i",
                "bias": -0.007527061893373724
            },
            "3": {
                "type": "o",
                "bias": -0.08197122190298194
            }
        },
        "synapses": {
            "4": {
                "nrn_to": 3,
                "nrn_from": 1,
                "weight": 0.5915241529857785,
                "active": true
            },
            "5": {
                "nrn_to": 3,
                "nrn_from": 2,
                "weight": 0.0660778787329826,
                "active": true
            },
            "6": {
                "nrn_to": 3,
                "nrn_from": 0,
                "weight": -0.2851292578049381,
                "active": true
            }
        }
    }
}