{
    "N hidden nrns": 0,
    "genome dict": {
        "neurons": {
            "0": {
                "type": "i",
                "bias": -0.016153741552249926
            },
            "1": {
                "type": "i",
                "bias": 0.017426662036770707
            },
            "2": {
                "type": "i",
                "bias": 0.0
            },
            "3": {
                "type": "o",
                "bias": 0.022182144723895455
            }
        },
        "synapses": {
            "6": {
                "nrn_to": 3,
                "nrn_from": 2,
                "weight": 0.10822729774771528,
                "active": true
            },
            "5": {
                "nrn_to": 3,
                "nrn_from": 1,
                "weight": 0.5359515032237827,
                "active": true
            }
        }
    }
}