{
    "Num species": 1,
    "Species 0 num animals": 60,
    "Species 0 top fitness": -1657.1038377402585,
    "Species 0 mean fitness": -1689.1559968707925,
    "Species 0 std fitness": 25.337767173317914,
    "Species 0 top animal N hidden neurons": 0,
    "Species 0 top animal N synapses": 3,
    "Species 0 top animal": {
        "neurons": {
            "0": {
                "type": "i",
                "bias": -0.17646451093444215
            },
            "1": {
                "type": "i",
                "bias": -0.07478365672322378
            },
            "2": {
                "type": "i",
                "bias": 0.10938140191374437
            },
            "3": {
                "type": "o",
                "bias": -1.0034446353332382
            }
        },
        "synapses": {
            "4": {
                "nrn_to": 3,
                "nrn_from": 0,
                "weight": -1.5260493953709535,
                "active": true
            },
            "5": {
                "nrn_to": 3,
                "nrn_from": 1,
                "weight": 0.5136983700653841,
                "active": true
            },
            "6": {
                "nrn_to": 3,
                "nrn_from": 2,
                "weight": 0.11098270237334407,
                "active": true
            }
        }
    }
}