{
    "Num species": 1,
    "Species 0 num animals": 60,
    "Species 0 top fitness": -1445.0696307205606,
    "Species 0 mean fitness": -1509.5358006822723,
    "Species 0 std fitness": 54.73873911708822,
    "Species 0 top animal N hidden neurons": 0,
    "Species 0 top animal N synapses": 3,
    "Species 0 top animal": {
        "neurons": {
            "0": {
                "type": "i",
                "bias": -0.35382756231442
            },
            "1": {
                "type": "i",
                "bias": 0.029372671054964827
            },
            "2": {
                "type": "i",
                "bias": 1.034266629906763
            },
            "3": {
                "type": "o",
                "bias": -2.3798210911305446
            }
        },
        "synapses": {
            "4": {
                "nrn_to": 3,
                "nrn_from": 0,
                "weight": -1.3387747164747537,
                "active": true
            },
            "5": {
                "nrn_to": 3,
                "nrn_from": 1,
                "weight": 3.0,
                "active": true
            },
            "6": {
                "nrn_to": 3,
                "nrn_from": 2,
                "weight": 0.1484415998633218,
                "active": true
            }
        }
    }
}