{
    "Num species": 1,
    "Species 0 num animals": 60,
    "Species 0 top fitness": -1661.8339399108243,
    "Species 0 mean fitness": -1701.6283488885251,
    "Species 0 std fitness": 51.9049739790897,
    "Species 0 top animal N hidden neurons": 0,
    "Species 0 top animal N synapses": 3,
    "Species 0 top animal": {
        "neurons": {
            "0": {
                "type": "i",
                "bias": 0.42603454736501045
            },
            "1": {
                "type": "i",
                "bias": 0.4293653185916526
            },
            "2": {
                "type": "i",
                "bias": 1.4476461875241295
            },
            "3": {
                "type": "o",
                "bias": -2.908051554273605
            }
        },
        "synapses": {
            "4": {
                "nrn_to": 3,
                "nrn_from": 0,
                "weight": -3.0,
                "active": true
            },
            "5": {
                "nrn_to": 3,
                "nrn_from": 1,
                "weight": 2.892393593631866,
                "active": true
            },
            "6": {
                "nrn_to": 3,
                "nrn_from": 2,
                "weight": 0.36946461896587984,
                "active": true
            }
        }
    }
}