{
    "Num species": 1,
    "Species 0 num animals": 60,
    "Species 0 top fitness": -1637.4365707926393,
    "Species 0 mean fitness": -1682.0069275557282,
    "Species 0 std fitness": 46.691014130421145,
    "Species 0 top animal N hidden neurons": 0,
    "Species 0 top animal N synapses": 3,
    "Species 0 top animal": {
        "neurons": {
            "0": {
                "type": "i",
                "bias": 0.35798138524624845
            },
            "1": {
                "type": "i",
                "bias": 0.39037614725488623
            },
            "2": {
                "type": "i",
                "bias": -0.0928618444493186
            },
            "3": {
                "type": "o",
                "bias": -0.6856976594460276
            }
        },
        "synapses": {
            "4": {
                "nrn_to": 3,
                "nrn_from": 0,
                "weight": -1.0504348425013612,
                "active": true
            },
            "5": {
                "nrn_to": 3,
                "nrn_from": 1,
                "weight": 1.1422339724287895,
                "active": true
            },
            "6": {
                "nrn_to": 3,
                "nrn_from": 2,
                "weight": 0.16392991756912725,
                "active": true
            }
        }
    }
}