{
    "Num species": 1,
    "Species 0 num animals": 60,
    "Species 0 top fitness": -1660.985715284495,
    "Species 0 mean fitness": -1689.7031480723374,
    "Species 0 std fitness": 20.855176340003087,
    "Species 0 top animal N hidden neurons": 0,
    "Species 0 top animal N synapses": 3,
    "Species 0 top animal": {
        "neurons": {
            "0": {
                "type": "i",
                "bias": -0.38870318840547696
            },
            "1": {
                "type": "i",
                "bias": 1.3825011175288624
            },
            "2": {
                "type": "i",
                "bias": 0.7020088974594669
            },
            "3": {
                "type": "o",
                "bias": -2.832410310999186
            }
        },
        "synapses": {
            "4": {
                "nrn_to": 3,
                "nrn_from": 0,
                "weight": -2.9683361656130693,
                "active": true
            },
            "5": {
                "nrn_to": 3,
                "nrn_from": 1,
                "weight": 2.9846703554512195,
                "active": true
            },
            "6": {
                "nrn_to": 3,
                "nrn_from": 2,
                "weight": 0.2744960095581147,
                "active": true
            }
        }
    }
}