{
    "Num species": 1,
    "Species 0 num animals": 60,
    "Species 0 top fitness": -1781.6347023491112,
    "Species 0 mean fitness": -1852.0129729425657,
    "Species 0 std fitness": 70.36257585184505,
    "Species 0 top animal N hidden neurons": 0,
    "Species 0 top animal N synapses": 3,
    "Species 0 top animal": {
        "neurons": {
            "0": {
                "type": "i",
                "bias": -0.02553068558877201
            },
            "1": {
                "type": "i",
                "bias": 0.1608013179465689
            },
            "2": {
                "type": "i",
                "bias": 0.008125283111512113
            },
            "3": {
                "type": "o",
                "bias": -0.30861214659291053
            }
        },
        "synapses": {
            "4": {
                "nrn_to": 3,
                "nrn_from": 1,
                "weight": 0.514019430539278,
                "active": true
            },
            "5": {
                "nrn_to": 3,
                "nrn_from": 2,
                "weight": 0.09801490737777577,
                "active": true
            },
            "6": {
                "nrn_to": 3,
                "nrn_from": 0,
                "weight": -0.47769603496286916,
                "active": true
            }
        }
    }
}