{
    "Num species": 4,
    "Species 0 num animals": 10,
    "Species 0 top fitness": -1727.5363724285157,
    "Species 0 mean fitness": -1775.8670202720793,
    "Species 0 std fitness": 39.3032642585517,
    "Species 0 top animal N hidden neurons": 0,
    "Species 0 top animal N synapses": 3,
    "Species 0 top animal": {
        "neurons": {
            "0": {
                "type": "i",
                "bias": 0.1536054853747831
            },
            "1": {
                "type": "i",
                "bias": 0.7485900846810757
            },
            "2": {
                "type": "i",
                "bias": 0.13186856685018722
            },
            "3": {
                "type": "o",
                "bias": -0.9237863351383075
            }
        },
        "synapses": {
            "4": {
                "nrn_to": 3,
                "nrn_from": 2,
                "weight": 0.16556469190076709,
                "active": true
            },
            "5": {
                "nrn_to": 3,
                "nrn_from": 0,
                "weight": -1.2671533996206452,
                "active": true
            },
            "6": {
                "nrn_to": 3,
                "nrn_from": 1,
                "weight": 1.369823543359707,
                "active": true
            }
        }
    },
    "Species 2 num animals": 8,
    "Species 2 top fitness": -1565.4292979200354,
    "Species 2 mean fitness": -1651.3460955513892,
    "Species 2 std fitness": 70.33049963530956,
    "Species 2 top animal N hidden neurons": 2,
    "Species 2 top animal N synapses": 9,
    "Species 2 top animal": {
        "neurons": {
            "0": {
                "type": "i",
                "bias": 0.3653281561564897
            },
            "1": {
                "type": "i",
                "bias": 0.4579923938953047
            },
            "2": {
                "type": "i",
                "bias": 0.12012356004556027
            },
            "3": {
                "type": "o",
                "bias": -1.2614536306666797
            },
            "235": {
                "type": "h",
                "bias": -0.009390424097684943
            },
            "150": {
                "type": "h",
                "bias": 0.006732633757681475
            }
        },
        "synapses": {
            "4": {
                "nrn_to": 3,
                "nrn_from": 2,
                "weight": 0.32360258984457,
                "active": true
            },
            "5": {
                "nrn_to": 3,
                "nrn_from": 0,
                "weight": -1.212911760046072,
                "active": true
            },
            "6": {
                "nrn_to": 3,
                "nrn_from": 1,
                "weight": 2.7772088123829137,
                "active": true
            },
            "236": {
                "active": true,
                "nrn_to": 235,
                "nrn_from": 150,
                "weight": 0.9471320027617702
            },
            "237": {
                "active": true,
                "nrn_to": 3,
                "nrn_from": 235,
                "weight": -2.437931606306763
            },
            "151": {
                "active": true,
                "nrn_to": 150,
                "nrn_from": 0,
                "weight": 2.2404813081030213
            },
            "152": {
                "active": false,
                "nrn_to": 3,
                "nrn_from": 150,
                "weight": -2.437931606306763
            },
            "156": {
                "nrn_to": 150,
                "nrn_from": 1,
                "weight": 1.4237789114369783,
                "active": true
            },
            "157": {
                "nrn_to": 150,
                "nrn_from": 2,
                "weight": 0.420940553279621,
                "active": true
            }
        }
    },
    "Species 3 num animals": 13,
    "Species 3 top fitness": -1641.9739017387299,
    "Species 3 mean fitness": -1718.4702616977743,
    "Species 3 std fitness": 73.4584124065879,
    "Species 3 top animal N hidden neurons": 1,
    "Species 3 top animal N synapses": 7,
    "Species 3 top animal": {
        "neurons": {
            "0": {
                "type": "i",
                "bias": 0.41289301277410984
            },
            "1": {
                "type": "i",
                "bias": 0.24901865882271323
            },
            "2": {
                "type": "i",
                "bias": 0.08836711428720864
            },
            "3": {
                "type": "o",
                "bias": -0.7722526352055985
            },
            "150": {
                "type": "h",
                "bias": 0.2231958119563253
            }
        },
        "synapses": {
            "4": {
                "nrn_to": 3,
                "nrn_from": 2,
                "weight": 0.2008909771479314,
                "active": true
            },
            "5": {
                "nrn_to": 3,
                "nrn_from": 0,
                "weight": -1.2287385157448092,
                "active": true
            },
            "6": {
                "nrn_to": 3,
                "nrn_from": 1,
                "weight": 2.6853567479329787,
                "active": true
            },
            "151": {
                "active": true,
                "nrn_to": 150,
                "nrn_from": 0,
                "weight": 0.4843591945653401
            },
            "152": {
                "active": true,
                "nrn_to": 3,
                "nrn_from": 150,
                "weight": -1.294364822750764
            },
            "156": {
                "nrn_to": 150,
                "nrn_from": 1,
                "weight": 1.3905037391835957,
                "active": true
            },
            "157": {
                "nrn_to": 150,
                "nrn_from": 2,
                "weight": -0.22658406006482362,
                "active": true
            }
        }
    },
    "Species 1 num animals": 29,
    "Species 1 top fitness": -1509.972010411147,
    "Species 1 mean fitness": -1536.5280910032882,
    "Species 1 std fitness": 12.976860078619072,
    "Species 1 top animal N hidden neurons": 2,
    "Species 1 top animal N synapses": 9,
    "Species 1 top animal": {
        "neurons": {
            "0": {
                "type": "i",
                "bias": 0.8152575307682142
            },
            "1": {
                "type": "i",
                "bias": 0.21023051899198275
            },
            "2": {
                "type": "i",
                "bias": 0.27421195848788293
            },
            "3": {
                "type": "o",
                "bias": -0.674995351444756
            },
            "150": {
                "type": "h",
                "bias": -0.20748793641448382
            },
            "189": {
                "type": "h",
                "bias": 0.1939553141416856
            }
        },
        "synapses": {
            "4": {
                "nrn_to": 3,
                "nrn_from": 2,
                "weight": -0.10521982247913635,
                "active": true
            },
            "5": {
                "nrn_to": 3,
                "nrn_from": 0,
                "weight": -1.8966110125877935,
                "active": true
            },
            "6": {
                "nrn_to": 3,
                "nrn_from": 1,
                "weight": 2.856851650445515,
                "active": true
            },
            "203": {
                "nrn_to": 189,
                "nrn_from": 2,
                "weight": 0.11019527736192102,
                "active": true
            },
            "151": {
                "nrn_to": 150,
                "nrn_from": 0,
                "weight": 0.030418671428282085,
                "active": true
            },
            "152": {
                "active": true,
                "nrn_to": 3,