{
    "Num species": 1,
    "Species 0 num animals": 60,
    "Species 0 top fitness": -1657.5439930484847,
    "Species 0 mean fitness": -1706.6778754519573,
    "Species 0 std fitness": 22.313345424686737,
    "Species 0 top animal N hidden neurons": 0,
    "Species 0 top animal N synapses": 3,
    "Species 0 top animal": {
        "neurons": {
            "0": {
                "type": "i",
                "bias": 0.14116122401657763
            },
            "1": {
                "type": "i",
                "bias": -0.0030203694678772666
            },
            "2": {
                "type": "i",
                "bias": 0.03130493687621844
            },
            "3": {
                "type": "o",
                "bias": -0.22505633355173177
            }
        },
        "synapses": {
            "4": {
                "nrn_to": 3,
                "nrn_from": 0,
                "weight": -0.39283918642578963,
                "active": true
            },
            "5": {
                "nrn_to": 3,
                "nrn_from": 1,
                "weight": 0.4254446854867248,
                "active": true
            },
            "6": {
                "nrn_to": 3,
                "nrn_from": 2,
                "weight": 0.0724717314432063,
                "active": true
            }
        }
    }
}