{
    "Num species": 1,
    "Species 0 num animals": 60,
    "Species 0 top fitness": -1588.6763139546993,
    "Species 0 mean fitness": -1640.792860361364,
    "Species 0 std fitness": 54.73744670562163,
    "Species 0 top animal N hidden neurons": 0,
    "Species 0 top animal N synapses": 3,
    "Species 0 top animal": {
        "neurons": {
            "0": {
                "type": "i",
                "bias": 0.3596269082038438
            },
            "1": {
                "type": "i",
                "bias": -0.03162615098859604
            },
            "2": {
                "type": "i",
                "bias": 0.1090868603699429
            },
            "3": {
                "type": "o",
                "bias": -0.28598312582859
            }
        },
        "synapses": {
            "4": {
                "nrn_to": 3,
                "nrn_from": 0,
                "weight": -0.34192073622504937,
                "active": true
            },
            "5": {
                "nrn_to": 3,
                "nrn_from": 1,
                "weight": 0.2955627158922714,
                "active": true
            },
            "6": {
                "nrn_to": 3,
                "nrn_from": 2,
                "weight": 0.0651468155424206,
                "active": true
            }
        }
    }
}