{
    "Num species": 1,
    "Species 0 num animals": 60,
    "Species 0 top fitness": -1720.0251296064755,
    "Species 0 mean fitness": -1761.6225399918326,
    "Species 0 std fitness": 59.50254934428023,
    "Species 0 top animal N hidden neurons": 0,
    "Species 0 top animal N synapses": 3,
    "Species 0 top animal": {
        "neurons": {
            "0": {
                "type": "i",
                "bias": 0.7075238741397492
            },
            "1": {
                "type": "i",
                "bias": 0.05346945246519971
            },
            "2": {
                "type": "i",
                "bias": 0.03496262227439216
            },
            "3": {
                "type": "o",
                "bias": -0.34697279676563597
            }
        },
        "synapses": {
            "4": {
                "nrn_to": 3,
                "nrn_from": 0,
                "weight": -0.623595034325367,
                "active": true
            },
            "5": {
                "nrn_to": 3,
                "nrn_from": 1,
                "weight": 0.4129888744002793,
                "active": true
            },
            "6": {
                "nrn_to": 3,
                "nrn_from": 2,
                "weight": 0.09969683370805264,
                "active": true
            }
        }
    }
}