{
    "Num species": 1,
    "Species 0 num animals": 60,
    "Species 0 top fitness": -1512.1676954780676,
    "Species 0 mean fitness": -1580.7483776191787,
    "Species 0 std fitness": 123.11598282195345,
    "Species 0 top animal N hidden neurons": 0,
    "Species 0 top animal N synapses": 3,
    "Species 0 top animal": {
        "neurons": {
            "0": {
                "type": "i",
                "bias": -0.23849069233630849
            },
            "1": {
                "type": "i",
                "bias": -0.041667278281412465
            },
            "2": {
                "type": "i",
                "bias": 0.22859395714581912
            },
            "3": {
                "type": "o",
                "bias": -2.3524942723920024
            }
        },
        "synapses": {
            "4": {
                "nrn_to": 3,
                "nrn_from": 0,
                "weight": -2.6473638154623362,
                "active": true
            },
            "5": {
                "nrn_to": 3,
                "nrn_from": 1,
                "weight": 1.5039483253803871,
                "active": true
            },
            "6": {
                "nrn_to": 3,
                "nrn_from": 2,
                "weight": 0.08737233150164432,
                "active": true
            }
        }
    }
}