{
    "Num species": 1,
    "Species 0 num animals": 60,
    "Species 0 top fitness": -1533.7181917536607,
    "Species 0 mean fitness": -1580.9116944195391,
    "Species 0 std fitness": 36.503126403371866,
    "Species 0 top animal N hidden neurons": 0,
    "Species 0 top animal N synapses": 3,
    "Species 0 top animal": {
        "neurons": {
            "0": {
                "type": "i",
                "bias": 0.2974185850308124
            },
            "1": {
                "type": "i",
                "bias": 0.39007759792123387
            },
            "2": {
                "type": "i",
                "bias": 0.10362538098279149
            },
            "3": {
                "type": "o",
                "bias": -1.0723776429988456
            }
        },
        "synapses": {
            "4": {
                "nrn_to": 3,
                "nrn_from": 2,
                "weight": 0.10353076711032196,
                "active": true
            },
            "5": {
                "nrn_to": 3,
                "nrn_from": 0,
                "weight": -1.1665329757348022,
                "active": true
            },
            "6": {
                "nrn_to": 3,
                "nrn_from": 1,
                "weight": 1.3883148165037142,
                "active": true
            }
        }
    }
}