{
    "Num species": 1,
    "Species 0 num animals": 60,
    "Species 0 top fitness": -1540.5971085491144,
    "Species 0 mean fitness": -1611.6887703151322,
    "Species 0 std fitness": 70.95497636887987,
    "Species 0 top animal N hidden neurons": 0,
    "Species 0 top animal N synapses": 3,
    "Species 0 top animal": {
        "neurons": {
            "0": {
                "type": "i",
                "bias": 0.18418265212133497
            },
            "1": {
                "type": "i",
                "bias": -0.05392331690378579
            },
            "2": {
                "type": "i",
                "bias": 0.03130493687621844
            },
            "3": {
                "type": "o",
                "bias": -0.18348289344586238
            }
        },
        "synapses": {
            "4": {
                "nrn_to": 3,
                "nrn_from": 0,
                "weight": -0.39283918642578963,
                "active": true
            },
            "5": {
                "nrn_to": 3,
                "nrn_from": 1,
                "weight": 0.4192365170747386,
                "active": true
            },
            "6": {
                "nrn_to": 3,
                "nrn_from": 2,
                "weight": 0.0724717314432063,
                "active": true
            }
        }
    }
}