{
    "Num species": 1,
    "Species 0 num animals": 60,
    "Species 0 top fitness": -1658.147255243895,
    "Species 0 mean fitness": -1696.3765968199093,
    "Species 0 std fitness": 25.12531433495236,
    "Species 0 top animal N hidden neurons": 0,
    "Species 0 top animal N synapses": 3,
    "Species 0 top animal": {
        "neurons": {
            "0": {
                "type": "i",
                "bias": 0.11530553281137136
            },
            "1": {
                "type": "i",
                "bias": 0.39123417720131215
            },
            "2": {
                "type": "i",
                "bias": 0.04085049643407024
            },
            "3": {
                "type": "o",
                "bias": -0.7897372112898919
            }
        },
        "synapses": {
            "4": {
                "nrn_to": 3,
                "nrn_from": 2,
                "weight": 0.13517764973510604,
                "active": true
            },
            "5": {
                "nrn_to": 3,
                "nrn_from": 0,
                "weight": -1.1153894344473272,
                "active": true
            },
            "6": {
                "nrn_to": 3,
                "nrn_from": 1,
                "weight": 1.0964933884554047,
                "active": true
            }
        }
    }
}