{
    "Num species": 1,
    "Species 0 num animals": 60,
    "Species 0 top fitness": -1718.3870495244119,
    "Species 0 mean fitness": -1748.9920775874066,
    "Species 0 std fitness": 41.118254100334426,
    "Species 0 top animal N hidden neurons": 0,
    "Species 0 top animal N synapses": 3,
    "Species 0 top animal": {
        "neurons": {
            "0": {
                "type": "i",
                "bias": -0.14899271162206337
            },
            "1": {
                "type": "i",
                "bias": 0.5202226817716429
            },
            "2": {
                "type": "i",
                "bias": 0.6783347325263194
            },
            "3": {
                "type": "o",
                "bias": -1.7757771650390037
            }
        },
        "synapses": {
            "4": {
                "nrn_to": 3,
                "nrn_from": 0,
                "weight": -3.0,
                "active": true
            },
            "5": {
                "nrn_to": 3,
                "nrn_from": 1,
                "weight": 1.887832246096957,
                "active": true
            },
            "6": {
                "nrn_to": 3,
                "nrn_from": 2,
                "weight": 0.16336967453352122,
                "active": true
            }
        }
    }
}