{
    "Num species": 1,
    "Species 0 num animals": 60,
    "Species 0 top fitness": -1690.8396277362056,
    "Species 0 mean fitness": -1732.7989987636215,
    "Species 0 std fitness": 57.829533484405765,
    "Species 0 top animal N hidden neurons": 0,
    "Species 0 top animal N synapses": 3,
    "Species 0 top animal": {
        "neurons": {
            "0": {
                "type": "i",
                "bias": -0.01406082309142734
            },
            "1": {
                "type": "i",
                "bias": -0.031222417752991366
            },
            "2": {
                "type": "i",
                "bias": 0.027936793736655162
            },
            "3": {
                "type": "o",
                "bias": -0.14371132275097423
            }
        },
        "synapses": {
            "4": {
                "nrn_to": 3,
                "nrn_from": 0,
                "weight": -0.3522164916105851,
                "active": true
            },
            "5": {
                "nrn_to": 3,
                "nrn_from": 1,
                "weight": 0.25572508459144844,
                "active": true
            },
            "6": {
                "nrn_to": 3,
                "nrn_from": 2,
                "weight": 0.09616937643311965,
                "active": true
            }
        }
    }
}