{
    "Num species": 1,
    "Species 0 num animals": 60,
    "Species 0 top fitness": -1685.9826945244627,
    "Species 0 mean fitness": -1746.2884714147954,
    "Species 0 std fitness": 60.89978860101744,
    "Species 0 top animal N hidden neurons": 0,
    "Species 0 top animal N synapses": 3,
    "Species 0 top animal": {
        "neurons": {
            "0": {
                "type": "i",
                "bias": 0.17091616252006359
            },
            "1": {
                "type": "i",
                "bias": -0.004875780115141955
            },
            "2": {
                "type": "i",
                "bias": -0.04935801768828367
            },
            "3": {
                "type": "o",
                "bias": -0.13901987973930605
            }
        },
        "synapses": {
            "4": {
                "nrn_to": 3,
                "nrn_from": 0,
                "weight": -0.33734451210294997,
                "active": true
            },
            "5": {
                "nrn_to": 3,
                "nrn_from": 1,
                "weight": 0.15774796913394742,
                "active": true
            },
            "6": {
                "nrn_to": 3,
                "nrn_from": 2,
                "weight": 0.0769559757231939,
                "active": true
            }
        }
    }
}