{
    "Num species": 1,
    "Species 0 num animals": 60,
    "Species 0 top fitness": -1580.5509099467274,
    "Species 0 mean fitness": -1630.2123959987753,
    "Species 0 std fitness": 62.31110013172007,
    "Species 0 top animal N hidden neurons": 0,
    "Species 0 top animal N synapses": 3,
    "Species 0 top animal": {
        "neurons": {
            "0": {
                "type": "i",
                "bias": -0.09332963635493781
            },
            "1": {
                "type": "i",
                "bias": 0.17157070483143144
            },
            "2": {
                "type": "i",
                "bias": 0.3223155570976346
            },
            "3": {
                "type": "o",
                "bias": -1.0187719163184914
            }
        },
        "synapses": {
            "4": {
                "nrn_to": 3,
                "nrn_from": 0,
                "weight": -1.409844487101239,
                "active": true
            },
            "5": {
                "nrn_to": 3,
                "nrn_from": 1,
                "weight": 0.862393910484984,
                "active": true
            },
            "6": {
                "nrn_to": 3,
                "nrn_from": 2,
                "weight": 0.15169541499577452,
                "active": true
            }
        }
    }
}