{
    "Num species": 5,
    "Species 0 num animals": 5,
    "Species 0 top fitness": -1691.7529865734218,
    "Species 0 mean fitness": -1706.1586894571744,
    "Species 0 std fitness": 11.979414608214988,
    "Species 0 top animal N hidden neurons": 0,
    "Species 0 top animal N synapses": 3,
    "Species 0 top animal": {
        "neurons": {
            "0": {
                "type": "i",
                "bias": 0.22026687102352774
            },
            "1": {
                "type": "i",
                "bias": 0.7485900846810757
            },
            "2": {
                "type": "i",
                "bias": 0.13186856685018722
            },
            "3": {
                "type": "o",
                "bias": -0.9237863351383075
            }
        },
        "synapses": {
            "4": {
                "nrn_to": 3,
                "nrn_from": 2,
                "weight": 0.1558786434061923,
                "active": true
            },
            "5": {
                "nrn_to": 3,
                "nrn_from": 0,
                "weight": -1.2630524568603159,
                "active": true
            },
            "6": {
                "nrn_to": 3,
                "nrn_from": 1,
                "weight": 1.4403182283183957,
                "active": true
            }
        }
    },
    "Species 3 num animals": 13,
    "Species 3 top fitness": -1616.656615593437,
    "Species 3 mean fitness": -1639.8901716867745,
    "Species 3 std fitness": 26.50960934009524,
    "Species 3 top animal N hidden neurons": 1,
    "Species 3 top animal N synapses": 7,
    "Species 3 top animal": {
        "neurons": {
            "0": {
                "type": "i",
                "bias": 0.4541164869369052
            },
            "1": {
                "type": "i",
                "bias": 0.3764463914943518
            },
            "2": {
                "type": "i",
                "bias": 0.08836711428720864
            },
            "3": {
                "type": "o",
                "bias": -0.8273707001007268
            },
            "150": {
                "type": "h",
                "bias": 0.2231958119563253
            }
        },
        "synapses": {
            "4": {
                "nrn_to": 3,
                "nrn_from": 2,
                "weight": 0.2014299926253341,
                "active": true
            },
            "5": {
                "nrn_to": 3,
                "nrn_from": 0,
                "weight": -1.2287385157448092,
                "active": true
            },
            "6": {
                "nrn_to": 3,
                "nrn_from": 1,
                "weight": 2.6853567479329787,
                "active": true
            },
            "151": {
                "active": true,
                "nrn_to": 150,
                "nrn_from": 0,
                "weight": 0.3795341553557759
            },
            "152": {
                "active": true,
                "nrn_to": 3,
                "nrn_from": 150,
                "weight": -1.2618917152487354
            },
            "156": {
                "nrn_to": 150,
                "nrn_from": 1,
                "weight": 1.4974464660835225,
                "active": true
            },
            "157": {
                "nrn_to": 150,
                "nrn_from": 2,
                "weight": -0.30174124948519876,
                "active": true
            }
        }
    },
    "Species 2 num animals": 24,
    "Species 2 top fitness": -1447.7541232555716,
    "Species 2 mean fitness": -1633.192076549093,
    "Species 2 std fitness": 211.35921288551702,
    "Species 2 top animal N hidden neurons": 2,
    "Species 2 top animal N synapses": 9,
    "Species 2 top animal": {
        "neurons": {
            "0": {
                "type": "i",
                "bias": 0.3653281561564897
            },
            "1": {
                "type": "i",
                "bias": 0.4810786403098157
            },
            "2": {
                "type": "i",
                "bias": 0.12012356004556027
            },
            "3": {
                "type": "o",
                "bias": -1.2614536306666797
            },
            "235": {
                "type": "h",
                "bias": -0.009390424097684943
            },
            "150": {
                "type": "h",
                "bias": -0.1480338344089325
            }
        },
        "synapses": {
            "4": {
                "nrn_to": 3,
                "nrn_from": 2,
                "weight": 0.4076365962302986,
                "active": true
            },
            "5": {
                "nrn_to": 3,
                "nrn_from": 0,
                "weight": -1.212911760046072,
                "active": true
            },
            "6": {
                "nrn_to": 3,
                "nrn_from": 1,
                "weight": 2.7772088123829137,
                "active": true
            },
            "236": {
                "active": true,
                "nrn_to": 235,
                "nrn_from": 150,
                "weight": 0.8999324822220052
            },
            "237": {
                "active": true,
                "nrn_to": 3,
                "nrn_from": 235,
                "weight": -2.437931606306763
            },
            "151": {
                "active": true,
                "nrn_to": 150,
                "nrn_from": 0,
                "weight": 2.194041798006646
            },
            "152": {
                "active": false,
                "nrn_to": 3,
                "nrn_from": 150,
                "weight": -2.4423874482721195
            },
            "156": {
                "nrn_to": 150,
                "nrn_from": 1,
                "weight": 1.3779530424941417,
                "active": true
            },
            "157": {
                "nrn_to": 150,
                "nrn_from": 2,
                "weight": 0.4700077834930677,
                "active": true
            }
        }
    },
    "Species 7 num animals": 1,
    "Species 7 top fitness": -1494.2702821996427,
    "Species 7 mean fitness": -1494.2702821996427,
    "Species 7 std fitness": 0.0,
    "Species 7 top animal N hidden neurons": 2,
    "Species 7 top animal N synapses": 9,
    "Species 7 top animal": {
        "neurons": {
            "0": {
                "type": "i",
                "bias": 0.5955953859191968
            },
            "1": {
                "type": "i",
                "bias": 0.9159847877906094
            },
            "2": {
                "type": "i",
                "bias": 0.12012356004556027
            },
            "3": {
                "type": "o",
                "bias": -1.316689969094637
            },
            "235": {
                "type": "h",
                "bias": -0.011546121714550025
            },
            "150": {
                "type": "h",
                "bias": -0.07924935499411814
            }
        },
        "synapses": {
            "4": {
                "nrn_to": 3,
                "nrn_from": 2,
                "weight": 0.370752967799518,
                "active": true
            },
            "5": {
                "nrn_to": 3,
                "nrn_from": 0,
                "weight": -1.212911760046072,
                "active": true
            },
            "6": {
                "nrn_to": 3,
                "nrn_from": 1,
                "weight": 2.769661090619028,
                "active": true
            },
            "236": {
                "active": true,
                "nrn_to": 235,
                "nrn_from": 150,
                "weight": 0.9876361805329146
            },
            "237": {
                "active": true,
                "nrn_to": 3,
                "nrn_from": 235,
                "weight": -2.524897977490266
            },
            "151": {
                "active": true,
                "nrn_to": 150,