{
    "Num species": 1,
    "Species 0 num animals": 60,
    "Species 0 top fitness": -1574.8309220630645,
    "Species 0 mean fitness": -1614.486929198249,
    "Species 0 std fitness": 35.64206692929796,
    "Species 0 top animal N hidden neurons": 0,
    "Species 0 top animal N synapses": 3,
    "Species 0 top animal": {
        "neurons": {
            "0": {
                "type": "i",
                "bias": 0.015222255845911857
            },
            "1": {
                "type": "i",
                "bias": 0.5874868809374807
            },
            "2": {
                "type": "i",
                "bias": 0.16619909378007705
            },
            "3": {
                "type": "o",
                "bias": -1.57309617421117
            }
        },
        "synapses": {
            "4": {
                "nrn_to": 3,
                "nrn_from": 0,
                "weight": -1.7317567153027558,
                "active": true
            },
            "5": {
                "nrn_to": 3,
                "nrn_from": 1,
                "weight": 1.47528756317526,
                "active": true
            },
            "6": {
                "nrn_to": 3,
                "nrn_from": 2,
                "weight": 0.1237656589799888,
                "active": true
            }
        }
    }
}