{
    "Num species": 1,
    "Species 0 num animals": 60,
    "Species 0 top fitness": -1642.915905255178,
    "Species 0 mean fitness": -1688.6518920415272,
    "Species 0 std fitness": 49.971814635678626,
    "Species 0 top animal N hidden neurons": 0,
    "Species 0 top animal N synapses": 3,
    "Species 0 top animal": {
        "neurons": {
            "0": {
                "type": "i",
                "bias": -0.3148867619177226
            },
            "1": {
                "type": "i",
                "bias": 0.3058843643893825
            },
            "2": {
                "type": "i",
                "bias": 0.28331537297868625
            },
            "3": {
                "type": "o",
                "bias": -0.46186585270099734
            }
        },
        "synapses": {
            "4": {
                "nrn_to": 3,
                "nrn_from": 0,
                "weight": -0.6706711231269746,
                "active": true
            },
            "5": {
                "nrn_to": 3,
                "nrn_from": 1,
                "weight": 0.8896952080473433,
                "active": true
            },
            "6": {
                "nrn_to": 3,
                "nrn_from": 2,
                "weight": 0.13994687798539335,
                "active": true
            }
        }
    }
}