{
    "Num species": 1,
    "Species 0 num animals": 60,
    "Species 0 top fitness": -1519.9066993408476,
    "Species 0 mean fitness": -1566.7631905069618,
    "Species 0 std fitness": 52.437211829716716,
    "Species 0 top animal N hidden neurons": 0,
    "Species 0 top animal N synapses": 3,
    "Species 0 top animal": {
        "neurons": {
            "0": {
                "type": "i",
                "bias": -0.24178674632477726
            },
            "1": {
                "type": "i",
                "bias": -0.2469928537856044
            },
            "2": {
                "type": "i",
                "bias": 0.26370215377265216
            },
            "3": {
                "type": "o",
                "bias": -2.254203170829294
            }
        },
        "synapses": {
            "4": {
                "nrn_to": 3,
                "nrn_from": 0,
                "weight": -2.622447355638319,
                "active": true
            },
            "5": {
                "nrn_to": 3,
                "nrn_from": 1,
                "weight": 1.560366213895503,
                "active": true
            },
            "6": {
                "nrn_to": 3,
                "nrn_from": 2,
                "weight": 0.1002531956195174,
                "active": true
            }
        }
    }
}