{
    "Num species": 1,
    "Species 0 num animals": 60,
    "Species 0 top fitness": -1723.907740910045,
    "Species 0 mean fitness": -1780.111287870969,
    "Species 0 std fitness": 57.713148525326524,
    "Species 0 top animal N hidden neurons": 0,
    "Species 0 top animal N synapses": 3,
    "Species 0 top animal": {
        "neurons": {
            "0": {
                "type": "i",
                "bias": -0.2673031880997453
            },
            "1": {
                "type": "i",
                "bias": 1.3205778007754436
            },
            "2": {
                "type": "i",
                "bias": 0.4385265902496492
            },
            "3": {
                "type": "o",
                "bias": -1.683192097326514
            }
        },
        "synapses": {
            "4": {
                "nrn_to": 3,
                "nrn_from": 0,
                "weight": -1.951337688852071,
                "active": true
            },
            "5": {
                "nrn_to": 3,
                "nrn_from": 1,
                "weight": 1.7815921898120886,
                "active": true
            },
            "6": {
                "nrn_to": 3,
                "nrn_from": 2,
                "weight": 0.19515259018506625,
                "active": true
            }
        }
    }
}