{
    "Num species": 1,
    "Species 0 num animals": 60,
    "Species 0 top fitness": -1997.1378832732275,
    "Species 0 mean fitness": -2030.3749684299416,
    "Species 0 std fitness": 98.78887220107548,
    "Species 0 top animal N hidden neurons": 0,
    "Species 0 top animal N synapses": 0,
    "Species 0 top animal": {
        "neurons": {
            "0": {
                "type": "i",
                "bias": -0.040822286322037556
            },
            "1": {
                "type": "i",
                "bias": 0.048690553596904045
            },
            "2": {
                "type": "i",
                "bias": 0.011776302033858193
            },
            "3": {
                "type": "o",
                "bias": 0.021451418316652968
            }
        },
        "synapses": {}
    }
}