{
    "Num species": 1,
    "Species 0 num animals": 60,
    "Species 0 top fitness": -1648.185421403046,
    "Species 0 mean fitness": -1717.5104162692667,
    "Species 0 std fitness": 96.02852219217004,
    "Species 0 top animal N hidden neurons": 0,
    "Species 0 top animal N synapses": 3,
    "Species 0 top animal": {
        "neurons": {
            "0": {
                "type": "i",
                "bias": 0.08972739688744821
            },
            "1": {
                "type": "i",
                "bias": -0.11274932092400688
            },
            "2": {
                "type": "i",
                "bias": 0.03185296747640589
            },
            "3": {
                "type": "o",
                "bias": -0.40679127376213337
            }
        },
        "synapses": {
            "4": {
                "nrn_to": 3,
                "nrn_from": 0,
                "weight": -0.4620037128657819,
                "active": true
            },
            "5": {
                "nrn_to": 3,
                "nrn_from": 1,
                "weight": 0.3092912941730151,
                "active": true
            },
            "6": {
                "nrn_to": 3,
                "nrn_from": 2,
                "weight": 0.023973428323823466,
                "active": true
            }
        }
    }
}