{
    "Num species": 1,
    "Species 0 num animals": 60,
    "Species 0 top fitness": -1753.8580459074856,
    "Species 0 mean fitness": -1817.667942960797,
    "Species 0 std fitness": 55.32293162180511,
    "Species 0 top animal N hidden neurons": 0,
    "Species 0 top animal N synapses": 3,
    "Species 0 top animal": {
        "neurons": {
            "0": {
                "type": "i",
                "bias": -0.16281100525438835
            },
            "1": {
                "type": "i",
                "bias": 0.16625624005541417
            },
            "2": {
                "type": "i",
                "bias": 0.06762402551359004
            },
            "3": {
                "type": "o",
                "bias": -0.5580115782687729
            }
        },
        "synapses": {
            "4": {
                "nrn_to": 3,
                "nrn_from": 1,
                "weight": 1.857795210414632,
                "active": true
            },
            "5": {
                "nrn_to": 3,
                "nrn_from": 2,
                "weight": 0.11938474919682246,
                "active": true
            },
            "6": {
                "nrn_to": 3,
                "nrn_from": 0,
                "weight": -1.4442217291198436,
                "active": true
            }
        }
    }
}