{
    "Num species": 1,
    "Species 0 num animals": 60,
    "Species 0 top fitness": -1542.1785414832564,
    "Species 0 mean fitness": -1586.0564057682093,
    "Species 0 std fitness": 58.697015388762914,
    "Species 0 top animal N hidden neurons": 0,
    "Species 0 top animal N synapses": 3,
    "Species 0 top animal": {
        "neurons": {
            "0": {
                "type": "i",
                "bias": 0.3181212599726365
            },
            "1": {
                "type": "i",
                "bias": 0.38466545537024943
            },
            "2": {
                "type": "i",
                "bias": 0.24117398253889033
            },
            "3": {
                "type": "o",
                "bias": -1.457958070984347
            }
        },
        "synapses": {
            "4": {
                "nrn_to": 3,
                "nrn_from": 0,
                "weight": -1.553240141681219,
                "active": true
            },
            "5": {
                "nrn_to": 3,
                "nrn_from": 1,
                "weight": 1.3106838203421536,
                "active": true
            },
            "6": {
                "nrn_to": 3,
                "nrn_from": 2,
                "weight": 0.13349590117400817,
                "active": true
            }
        }
    }
}