{
    "Num species": 1,
    "Species 0 num animals": 60,
    "Species 0 top fitness": -1704.6630832832518,
    "Species 0 mean fitness": -1778.6987378971592,
    "Species 0 std fitness": 142.16302834885585,
    "Species 0 top animal N hidden neurons": 0,
    "Species 0 top animal N synapses": 3,
    "Species 0 top animal": {
        "neurons": {
            "0": {
                "type": "i",
                "bias": -0.04988678091797051
            },
            "1": {
                "type": "i",
                "bias": 0.04325668407318925
            },
            "2": {
                "type": "i",
                "bias": -0.10174579729188332
            },
            "3": {
                "type": "o",
                "bias": -0.16615566006796212
            }
        },
        "synapses": {
            "4": {
                "nrn_to": 3,
                "nrn_from": 0,
                "weight": -0.43223603344781786,
                "active": true
            },
            "5": {
                "nrn_to": 3,
                "nrn_from": 2,
                "weight": 0.08061360446736249,
                "active": true
            },
            "6": {
                "nrn_to": 3,
                "nrn_from": 1,
                "weight": 0.3088235780875347,
                "active": true
            }
        }
    }
}