{
    "Num species": 1,
    "Species 0 num animals": 60,
    "Species 0 top fitness": -1696.9186762388913,
    "Species 0 mean fitness": -1759.594762900803,
    "Species 0 std fitness": 69.71365214725944,
    "Species 0 top animal N hidden neurons": 0,
    "Species 0 top animal N synapses": 3,
    "Species 0 top animal": {
        "neurons": {
            "0": {
                "type": "i",
                "bias": -0.10141326266550726
            },
            "1": {
                "type": "i",
                "bias": 0.14617107363921933
            },
            "2": {
                "type": "i",
                "bias": -0.0020073193076127413
            },
            "3": {
                "type": "o",
                "bias": -1.0922649338506984
            }
        },
        "synapses": {
            "4": {
                "nrn_to": 3,
                "nrn_from": 0,
                "weight": -1.6398292769636993,
                "active": true
            },
            "5": {
                "nrn_to": 3,
                "nrn_from": 1,
                "weight": 1.0018800319989998,
                "active": true
            },
            "6": {
                "nrn_to": 3,
                "nrn_from": 2,
                "weight": 0.11119604626355094,
                "active": true
            }
        }
    }
}