{
    "Num species": 1,
    "Species 0 num animals": 60,
    "Species 0 top fitness": -1511.0561906304692,
    "Species 0 mean fitness": -1558.357524908233,
    "Species 0 std fitness": 47.9446349701721,
    "Species 0 top animal N hidden neurons": 0,
    "Species 0 top animal N synapses": 3,
    "Species 0 top animal": {
        "neurons": {
            "0": {
                "type": "i",
                "bias": -0.298925239168333
            },
            "1": {
                "type": "i",
                "bias": 1.1341865606693384
            },
            "2": {
                "type": "i",
                "bias": 0.9314404765651224
            },
            "3": {
                "type": "o",
                "bias": -1.7422148535124444
            }
        },
        "synapses": {
            "4": {
                "nrn_to": 3,
                "nrn_from": 0,
                "weight": -1.9594907201066614,
                "active": true
            },
            "5": {
                "nrn_to": 3,
                "nrn_from": 1,
                "weight": 1.6683382567464553,
                "active": true
            },
            "6": {
                "nrn_to": 3,
                "nrn_from": 2,
                "weight": 0.10629369211029185,
                "active": true
            }
        }
    }
}