{
    "Num species": 5,
    "Species 0 num animals": 11,
    "Species 0 top fitness": -1643.5909723534908,
    "Species 0 mean fitness": -1654.960599211468,
    "Species 0 std fitness": 14.503342104486276,
    "Species 0 top animal N hidden neurons": 0,
    "Species 0 top animal N synapses": 3,
    "Species 0 top animal": {
        "neurons": {
            "0": {
                "type": "i",
                "bias": 0.1536054853747831
            },
            "1": {
                "type": "i",
                "bias": 0.8247050512491514
            },
            "2": {
                "type": "i",
                "bias": 0.14127717889001845
            },
            "3": {
                "type": "o",
                "bias": -0.974649165098048
            }
        },
        "synapses": {
            "4": {
                "nrn_to": 3,
                "nrn_from": 2,
                "weight": 0.10356394574665008,
                "active": true
            },
            "5": {
                "nrn_to": 3,
                "nrn_from": 0,
                "weight": -1.333400449658388,
                "active": true
            },
            "6": {
                "nrn_to": 3,
                "nrn_from": 1,
                "weight": 1.365977339058007,
                "active": true
            }
        }
    },
    "Species 3 num animals": 8,
    "Species 3 top fitness": -1622.7998616841,
    "Species 3 mean fitness": -1655.8017145371978,
    "Species 3 std fitness": 24.259836056531004,
    "Species 3 top animal N hidden neurons": 1,
    "Species 3 top animal N synapses": 7,
    "Species 3 top animal": {
        "neurons": {
            "0": {
                "type": "i",
                "bias": 0.3719542875290365
            },
            "1": {
                "type": "i",
                "bias": 0.2045826230072787
            },
            "2": {
                "type": "i",
                "bias": 0.07050188538581198
            },
            "3": {
                "type": "o",
                "bias": -0.6809251467911649
            },
            "150": {
                "type": "h",
                "bias": 0.18120198583265737
            }
        },
        "synapses": {
            "4": {
                "nrn_to": 3,
                "nrn_from": 2,
                "weight": 0.2008909771479314,
                "active": true
            },
            "5": {
                "nrn_to": 3,
                "nrn_from": 0,
                "weight": -1.228583281820657,
                "active": true
            },
            "6": {
                "nrn_to": 3,
                "nrn_from": 1,
                "weight": 2.75263437285644,
                "active": true
            },
            "151": {
                "active": true,
                "nrn_to": 150,
                "nrn_from": 0,
                "weight": 0.4690772701827889
            },
            "152": {
                "active": true,
                "nrn_to": 3,
                "nrn_from": 150,
                "weight": -1.2567694078746559
            },
            "156": {
                "nrn_to": 150,
                "nrn_from": 1,
                "weight": 1.3987967284386251,
                "active": true
            },
            "157": {
                "nrn_to": 150,
                "nrn_from": 2,
                "weight": 0.07216794271826181,
                "active": false
            }
        }
    },
    "Species 2 num animals": 17,
    "Species 2 top fitness": -1505.4776916828544,
    "Species 2 mean fitness": -1638.7893169199983,
    "Species 2 std fitness": 59.57572388287821,
    "Species 2 top animal N hidden neurons": 1,
    "Species 2 top animal N synapses": 7,
    "Species 2 top animal": {
        "neurons": {
            "0": {
                "type": "i",
                "bias": 0.3653281561564897
            },
            "1": {
                "type": "i",
                "bias": 0.4579923938953047
            },
            "2": {
                "type": "i",
                "bias": 0.12012356004556027
            },
            "3": {
                "type": "o",
                "bias": -1.2010406365591129
            },
            "150": {
                "type": "h",
                "bias": 0.12358887798588972
            }
        },
        "synapses": {
            "4": {
                "nrn_to": 3,
                "nrn_from": 2,
                "weight": 0.2716131724321528,
                "active": true
            },
            "5": {
                "nrn_to": 3,
                "nrn_from": 0,
                "weight": -1.212911760046072,
                "active": true
            },
            "6": {
                "nrn_to": 3,
                "nrn_from": 1,
                "weight": 2.7692543448398803,
                "active": true
            },
            "151": {
                "active": true,
                "nrn_to": 150,
                "nrn_from": 0,
                "weight": 2.328164135751388
            },
            "152": {
                "active": true,
                "nrn_to": 3,
                "nrn_from": 150,
                "weight": -2.424445267940857
            },
            "156": {
                "nrn_to": 150,
                "nrn_from": 1,
                "weight": 1.4592374912650223,
                "active": true
            },
            "157": {
                "nrn_to": 150,
                "nrn_from": 2,
                "weight": 0.3701153764116383,
                "active": true
            }
        }
    },
    "Species 5 num animals": 4,
    "Species 5 top fitness": -1502.6134160017607,
    "Species 5 mean fitness": -1505.1865554478045,
    "Species 5 std fitness": 2.4456274307980133,
    "Species 5 top animal N hidden neurons": 2,
    "Species 5 top animal N synapses": 9,
    "Species 5 top animal": {
        "neurons": {
            "0": {
                "type": "i",
                "bias": 0.8949507835119487
            },
            "1": {
                "type": "i",
                "bias": 0.2572210719611851
            },
            "2": {
                "type": "i",
                "bias": 0.23120314387707286
            },
            "3": {
                "type": "o",
                "bias": -0.7678465156930158
            },
            "150": {
                "type": "h",
                "bias": -0.027509019635746514
            },
            "189": {
                "type": "h",
                "bias": 0.0
            }
        },
        "synapses": {
            "4": {
                "nrn_to": 3,
                "nrn_from": 2,
                "weight": 0.21382902718854455,
                "active": false
            },
            "5": {
                "nrn_to": 3,
                "nrn_from": 0,
                "weight": -1.9132382909997057,
                "active": true
            },
            "6": {
                "nrn_to": 3,
                "nrn_from": 1,
                "weight": 2.8277009364974988,
                "active": true
            },
            "151": {
                "active": false,
                "nrn_to": 150,
                "nrn_from": 0,
                "weight": 0.8955222430370473
            },
            "152": {
                "active": true,
                "nrn_to": 3,
                "nrn_from": 150,
                "weight": -2.425914915301764
            },
            "157": {
                "nrn_to": 150,
                "nrn_from": 2,
                "weight": -0.7954884422290909,
                "active": true
            },
            "190": {
                "active": true,
                "nrn_to": 189,
                "nrn_from": 0,
                "weight": 0.6470453143785012
            },
            "191": {
                "active": true,
                "nrn_to": 150,
                "nrn_from": 189,
                "weight": 0.6455592152841001
            },
            "198": {
                "nrn_to": 189,