{
    "Num species": 1,
    "Species 0 num animals": 60,
    "Species 0 top fitness": -1529.6305632148585,
    "Species 0 mean fitness": -1614.1003475452678,
    "Species 0 std fitness": 103.5615302837131,
    "Species 0 top animal N hidden neurons": 0,
    "Species 0 top animal N synapses": 3,
    "Species 0 top animal": {
        "neurons": {
            "0": {
                "type": "i",
                "bias": -0.014583701685785488
            },
            "1": {
                "type": "i",
                "bias": -0.053903090570941926
            },
            "2": {
                "type": "i",
                "bias": 0.0638061596323764
            },
            "3": {
                "type": "o",
                "bias": -0.062286058288677
            }
        },
        "synapses": {
            "4": {
                "nrn_to": 3,
                "nrn_from": 0,
                "weight": -0.2072781864816905,
                "active": true
            },
            "5": {
                "nrn_to": 3,
                "nrn_from": 1,
                "weight": 0.25572508459144844,
                "active": true
            },
            "6": {
                "nrn_to": 3,
                "nrn_from": 2,
                "weight": 0.05411364887385764,
                "active": true
            }
        }
    }
}