{
    "Num species": 1,
    "Species 0 num animals": 60,
    "Species 0 top fitness": -1555.0191951551071,
    "Species 0 mean fitness": -1598.8216516898894,
    "Species 0 std fitness": 64.07012826051265,
    "Species 0 top animal N hidden neurons": 0,
    "Species 0 top animal N synapses": 3,
    "Species 0 top animal": {
        "neurons": {
            "0": {
                "type": "i",
                "bias": -0.22147233170044225
            },
            "1": {
                "type": "i",
                "bias": 0.07200729745431017
            },
            "2": {
                "type": "i",
                "bias": 0.062220671433757625
            },
            "3": {
                "type": "o",
                "bias": -0.7011995431603504
            }
        },
        "synapses": {
            "4": {
                "nrn_to": 3,
                "nrn_from": 0,
                "weight": -0.7812415535490478,
                "active": true
            },
            "5": {
                "nrn_to": 3,
                "nrn_from": 1,
                "weight": 0.6078945886112778,
                "active": true
            },
            "6": {
                "nrn_to": 3,
                "nrn_from": 2,
                "weight": 0.049315957128770314,
                "active": true
            }
        }
    }
}