{
    "Num species": 1,
    "Species 0 num animals": 60,
    "Species 0 top fitness": -1613.2811209529027,
    "Species 0 mean fitness": -1659.29707231157,
    "Species 0 std fitness": 49.71552852620275,
    "Species 0 top animal N hidden neurons": 0,
    "Species 0 top animal N synapses": 3,
    "Species 0 top animal": {
        "neurons": {
            "0": {
                "type": "i",
                "bias": -0.03578393862914378
            },
            "1": {
                "type": "i",
                "bias": 0.1323203267263179
            },
            "2": {
                "type": "i",
                "bias": -0.05158319192732894
            },
            "3": {
                "type": "o",
                "bias": -0.43073729039959774
            }
        },
        "synapses": {
            "4": {
                "nrn_to": 3,
                "nrn_from": 0,
                "weight": -0.5695498947861675,
                "active": true
            },
            "5": {
                "nrn_to": 3,
                "nrn_from": 2,
                "weight": 0.10854311325707994,
                "active": true
            },
            "6": {
                "nrn_to": 3,
                "nrn_from": 1,
                "weight": 0.7068586119648613,
                "active": true
            }
        }
    }
}