{
    "Num species": 1,
    "Species 0 num animals": 60,
    "Species 0 top fitness": -1654.2679062995533,
    "Species 0 mean fitness": -1691.327628262517,
    "Species 0 std fitness": 33.23119299241438,
    "Species 0 top animal N hidden neurons": 0,
    "Species 0 top animal N synapses": 3,
    "Species 0 top animal": {
        "neurons": {
            "0": {
                "type": "i",
                "bias": 0.23521924439052855
            },
            "1": {
                "type": "i",
                "bias": 1.021223787261355
            },
            "2": {
                "type": "i",
                "bias": 0.7024422028625487
            },
            "3": {
                "type": "o",
                "bias": -2.994472514749595
            }
        },
        "synapses": {
            "4": {
                "nrn_to": 3,
                "nrn_from": 0,
                "weight": -3.0,
                "active": true
            },
            "5": {
                "nrn_to": 3,
                "nrn_from": 1,
                "weight": 2.958362297821249,
                "active": true
            },
            "6": {
                "nrn_to": 3,
                "nrn_from": 2,
                "weight": 0.24847650132204593,
                "active": true
            }
        }
    }
}