{
    "Num species": 1,
    "Species 0 num animals": 60,
    "Species 0 top fitness": -1635.9133354884748,
    "Species 0 mean fitness": -1677.8410370755078,
    "Species 0 std fitness": 49.940564907195245,
    "Species 0 top animal N hidden neurons": 0,
    "Species 0 top animal N synapses": 3,
    "Species 0 top animal": {
        "neurons": {
            "0": {
                "type": "i",
                "bias": 0.07369879612231607
            },
            "1": {
                "type": "i",
                "bias": -0.0012845281369373643
            },
            "2": {
                "type": "i",
                "bias": 0.23962008306897292
            },
            "3": {
                "type": "o",
                "bias": -0.3067083421050265
            }
        },
        "synapses": {
            "4": {
                "nrn_to": 3,
                "nrn_from": 0,
                "weight": -0.5921620778653673,
                "active": true
            },
            "5": {
                "nrn_to": 3,
                "nrn_from": 1,
                "weight": 0.7427111360422354,
                "active": true
            },
            "6": {
                "nrn_to": 3,
                "nrn_from": 2,
                "weight": 0.08570141736177685,
                "active": true
            }
        }
    }
}