{
    "Num species": 2,
    "Species 1 num animals": 47,
    "Species 1 top fitness": -1543.954700312368,
    "Species 1 mean fitness": -1665.9287455751712,
    "Species 1 std fitness": 102.17515181160606,
    "Species 1 top animal N hidden neurons": 1,
    "Species 1 top animal N synapses": 7,
    "Species 1 top animal": {
        "neurons": {
            "0": {
                "type": "i",
                "bias": -0.10284903572273192
            },
            "1": {
                "type": "i",
                "bias": 0.590856955608096
            },
            "2": {
                "type": "i",
                "bias": 0.13408246633802418
            },
            "3": {
                "type": "o",
                "bias": -0.5392708169690427
            },
            "81": {
                "type": "h",
                "bias": 0.051148586695622715
            }
        },
        "synapses": {
            "82": {
                "active": true,
                "nrn_to": 81,
                "nrn_from": 0,
                "weight": 1.8994776980897963
            },
            "83": {
                "active": true,
                "nrn_to": 3,
                "nrn_from": 81,
                "weight": -2.9661858870368927
            },
            "4": {
                "nrn_to": 3,
                "nrn_from": 1,
                "weight": 1.7499282321325222,
                "active": true
            },
            "5": {
                "nrn_to": 3,
                "nrn_from": 2,
                "weight": 0.4204925018019955,
                "active": true
            },
            "6": {
                "nrn_to": 3,
                "nrn_from": 0,
                "weight": 0.2656815914249656,
                "active": true
            },
            "84": {
                "nrn_to": 81,
                "nrn_from": 2,
                "weight": 0.33600531547938134,
                "active": true
            },
            "85": {
                "nrn_to": 81,
                "nrn_from": 1,
                "weight": 0.21975444887929452,
                "active": false
            }
        }
    },
    "Species 0 num animals": 13,
    "Species 0 top fitness": -1815.2383982265974,
    "Species 0 mean fitness": -1815.2401970346687,
    "Species 0 std fitness": 0.0010798015559902317,
    "Species 0 top animal N hidden neurons": 1,
    "Species 0 top animal N synapses": 6,
    "Species 0 top animal": {
        "neurons": {
            "0": {
                "type": "i",
                "bias": -0.038428123612751504
            },
            "1": {
                "type": "i",
                "bias": 0.15866257813114854
            },
            "2": {
                "type": "i",
                "bias": -0.13317004970498864
            },
            "3": {
                "type": "o",
                "bias": -0.6548003197219573
            },
            "81": {
                "type": "h",
                "bias": 0.40991510216843896
            }
        },
        "synapses": {
            "82": {
                "active": false,
                "nrn_to": 81,
                "nrn_from": 0,
                "weight": 0.7237163139625614
            },
            "83": {
                "active": false,
                "nrn_to": 3,
                "nrn_from": 81,
                "weight": -0.2679319170887376
            },
            "4": {
                "nrn_to": 3,
                "nrn_from": 1,
                "weight": 0.592698536406552,
                "active": false
            },
            "5": {
                "nrn_to": 3,
                "nrn_from": 2,
                "weight": -0.1980090647576238,
                "active": false
            },
            "6": {
                "nrn_to": 3,
                "nrn_from": 0,
                "weight": -1.4116183207714623,
                "active": false
            },
            "84": {
                "nrn_to": 81,
                "nrn_from": 2,
                "weight": -0.44712188882146814,
                "active": true
            }
        }
    }
}