{
    "Num species": 2,
    "Species 0 num animals": 38,
    "Species 0 top fitness": -1431.8111659924573,
    "Species 0 mean fitness": -1469.8677730725483,
    "Species 0 std fitness": 19.832090973137774,
    "Species 0 top animal N hidden neurons": 0,
    "Species 0 top animal N synapses": 3,
    "Species 0 top animal": {
        "neurons": {
            "0": {
                "type": "i",
                "bias": 2.067350947774812
            },
            "1": {
                "type": "i",
                "bias": 0.4987967928514166
            },
            "2": {
                "type": "i",
                "bias": 2.7788278851404553
            },
            "3": {
                "type": "o",
                "bias": -3.0
            }
        },
        "synapses": {
            "4": {
                "nrn_to": 3,
                "nrn_from": 0,
                "weight": -2.9509754296871407,
                "active": true
            },
            "5": {
                "nrn_to": 3,
                "nrn_from": 1,
                "weight": 2.90495057360827,
                "active": true
            },
            "6": {
                "nrn_to": 3,
                "nrn_from": 2,
                "weight": 0.18622957135597312,
                "active": true
            }
        }
    },
    "Species 1 num animals": 22,
    "Species 1 top fitness": -1526.037742362699,
    "Species 1 mean fitness": -1598.6076058720262,
    "Species 1 std fitness": 25.4164066163688,
    "Species 1 top animal N hidden neurons": 0,
    "Species 1 top animal N synapses": 3,
    "Species 1 top animal": {
        "neurons": {
            "0": {
                "type": "i",
                "bias": 1.1691142517441186
            },
            "1": {
                "type": "i",
                "bias": 0.3390392309482105
            },
            "2": {
                "type": "i",
                "bias": 2.8481059032877196
            },
            "3": {
                "type": "o",
                "bias": -2.996567120675984
            }
        },
        "synapses": {
            "4": {
                "nrn_to": 3,
                "nrn_from": 0,
                "weight": -1.4836198847870836,
                "active": true
            },
            "5": {
                "nrn_to": 3,
                "nrn_from": 1,
                "weight": 2.843516188774238,
                "active": true
            },
            "6": {
                "nrn_to": 3,
                "nrn_from": 2,
                "weight": 0.27065447005273013,
                "active": true
            }
        }
    }
}