{
    "Num species": 1,
    "Species 0 num animals": 60,
    "Species 0 top fitness": -1508.720059015641,
    "Species 0 mean fitness": -1547.9321509807612,
    "Species 0 std fitness": 37.22518975677957,
    "Species 0 top animal N hidden neurons": 0,
    "Species 0 top animal N synapses": 3,
    "Species 0 top animal": {
        "neurons": {
            "0": {
                "type": "i",
                "bias": 0.16318581776584937
            },
            "1": {
                "type": "i",
                "bias": 0.40644043415435743
            },
            "2": {
                "type": "i",
                "bias": 0.12504164554361605
            },
            "3": {
                "type": "o",
                "bias": -1.5666164195200354
            }
        },
        "synapses": {
            "4": {
                "nrn_to": 3,
                "nrn_from": 0,
                "weight": -1.5874686349637033,
                "active": true
            },
            "5": {
                "nrn_to": 3,
                "nrn_from": 1,
                "weight": 1.3490031269429532,
                "active": true
            },
            "6": {
                "nrn_to": 3,
                "nrn_from": 2,
                "weight": 0.1252180151103857,
                "active": true
            }
        }
    }
}