{
    "Num species": 1,
    "Species 0 num animals": 60,
    "Species 0 top fitness": -1599.6738670808224,
    "Species 0 mean fitness": -1626.8479293620744,
    "Species 0 std fitness": 23.692700594431926,
    "Species 0 top animal N hidden neurons": 0,
    "Species 0 top animal N synapses": 3,
    "Species 0 top animal": {
        "neurons": {
            "0": {
                "type": "i",
                "bias": 0.3308555617944049
            },
            "1": {
                "type": "i",
                "bias": 0.5737214076572188
            },
            "2": {
                "type": "i",
                "bias": 0.0018061784887471802
            },
            "3": {
                "type": "o",
                "bias": -1.5240848000063627
            }
        },
        "synapses": {
            "4": {
                "nrn_to": 3,
                "nrn_from": 0,
                "weight": -1.5573783956790708,
                "active": true
            },
            "5": {
                "nrn_to": 3,
                "nrn_from": 1,
                "weight": 1.2337572721191126,
                "active": true
            },
            "6": {
                "nrn_to": 3,
                "nrn_from": 2,
                "weight": 0.06388822406967565,
                "active": true
            }
        }
    }
}