{
    "Num species": 1,
    "Species 0 num animals": 60,
    "Species 0 top fitness": -1628.0130658832647,
    "Species 0 mean fitness": -1673.2606543181632,
    "Species 0 std fitness": 38.64585163614045,
    "Species 0 top animal N hidden neurons": 0,
    "Species 0 top animal N synapses": 3,
    "Species 0 top animal": {
        "neurons": {
            "0": {
                "type": "i",
                "bias": -0.2880260783935158
            },
            "1": {
                "type": "i",
                "bias": 0.1866523916544634
            },
            "2": {
                "type": "i",
                "bias": 0.2434569097961262
            },
            "3": {
                "type": "o",
                "bias": -0.46186585270099734
            }
        },
        "synapses": {
            "4": {
                "nrn_to": 3,
                "nrn_from": 0,
                "weight": -0.6725143608473578,
                "active": true
            },
            "5": {
                "nrn_to": 3,
                "nrn_from": 1,
                "weight": 0.8115903439852454,
                "active": true
            },
            "6": {
                "nrn_to": 3,
                "nrn_from": 2,
                "weight": 0.12402357772584921,
                "active": true
            }
        }
    }
}