{
    "Num species": 6,
    "Species 0 num animals": 9,
    "Species 0 top fitness": -1643.909869417162,
    "Species 0 mean fitness": -1665.0868233019173,
    "Species 0 std fitness": 25.11626044527091,
    "Species 0 top animal N hidden neurons": 0,
    "Species 0 top animal N synapses": 3,
    "Species 0 top animal": {
        "neurons": {
            "0": {
                "type": "i",
                "bias": 0.23806230636797224
            },
            "1": {
                "type": "i",
                "bias": 0.761564043105095
            },
            "2": {
                "type": "i",
                "bias": -0.031694706538504286
            },
            "3": {
                "type": "o",
                "bias": -0.9036872208079657
            }
        },
        "synapses": {
            "4": {
                "nrn_to": 3,
                "nrn_from": 2,
                "weight": 0.07523289698166405,
                "active": true
            },
            "5": {
                "nrn_to": 3,
                "nrn_from": 0,
                "weight": -1.2636208057085165,
                "active": true
            },
            "6": {
                "nrn_to": 3,
                "nrn_from": 1,
                "weight": 1.512172858156709,
                "active": true
            }
        }
    },
    "Species 3 num animals": 4,
    "Species 3 top fitness": -1537.8830542427806,
    "Species 3 mean fitness": -1567.1829860797518,
    "Species 3 std fitness": 19.005987067070475,
    "Species 3 top animal N hidden neurons": 1,
    "Species 3 top animal N synapses": 7,
    "Species 3 top animal": {
        "neurons": {
            "0": {
                "type": "i",
                "bias": 0.20265292329477239
            },
            "1": {
                "type": "i",
                "bias": 0.35143866915819416
            },
            "2": {
                "type": "i",
                "bias": 0.1964122548870092
            },
            "3": {
                "type": "o",
                "bias": -0.8124622876139829
            },
            "150": {
                "type": "h",
                "bias": 0.24934038761939553
            }
        },
        "synapses": {
            "4": {
                "nrn_to": 3,
                "nrn_from": 2,
                "weight": -0.0019044363205002884,
                "active": false
            },
            "5": {
                "nrn_to": 3,
                "nrn_from": 0,
                "weight": -1.1866537591559887,
                "active": true
            },
            "6": {
                "nrn_to": 3,
                "nrn_from": 1,
                "weight": 2.6653929226243367,
                "active": true
            },
            "151": {
                "active": true,
                "nrn_to": 150,
                "nrn_from": 0,
                "weight": 0.46328509812933116
            },
            "152": {
                "active": true,
                "nrn_to": 3,
                "nrn_from": 150,
                "weight": -1.452918080939606
            },
            "156": {
                "nrn_to": 150,
                "nrn_from": 1,
                "weight": 0.750075261848295,
                "active": true
            },
            "157": {
                "nrn_to": 150,
                "nrn_from": 2,
                "weight": -0.789815852693761,
                "active": true
            }
        }
    },
    "Species 8 num animals": 8,
    "Species 8 top fitness": -1341.7353077530613,
    "Species 8 mean fitness": -1572.5054760411617,
    "Species 8 std fitness": 169.54832673677836,
    "Species 8 top animal N hidden neurons": 2,
    "Species 8 top animal N synapses": 9,
    "Species 8 top animal": {
        "neurons": {
            "0": {
                "type": "i",
                "bias": 0.29760181975647826
            },
            "1": {
                "type": "i",
                "bias": 0.4561017051783117
            },
            "2": {
                "type": "i",
                "bias": 0.11140885987128746
            },
            "3": {
                "type": "o",
                "bias": -1.1290774525926655
            },
            "235": {
                "type": "h",
                "bias": -0.009586417776650055
            },
            "150": {
                "type": "h",
                "bias": -0.1582573747482525
            }
        },
        "synapses": {
            "4": {
                "nrn_to": 3,
                "nrn_from": 2,
                "weight": 0.4076365962302986,
                "active": true
            },
            "5": {
                "nrn_to": 3,
                "nrn_from": 0,
                "weight": -1.120802189372098,
                "active": true
            },
            "6": {
                "nrn_to": 3,
                "nrn_from": 1,
                "weight": 2.9287568954632457,
                "active": true
            },
            "236": {
                "active": true,
                "nrn_to": 235,
                "nrn_from": 150,
                "weight": 1.112311130056739
            },
            "237": {
                "active": true,
                "nrn_to": 3,
                "nrn_from": 235,
                "weight": -2.4890821716574285
            },
            "151": {
                "active": true,
                "nrn_to": 150,
                "nrn_from": 0,
                "weight": 2.2685470272284323
            },
            "152": {
                "nrn_to": 3,
                "nrn_from": 150,
                "weight": 0.14211118688258695,
                "active": true
            },
            "156": {
                "nrn_to": 150,
                "nrn_from": 1,
                "weight": 0.7830771694251638,
                "active": true
            },
            "157": {
                "nrn_to": 150,
                "nrn_from": 2,
                "weight": 0.4612397599095342,
                "active": true
            }
        }
    },
    "Species 2 num animals": 24,
    "Species 2 top fitness": -1354.3464117321043,
    "Species 2 mean fitness": -1552.0208825298753,
    "Species 2 std fitness": 198.05816993995307,
    "Species 2 top animal N hidden neurons": 2,
    "Species 2 top animal N synapses": 10,
    "Species 2 top animal": {
        "neurons": {
            "0": {
                "type": "i",
                "bias": 0.3653281561564897
            },
            "1": {
                "type": "i",
                "bias": 0.8942876090953327
            },
            "2": {
                "type": "i",
                "bias": 0.12795149521096744
            },
            "3": {
                "type": "o",
                "bias": -1.287822791208792
            },
            "235": {
                "type": "h",
                "bias": 0.0422375791309654
            },
            "150": {
                "type": "h",
                "bias": -0.20381677541411852
            }
        },
        "synapses": {
            "4": {
                "nrn_to": 3,
                "nrn_from": 2,
                "weight": 0.40811098203885476,
                "active": true
            },
            "5": {
                "nrn_to": 3,
                "nrn_from": 0,
                "weight": -1.2734733426169687,
                "active": true
            },
            "6": {
                "nrn_to": 3,
                "nrn_from": 1,
                "weight": 2.7063853293698763,
                "active": true
            },
            "236": {
                "active": true,
                "nrn_to": 235,
                "nrn_from": 150,
                "weight": 0.9907574175645701
            },
            "237": {
                "active": true,
                "nrn_to": 3,
                "nrn_from": 235,
                "weight": -2.4339209073701484
            },
            "238": {
                "nrn_to": 235,
                "nrn_from": 0,