{
    "Num species": 1,
    "Species 0 num animals": 60,
    "Species 0 top fitness": -1712.3267593122246,
    "Species 0 mean fitness": -1777.871602939563,
    "Species 0 std fitness": 96.2462536010405,
    "Species 0 top animal N hidden neurons": 0,
    "Species 0 top animal N synapses": 3,
    "Species 0 top animal": {
        "neurons": {
            "0": {
                "type": "i",
                "bias": -0.03687018297903452
            },
            "1": {
                "type": "i",
                "bias": 0.07154139068407762
            },
            "2": {
                "type": "i",
                "bias": -0.00968134305675067
            },
            "3": {
                "type": "o",
                "bias": -0.04994008703259787
            }
        },
        "synapses": {
            "4": {
                "nrn_to": 3,
                "nrn_from": 0,
                "weight": -0.24733918161335267,
                "active": true
            },
            "5": {
                "nrn_to": 3,
                "nrn_from": 2,
                "weight": 0.08061360446736249,
                "active": true
            },
            "6": {
                "nrn_to": 3,
                "nrn_from": 1,
                "weight": 0.5163295787194025,
                "active": true
            }
        }
    }
}