{
    "Num species": 1,
    "Species 0 num animals": 60,
    "Species 0 top fitness": -1564.2961228424326,
    "Species 0 mean fitness": -1611.2662818632443,
    "Species 0 std fitness": 28.54178085534606,
    "Species 0 top animal N hidden neurons": 0,
    "Species 0 top animal N synapses": 3,
    "Species 0 top animal": {
        "neurons": {
            "0": {
                "type": "i",
                "bias": -0.0008615814350717236
            },
            "1": {
                "type": "i",
                "bias": 0.652457482935664
            },
            "2": {
                "type": "i",
                "bias": 0.3133472270608962
            },
            "3": {
                "type": "o",
                "bias": -1.7166431944687566
            }
        },
        "synapses": {
            "4": {
                "nrn_to": 3,
                "nrn_from": 0,
                "weight": -1.6787057859066685,
                "active": true
            },
            "5": {
                "nrn_to": 3,
                "nrn_from": 1,
                "weight": 1.6685153369962442,
                "active": true
            },
            "6": {
                "nrn_to": 3,
                "nrn_from": 2,
                "weight": 0.11852499329722398,
                "active": true
            }
        }
    }
}