{
    "Num species": 1,
    "Species 0 num animals": 60,
    "Species 0 top fitness": -1644.0541136194408,
    "Species 0 mean fitness": -1678.5275249044032,
    "Species 0 std fitness": 41.40316562037619,
    "Species 0 top animal N hidden neurons": 0,
    "Species 0 top animal N synapses": 3,
    "Species 0 top animal": {
        "neurons": {
            "0": {
                "type": "i",
                "bias": -0.2673031880997453
            },
            "1": {
                "type": "i",
                "bias": 1.3676298520368593
            },
            "2": {
                "type": "i",
                "bias": 0.9207097457955806
            },
            "3": {
                "type": "o",
                "bias": -1.683192097326514
            }
        },
        "synapses": {
            "4": {
                "nrn_to": 3,
                "nrn_from": 0,
                "weight": -1.951337688852071,
                "active": true
            },
            "5": {
                "nrn_to": 3,
                "nrn_from": 1,
                "weight": 1.8664721692990387,
                "active": true
            },
            "6": {
                "nrn_to": 3,
                "nrn_from": 2,
                "weight": 0.19515259018506625,
                "active": true
            }
        }
    }
}