{
    "Num species": 1,
    "Species 0 num animals": 60,
    "Species 0 top fitness": -1655.7426643364258,
    "Species 0 mean fitness": -1709.7093334536064,
    "Species 0 std fitness": 48.14414652430967,
    "Species 0 top animal N hidden neurons": 0,
    "Species 0 top animal N synapses": 3,
    "Species 0 top animal": {
        "neurons": {
            "0": {
                "type": "i",
                "bias": 0.08788532827648102
            },
            "1": {
                "type": "i",
                "bias": 0.02817053455960411
            },
            "2": {
                "type": "i",
                "bias": 0.19888318434590802
            },
            "3": {
                "type": "o",
                "bias": -0.2562349393097834
            }
        },
        "synapses": {
            "4": {
                "nrn_to": 3,
                "nrn_from": 0,
                "weight": -0.6245567895005993,
                "active": true
            },
            "5": {
                "nrn_to": 3,
                "nrn_from": 1,
                "weight": 0.3713555680211177,
                "active": true
            },
            "6": {
                "nrn_to": 3,
                "nrn_from": 2,
                "weight": 0.08599341412434437,
                "active": true
            }
        }
    }
}