{
    "Num species": 1,
    "Species 0 num animals": 60,
    "Species 0 top fitness": -1655.3165210948587,
    "Species 0 mean fitness": -1696.7861165906738,
    "Species 0 std fitness": 49.157391401585464,
    "Species 0 top animal N hidden neurons": 0,
    "Species 0 top animal N synapses": 3,
    "Species 0 top animal": {
        "neurons": {
            "0": {
                "type": "i",
                "bias": -0.11900145984527698
            },
            "1": {
                "type": "i",
                "bias": -0.041667278281412465
            },
            "2": {
                "type": "i",
                "bias": 0.611951394310164
            },
            "3": {
                "type": "o",
                "bias": -2.299445379593881
            }
        },
        "synapses": {
            "4": {
                "nrn_to": 3,
                "nrn_from": 0,
                "weight": -2.770045776168739,
                "active": true
            },
            "5": {
                "nrn_to": 3,
                "nrn_from": 1,
                "weight": 1.676713226634807,
                "active": true
            },
            "6": {
                "nrn_to": 3,
                "nrn_from": 2,
                "weight": 0.17882278034163676,
                "active": true
            }
        }
    }
}