{
    "Num species": 1,
    "Species 0 num animals": 60,
    "Species 0 top fitness": -1660.0318405288579,
    "Species 0 mean fitness": -1713.178491150283,
    "Species 0 std fitness": 63.13218254742442,
    "Species 0 top animal N hidden neurons": 0,
    "Species 0 top animal N synapses": 3,
    "Species 0 top animal": {
        "neurons": {
            "0": {
                "type": "i",
                "bias": 0.08972739688744821
            },
            "1": {
                "type": "i",
                "bias": 0.01874051554881606
            },
            "2": {
                "type": "i",
                "bias": 0.1948344127292857
            },
            "3": {
                "type": "o",
                "bias": -0.26099494327719497
            }
        },
        "synapses": {
            "4": {
                "nrn_to": 3,
                "nrn_from": 0,
                "weight": -0.4620037128657819,
                "active": true
            },
            "5": {
                "nrn_to": 3,
                "nrn_from": 1,
                "weight": 0.4018294807355617,
                "active": true
            },
            "6": {
                "nrn_to": 3,
                "nrn_from": 2,
                "weight": 0.061126644917078296,
                "active": true
            }
        }
    }
}