{
    "Num species": 1,
    "Species 0 num animals": 60,
    "Species 0 top fitness": -1652.1302780866301,
    "Species 0 mean fitness": -1691.586523021107,
    "Species 0 std fitness": 49.578426686305725,
    "Species 0 top animal N hidden neurons": 0,
    "Species 0 top animal N synapses": 3,
    "Species 0 top animal": {
        "neurons": {
            "0": {
                "type": "i",
                "bias": 0.12045429646906394
            },
            "1": {
                "type": "i",
                "bias": 0.49650337724370075
            },
            "2": {
                "type": "i",
                "bias": 0.04085049643407024
            },
            "3": {
                "type": "o",
                "bias": -0.7897372112898919
            }
        },
        "synapses": {
            "4": {
                "nrn_to": 3,
                "nrn_from": 2,
                "weight": 0.13517764973510604,
                "active": true
            },
            "5": {
                "nrn_to": 3,
                "nrn_from": 0,
                "weight": -1.1153894344473272,
                "active": true
            },
            "6": {
                "nrn_to": 3,
                "nrn_from": 1,
                "weight": 1.0964933884554047,
                "active": true
            }
        }
    }
}