{
    "Num species": 5,
    "Species 0 num animals": 6,
    "Species 0 top fitness": -1692.5022206596975,
    "Species 0 mean fitness": -1703.45449974822,
    "Species 0 std fitness": 19.401202292676242,
    "Species 0 top animal N hidden neurons": 0,
    "Species 0 top animal N synapses": 3,
    "Species 0 top animal": {
        "neurons": {
            "0": {
                "type": "i",
                "bias": 0.1054578545541604
            },
            "1": {
                "type": "i",
                "bias": 0.7485900846810757
            },
            "2": {
                "type": "i",
                "bias": 0.13186856685018722
            },
            "3": {
                "type": "o",
                "bias": -0.9237863351383075
            }
        },
        "synapses": {
            "4": {
                "nrn_to": 3,
                "nrn_from": 2,
                "weight": 0.16556469190076709,
                "active": true
            },
            "5": {
                "nrn_to": 3,
                "nrn_from": 0,
                "weight": -1.2671533996206452,
                "active": true
            },
            "6": {
                "nrn_to": 3,
                "nrn_from": 1,
                "weight": 1.369823543359707,
                "active": true
            }
        }
    },
    "Species 3 num animals": 6,
    "Species 3 top fitness": -1617.9616400003035,
    "Species 3 mean fitness": -1641.80607446518,
    "Species 3 std fitness": 28.718560397808343,
    "Species 3 top animal N hidden neurons": 1,
    "Species 3 top animal N synapses": 7,
    "Species 3 top animal": {
        "neurons": {
            "0": {
                "type": "i",
                "bias": 0.41289301277410984
            },
            "1": {
                "type": "i",
                "bias": 0.24901865882271323
            },
            "2": {
                "type": "i",
                "bias": 0.08836711428720864
            },
            "3": {
                "type": "o",
                "bias": -0.7722526352055985
            },
            "150": {
                "type": "h",
                "bias": 0.2231958119563253
            }
        },
        "synapses": {
            "4": {
                "nrn_to": 3,
                "nrn_from": 2,
                "weight": 0.2008909771479314,
                "active": true
            },
            "5": {
                "nrn_to": 3,
                "nrn_from": 0,
                "weight": -1.2287385157448092,
                "active": true
            },
            "6": {
                "nrn_to": 3,
                "nrn_from": 1,
                "weight": 2.6853567479329787,
                "active": true
            },
            "151": {
                "active": true,
                "nrn_to": 150,
                "nrn_from": 0,
                "weight": 0.4843591945653401
            },
            "152": {
                "active": true,
                "nrn_to": 3,
                "nrn_from": 150,
                "weight": -1.294364822750764
            },
            "156": {
                "nrn_to": 150,
                "nrn_from": 1,
                "weight": 1.3905037391835957,
                "active": true
            },
            "157": {
                "nrn_to": 150,
                "nrn_from": 2,
                "weight": -0.22658406006482362,
                "active": true
            }
        }
    },
    "Species 6 num animals": 5,
    "Species 6 top fitness": -1502.7856646033724,
    "Species 6 mean fitness": -1719.1202470360017,
    "Species 6 std fitness": 187.26757933944398,
    "Species 6 top animal N hidden neurons": 2,
    "Species 6 top animal N synapses": 9,
    "Species 6 top animal": {
        "neurons": {
            "0": {
                "type": "i",
                "bias": 0.3653281561564897
            },
            "1": {
                "type": "i",
                "bias": 0.4579923938953047
            },
            "2": {
                "type": "i",
                "bias": 0.12012356004556027
            },
            "3": {
                "type": "o",
                "bias": -1.2614536306666797
            },
            "235": {
                "type": "h",
                "bias": -0.009390424097684943
            },
            "150": {
                "type": "h",
                "bias": 0.006732633757681475
            }
        },
        "synapses": {
            "4": {
                "nrn_to": 3,
                "nrn_from": 2,
                "weight": 0.32360258984457,
                "active": true
            },
            "5": {
                "nrn_to": 3,
                "nrn_from": 0,
                "weight": -1.212911760046072,
                "active": true
            },
            "6": {
                "nrn_to": 3,
                "nrn_from": 1,
                "weight": 2.7772088123829137,
                "active": true
            },
            "236": {
                "active": true,
                "nrn_to": 235,
                "nrn_from": 150,
                "weight": 0.9471320027617702
            },
            "237": {
                "active": true,
                "nrn_to": 3,
                "nrn_from": 235,
                "weight": -2.437931606306763
            },
            "151": {
                "active": true,
                "nrn_to": 150,
                "nrn_from": 0,
                "weight": 2.2404813081030213
            },
            "152": {
                "nrn_to": 3,
                "nrn_from": 150,
                "weight": 0.08988499424907959,
                "active": true
            },
            "156": {
                "nrn_to": 150,
                "nrn_from": 1,
                "weight": 1.4237789114369783,
                "active": true
            },
            "157": {
                "nrn_to": 150,
                "nrn_from": 2,
                "weight": 0.420940553279621,
                "active": true
            }
        }
    },
    "Species 2 num animals": 27,
    "Species 2 top fitness": -1489.990802941088,
    "Species 2 mean fitness": -1672.4942565122515,
    "Species 2 std fitness": 206.9627082660834,
    "Species 2 top animal N hidden neurons": 2,
    "Species 2 top animal N synapses": 9,
    "Species 2 top animal": {
        "neurons": {
            "0": {
                "type": "i",
                "bias": 0.3072308220288277
            },
            "1": {
                "type": "i",
                "bias": 0.43724544745042654
            },
            "2": {
                "type": "i",
                "bias": 0.14110391195249705
            },
            "3": {
                "type": "o",
                "bias": -1.2614536306666797
            },
            "235": {
                "type": "h",
                "bias": 0.02330470804185813
            },
            "150": {
                "type": "h",
                "bias": 0.006732633757681475
            }
        },
        "synapses": {
            "4": {
                "nrn_to": 3,
                "nrn_from": 2,
                "weight": 0.32360258984457,
                "active": true
            },
            "5": {
                "nrn_to": 3,
                "nrn_from": 0,
                "weight": -1.244934286225118,
                "active": true
            },
            "6": {
                "nrn_to": 3,
                "nrn_from": 1,
                "weight": 2.7772088123829137,
                "active": true
            },
            "236": {
                "active": true,
                "nrn_to": 235,
                "nrn_from": 150,
                "weight": 0.9471320027617702
            },
            "237": {
                "active": true,
                "nrn_to": 3,
                "nrn_from": 235,
                "weight": -2.4639427533676375
            },
            "151": {
                "active": true,
                "nrn_to": 150,