{
    "Num species": 1,
    "Species 0 num animals": 60,
    "Species 0 top fitness": -1724.4688257103564,
    "Species 0 mean fitness": -1770.2027539227072,
    "Species 0 std fitness": 52.78336511915204,
    "Species 0 top animal N hidden neurons": 0,
    "Species 0 top animal N synapses": 3,
    "Species 0 top animal": {
        "neurons": {
            "0": {
                "type": "i",
                "bias": -0.002172362553224217
            },
            "1": {
                "type": "i",
                "bias": 0.02817053455960411
            },
            "2": {
                "type": "i",
                "bias": 0.2302200293991926
            },
            "3": {
                "type": "o",
                "bias": -0.2562349393097834
            }
        },
        "synapses": {
            "4": {
                "nrn_to": 3,
                "nrn_from": 0,
                "weight": -0.6245567895005993,
                "active": true
            },
            "5": {
                "nrn_to": 3,
                "nrn_from": 1,
                "weight": 0.3713555680211177,
                "active": true
            },
            "6": {
                "nrn_to": 3,
                "nrn_from": 2,
                "weight": 0.08599341412434437,
                "active": true
            }
        }
    }
}