{
    "Num species": 1,
    "Species 0 num animals": 60,
    "Species 0 top fitness": -1569.203472465547,
    "Species 0 mean fitness": -1627.8923460316093,
    "Species 0 std fitness": 60.691316359288045,
    "Species 0 top animal N hidden neurons": 0,
    "Species 0 top animal N synapses": 3,
    "Species 0 top animal": {
        "neurons": {
            "0": {
                "type": "i",
                "bias": -0.22336208375300617
            },
            "1": {
                "type": "i",
                "bias": 0.4300500271582317
            },
            "2": {
                "type": "i",
                "bias": 0.20394398254985635
            },
            "3": {
                "type": "o",
                "bias": -1.7689796020390722
            }
        },
        "synapses": {
            "4": {
                "nrn_to": 3,
                "nrn_from": 0,
                "weight": -1.9480830776904323,
                "active": true
            },
            "5": {
                "nrn_to": 3,
                "nrn_from": 1,
                "weight": 1.86724590547003,
                "active": true
            },
            "6": {
                "nrn_to": 3,
                "nrn_from": 2,
                "weight": 0.14044289289899178,
                "active": true
            }
        }
    }
}