{
    "Num species": 1,
    "Species 0 num animals": 60,
    "Species 0 top fitness": -1443.5162409648742,
    "Species 0 mean fitness": -1585.0203828661208,
    "Species 0 std fitness": 169.90073151620606,
    "Species 0 top animal N hidden neurons": 1,
    "Species 0 top animal N synapses": 7,
    "Species 0 top animal": {
        "neurons": {
            "0": {
                "type": "i",
                "bias": 0.2662068269808378
            },
            "1": {
                "type": "i",
                "bias": -0.05410869616847132
            },
            "2": {
                "type": "i",
                "bias": 0.1836275946212171
            },
            "3": {
                "type": "o",
                "bias": -0.0861891895519288
            },
            "41": {
                "type": "h",
                "bias": -0.16202111507933664
            }
        },
        "synapses": {
            "51": {
                "nrn_to": 41,
                "nrn_from": 1,
                "weight": 0.5629409622720767,
                "active": true
            },
            "4": {
                "nrn_to": 3,
                "nrn_from": 1,
                "weight": 0.2624620433068267,
                "active": true
            },
            "5": {
                "nrn_to": 3,
                "nrn_from": 0,
                "weight": -0.8006550906160093,
                "active": true
            },
            "6": {
                "nrn_to": 3,
                "nrn_from": 2,
                "weight": 0.1934408386237791,
                "active": true
            },
            "56": {
                "nrn_to": 41,
                "nrn_from": 2,
                "weight": 0.472618414679524,
                "active": true
            },
            "42": {
                "active": true,
                "nrn_to": 41,
                "nrn_from": 0,
                "weight": 1.0508292710587057
            },
            "43": {
                "active": true,
                "nrn_to": 3,
                "nrn_from": 41,
                "weight": -0.7045309919042544
            }
        }
    }
}