{
    "Num species": 1,
    "Species 0 num animals": 60,
    "Species 0 top fitness": -1385.8663835609339,
    "Species 0 mean fitness": -1528.6170660616904,
    "Species 0 std fitness": 162.4583790244845,
    "Species 0 top animal N hidden neurons": 1,
    "Species 0 top animal N synapses": 7,
    "Species 0 top animal": {
        "neurons": {
            "0": {
                "type": "i",
                "bias": 0.13896781066358074
            },
            "1": {
                "type": "i",
                "bias": -0.20121553495518552
            },
            "2": {
                "type": "i",
                "bias": 0.2383488258049839
            },
            "3": {
                "type": "o",
                "bias": -0.007073666783100785
            },
            "41": {
                "type": "h",
                "bias": -1.062917048263784
            }
        },
        "synapses": {
            "51": {
                "nrn_to": 41,
                "nrn_from": 1,
                "weight": 0.3547222928951386,
                "active": true
            },
            "4": {
                "nrn_to": 3,
                "nrn_from": 1,
                "weight": 0.500740057941869,
                "active": true
            },
            "5": {
                "nrn_to": 3,
                "nrn_from": 0,
                "weight": -0.7514954590381593,
                "active": true
            },
            "6": {
                "nrn_to": 3,
                "nrn_from": 2,
                "weight": 0.2529003857607931,
                "active": true
            },
            "56": {
                "nrn_to": 41,
                "nrn_from": 2,
                "weight": 0.7864849394952895,
                "active": true
            },
            "42": {
                "active": true,
                "nrn_to": 41,
                "nrn_from": 0,
                "weight": 0.8543250221386314
            },
            "43": {
                "active": true,
                "nrn_to": 3,
                "nrn_from": 41,
                "weight": -0.629086966828129
            }
        }
    }
}