{
    "Num species": 1,
    "Species 0 num animals": 60,
    "Species 0 top fitness": -1513.071111638455,
    "Species 0 mean fitness": -1569.1158742172345,
    "Species 0 std fitness": 44.966365007194064,
    "Species 0 top animal N hidden neurons": 0,
    "Species 0 top animal N synapses": 3,
    "Species 0 top animal": {
        "neurons": {
            "0": {
                "type": "i",
                "bias": -0.210901140402103
            },
            "1": {
                "type": "i",
                "bias": -0.005092706510684816
            },
            "2": {
                "type": "i",
                "bias": 0.20232232097392122
            },
            "3": {
                "type": "o",
                "bias": -1.0921572674901798
            }
        },
        "synapses": {
            "4": {
                "nrn_to": 3,
                "nrn_from": 0,
                "weight": -1.3048121806672999,
                "active": true
            },
            "5": {
                "nrn_to": 3,
                "nrn_from": 1,
                "weight": 0.6236736412044032,
                "active": true
            },
            "6": {
                "nrn_to": 3,
                "nrn_from": 2,
                "weight": 0.0643797567632454,
                "active": true
            }
        }
    }
}