{
    "Num species": 1,
    "Species 0 num animals": 60,
    "Species 0 top fitness": -1718.5206325917263,
    "Species 0 mean fitness": -1756.9879590607623,
    "Species 0 std fitness": 42.802692356640044,
    "Species 0 top animal N hidden neurons": 0,
    "Species 0 top animal N synapses": 3,
    "Species 0 top animal": {
        "neurons": {
            "0": {
                "type": "i",
                "bias": -0.13700274242966004
            },
            "1": {
                "type": "i",
                "bias": 0.47722369240702295
            },
            "2": {
                "type": "i",
                "bias": 0.733229951960662
            },
            "3": {
                "type": "o",
                "bias": -1.7689796020390722
            }
        },
        "synapses": {
            "4": {
                "nrn_to": 3,
                "nrn_from": 0,
                "weight": -1.9783566662126864,
                "active": true
            },
            "5": {
                "nrn_to": 3,
                "nrn_from": 1,
                "weight": 1.887832246096957,
                "active": true
            },
            "6": {
                "nrn_to": 3,
                "nrn_from": 2,
                "weight": 0.16336967453352122,
                "active": true
            }
        }
    }
}