{
    "Num species": 1,
    "Species 0 num animals": 60,
    "Species 0 top fitness": -1479.4911085066105,
    "Species 0 mean fitness": -1500.2431130124953,
    "Species 0 std fitness": 38.530100196953896,
    "Species 0 top animal N hidden neurons": 0,
    "Species 0 top animal N synapses": 3,
    "Species 0 top animal": {
        "neurons": {
            "0": {
                "type": "i",
                "bias": 0.15260568926615878
            },
            "1": {
                "type": "i",
                "bias": 0.4247823680639104
            },
            "2": {
                "type": "i",
                "bias": 0.6216375332431984
            },
            "3": {
                "type": "o",
                "bias": -2.9983955111233582
            }
        },
        "synapses": {
            "4": {
                "nrn_to": 3,
                "nrn_from": 0,
                "weight": -3.0,
                "active": true
            },
            "5": {
                "nrn_to": 3,
                "nrn_from": 1,
                "weight": 2.9755351268614065,
                "active": true
            },
            "6": {
                "nrn_to": 3,
                "nrn_from": 2,
                "weight": 0.18330365842900204,
                "active": true
            }
        }
    }
}