{
    "Num species": 1,
    "Species 0 num animals": 60,
    "Species 0 top fitness": -1722.828738461795,
    "Species 0 mean fitness": -1788.042728539473,
    "Species 0 std fitness": 73.13902045563668,
    "Species 0 top animal N hidden neurons": 0,
    "Species 0 top animal N synapses": 3,
    "Species 0 top animal": {
        "neurons": {
            "0": {
                "type": "i",
                "bias": 0.4017601195208697
            },
            "1": {
                "type": "i",
                "bias": 0.15100764243959203
            },
            "2": {
                "type": "i",
                "bias": 0.05641886178505724
            },
            "3": {
                "type": "o",
                "bias": -0.34697279676563597
            }
        },
        "synapses": {
            "4": {
                "nrn_to": 3,
                "nrn_from": 0,
                "weight": -0.6073527714955028,
                "active": true
            },
            "5": {
                "nrn_to": 3,
                "nrn_from": 1,
                "weight": 0.4129888744002793,
                "active": true
            },
            "6": {
                "nrn_to": 3,
                "nrn_from": 2,
                "weight": 0.10356212544793915,
                "active": true
            }
        }
    }
}