{
    "Num species": 2,
    "Species 1 num animals": 49,
    "Species 1 top fitness": -1956.1382302427928,
    "Species 1 mean fitness": -1999.1178613694685,
    "Species 1 std fitness": 42.343027039157334,
    "Species 1 top animal N hidden neurons": 1,
    "Species 1 top animal N synapses": 7,
    "Species 1 top animal": {
        "neurons": {
            "0": {
                "type": "i",
                "bias": -0.16281100525438835
            },
            "1": {
                "type": "i",
                "bias": 0.17028426203270045
            },
            "2": {
                "type": "i",
                "bias": 0.003704566735748735
            },
            "3": {
                "type": "o",
                "bias": -1.2476340903049725
            },
            "81": {
                "type": "h",
                "bias": 0.0
            }
        },
        "synapses": {
            "82": {
                "active": true,
                "nrn_to": 81,
                "nrn_from": 0,
                "weight": 1.0115122279167492
            },
            "83": {
                "active": true,
                "nrn_to": 3,
                "nrn_from": 81,
                "weight": -1.517019016739222
            },
            "4": {
                "nrn_to": 3,
                "nrn_from": 1,
                "weight": 1.7981569087195035,
                "active": true
            },
            "5": {
                "nrn_to": 3,
                "nrn_from": 2,
                "weight": 0.10764694252053471,
                "active": true
            },
            "6": {
                "nrn_to": 3,
                "nrn_from": 0,
                "weight": 0.10518899353887608,
                "active": true
            },
            "84": {
                "nrn_to": 81,
                "nrn_from": 2,
                "weight": 0.176265243316356,
                "active": true
            },
            "85": {
                "nrn_to": 81,
                "nrn_from": 1,
                "weight": -0.18580771633355797,
                "active": false
            }
        }
    },
    "Species 0 num animals": 11,
    "Species 0 top fitness": -1956.7283669191675,
    "Species 0 mean fitness": -2020.3132191050595,
    "Species 0 std fitness": 33.04381315599478,
    "Species 0 top animal N hidden neurons": 1,
    "Species 0 top animal N synapses": 6,
    "Species 0 top animal": {
        "neurons": {
            "0": {
                "type": "i",
                "bias": -0.16281100525438835
            },
            "1": {
                "type": "i",
                "bias": 0.02372384110750258
            },
            "2": {
                "type": "i",
                "bias": 0.07036325647934343
            },
            "3": {
                "type": "o",
                "bias": -0.7588741732882799
            },
            "81": {
                "type": "h",
                "bias": 0.03127108290461394
            }
        },
        "synapses": {
            "82": {
                "active": true,
                "nrn_to": 81,
                "nrn_from": 0,
                "weight": 0.9399079123416523
            },
            "83": {
                "active": true,
                "nrn_to": 3,
                "nrn_from": 81,
                "weight": -1.4872950107159444
            },
            "4": {
                "nrn_to": 3,
                "nrn_from": 1,
                "weight": 0.4520023112755719,
                "active": true
            },
            "5": {
                "nrn_to": 3,
                "nrn_from": 2,
                "weight": 0.057630392373438255,
                "active": false
            },
            "6": {
                "nrn_to": 3,
                "nrn_from": 0,
                "weight": -1.4815272803432398,
                "active": false
            },
            "84": {
                "nrn_to": 81,
                "nrn_from": 2,
                "weight": -0.4661602561400902,
                "active": true
            }
        }
    }
}