{
    "Num species": 1,
    "Species 0 num animals": 60,
    "Species 0 top fitness": -1675.9936073322456,
    "Species 0 mean fitness": -1714.2142331523603,
    "Species 0 std fitness": 39.38547146064119,
    "Species 0 top animal N hidden neurons": 0,
    "Species 0 top animal N synapses": 3,
    "Species 0 top animal": {
        "neurons": {
            "0": {
                "type": "i",
                "bias": -0.001966268810022917
            },
            "1": {
                "type": "i",
                "bias": 0.7723461285857921
            },
            "2": {
                "type": "i",
                "bias": 0.5325796840113113
            },
            "3": {
                "type": "o",
                "bias": -2.641208126014998
            }
        },
        "synapses": {
            "4": {
                "nrn_to": 3,
                "nrn_from": 0,
                "weight": -2.9839462109344894,
                "active": true
            },
            "5": {
                "nrn_to": 3,
                "nrn_from": 1,
                "weight": 2.974338177851327,
                "active": true
            },
            "6": {
                "nrn_to": 3,
                "nrn_from": 2,
                "weight": 0.27358963829725635,
                "active": true
            }
        }
    }
}