{
    "Num species": 1,
    "Species 0 num animals": 60,
    "Species 0 top fitness": -1563.5444293047835,
    "Species 0 mean fitness": -1623.0016200404868,
    "Species 0 std fitness": 54.09806538915983,
    "Species 0 top animal N hidden neurons": 0,
    "Species 0 top animal N synapses": 3,
    "Species 0 top animal": {
        "neurons": {
            "0": {
                "type": "i",
                "bias": -0.22751585254192302
            },
            "1": {
                "type": "i",
                "bias": 0.3100550503562053
            },
            "2": {
                "type": "i",
                "bias": 0.2519119527681943
            },
            "3": {
                "type": "o",
                "bias": -0.49305651339277135
            }
        },
        "synapses": {
            "4": {
                "nrn_to": 3,
                "nrn_from": 0,
                "weight": -0.7229789963523133,
                "active": true
            },
            "5": {
                "nrn_to": 3,
                "nrn_from": 1,
                "weight": 0.862393910484984,
                "active": true
            },
            "6": {
                "nrn_to": 3,
                "nrn_from": 2,
                "weight": 0.15169541499577452,
                "active": true
            }
        }
    }
}