{
    "Num species": 2,
    "Species 1 num animals": 1,
    "Species 1 top fitness": -1341.10181939562,
    "Species 1 mean fitness": -1341.10181939562,
    "Species 1 std fitness": 0.0,
    "Species 1 top animal N hidden neurons": 1,
    "Species 1 top animal N synapses": 6,
    "Species 1 top animal": {
        "neurons": {
            "0": {
                "type": "i",
                "bias": -0.16281100525438835
            },
            "1": {
                "type": "i",
                "bias": 0.16358258297098546
            },
            "2": {
                "type": "i",
                "bias": 0.0205215573835191
            },
            "3": {
                "type": "o",
                "bias": -1.2594323982076945
            },
            "81": {
                "type": "h",
                "bias": -0.0075226468582978824
            }
        },
        "synapses": {
            "82": {
                "active": true,
                "nrn_to": 81,
                "nrn_from": 0,
                "weight": 1.0123554376071577
            },
            "83": {
                "active": true,
                "nrn_to": 3,
                "nrn_from": 81,
                "weight": -1.4767047119935277
            },
            "4": {
                "nrn_to": 3,
                "nrn_from": 1,
                "weight": 1.7376241042250862,
                "active": true
            },
            "5": {
                "nrn_to": 3,
                "nrn_from": 2,
                "weight": 0.11938474919682246,
                "active": true
            },
            "6": {
                "nrn_to": 3,
                "nrn_from": 0,
                "weight": 0.10518899353887608,
                "active": true
            },
            "85": {
                "nrn_to": 81,
                "nrn_from": 1,
                "weight": -0.26844158705336923,
                "active": true
            }
        }
    },
    "Species 0 num animals": 59,
    "Species 0 top fitness": -1343.2658494860143,
    "Species 0 mean fitness": -1429.3969439104492,
    "Species 0 std fitness": 75.93870142188474,
    "Species 0 top animal N hidden neurons": 1,
    "Species 0 top animal N synapses": 5,
    "Species 0 top animal": {
        "neurons": {
            "0": {
                "type": "i",
                "bias": -0.26024428357856927
            },
            "1": {
                "type": "i",
                "bias": 0.13809320483009468
            },
            "2": {
                "type": "i",
                "bias": 0.22962279040631933
            },
            "3": {
                "type": "o",
                "bias": -1.0272404562231459
            },
            "81": {
                "type": "h",
                "bias": 0.02780317057887007
            }
        },
        "synapses": {
            "82": {
                "active": true,
                "nrn_to": 81,
                "nrn_from": 0,
                "weight": 0.9854147548170247
            },
            "83": {
                "active": true,
                "nrn_to": 3,
                "nrn_from": 81,
                "weight": -1.492460701853424
            },
            "4": {
                "nrn_to": 3,
                "nrn_from": 1,
                "weight": 1.7824003126230343,
                "active": true
            },
            "5": {
                "nrn_to": 3,
                "nrn_from": 2,
                "weight": 0.1028389139995167,
                "active": true
            },
            "6": {
                "nrn_to": 3,
                "nrn_from": 0,
                "weight": -1.5315569562894138,
                "active": false
            }
        }
    }
}