{
    "Num species": 1,
    "Species 0 num animals": 60,
    "Species 0 top fitness": -1643.7705251770633,
    "Species 0 mean fitness": -1676.5003688028426,
    "Species 0 std fitness": 43.7546867889501,
    "Species 0 top animal N hidden neurons": 0,
    "Species 0 top animal N synapses": 3,
    "Species 0 top animal": {
        "neurons": {
            "0": {
                "type": "i",
                "bias": -0.6422913163742854
            },
            "1": {
                "type": "i",
                "bias": 2.473392104142402
            },
            "2": {
                "type": "i",
                "bias": 0.6747493055056771
            },
            "3": {
                "type": "o",
                "bias": -2.618090688509524
            }
        },
        "synapses": {
            "4": {
                "nrn_to": 3,
                "nrn_from": 0,
                "weight": -2.938171056520199,
                "active": true
            },
            "5": {
                "nrn_to": 3,
                "nrn_from": 1,
                "weight": 2.9543803875091985,
                "active": true
            },
            "6": {
                "nrn_to": 3,
                "nrn_from": 2,
                "weight": 0.28971156287052036,
                "active": true
            }
        }
    }
}