{
    "Num species": 1,
    "Species 0 num animals": 60,
    "Species 0 top fitness": -1647.4437816479426,
    "Species 0 mean fitness": -1677.361455510506,
    "Species 0 std fitness": 34.322904675716664,
    "Species 0 top animal N hidden neurons": 0,
    "Species 0 top animal N synapses": 3,
    "Species 0 top animal": {
        "neurons": {
            "0": {
                "type": "i",
                "bias": 0.3181212599726365
            },
            "1": {
                "type": "i",
                "bias": 0.38030908683990855
            },
            "2": {
                "type": "i",
                "bias": 0.08678548873810468
            },
            "3": {
                "type": "o",
                "bias": -1.457958070984347
            }
        },
        "synapses": {
            "4": {
                "nrn_to": 3,
                "nrn_from": 0,
                "weight": -1.5362508644904027,
                "active": true
            },
            "5": {
                "nrn_to": 3,
                "nrn_from": 1,
                "weight": 1.3106838203421536,
                "active": true
            },
            "6": {
                "nrn_to": 3,
                "nrn_from": 2,
                "weight": 0.13349590117400817,
                "active": true
            }
        }
    }
}