{
    "Num species": 1,
    "Species 0 num animals": 60,
    "Species 0 top fitness": -1583.6483417845195,
    "Species 0 mean fitness": -1636.0617867378633,
    "Species 0 std fitness": 50.61374418351575,
    "Species 0 top animal N hidden neurons": 0,
    "Species 0 top animal N synapses": 3,
    "Species 0 top animal": {
        "neurons": {
            "0": {
                "type": "i",
                "bias": 0.055419360937195405
            },
            "1": {
                "type": "i",
                "bias": 0.11317419262692352
            },
            "2": {
                "type": "i",
                "bias": -0.046494438789646826
            },
            "3": {
                "type": "o",
                "bias": -0.7525076055024487
            }
        },
        "synapses": {
            "4": {
                "nrn_to": 3,
                "nrn_from": 0,
                "weight": -1.0794861110201774,
                "active": true
            },
            "5": {
                "nrn_to": 3,
                "nrn_from": 1,
                "weight": 0.9778800734839626,
                "active": true
            },
            "6": {
                "nrn_to": 3,
                "nrn_from": 2,
                "weight": 0.17296840160659638,
                "active": true
            }
        }
    }
}