{
    "Num species": 1,
    "Species 0 num animals": 60,
    "Species 0 top fitness": -1480.1541633361435,
    "Species 0 mean fitness": -1660.481191696258,
    "Species 0 std fitness": 179.69254649115794,
    "Species 0 top animal N hidden neurons": 1,
    "Species 0 top animal N synapses": 7,
    "Species 0 top animal": {
        "neurons": {
            "0": {
                "type": "i",
                "bias": 0.27680352783283263
            },
            "1": {
                "type": "i",
                "bias": -0.17792945086217682
            },
            "2": {
                "type": "i",
                "bias": 0.19504647507246187
            },
            "3": {
                "type": "o",
                "bias": 0.003923813593458524
            },
            "41": {
                "type": "h",
                "bias": -0.721577261447514
            }
        },
        "synapses": {
            "51": {
                "nrn_to": 41,
                "nrn_from": 1,
                "weight": -0.2262243710232661,
                "active": true
            },
            "4": {
                "nrn_to": 3,
                "nrn_from": 1,
                "weight": 0.1131455797334798,
                "active": false
            },
            "5": {
                "nrn_to": 3,
                "nrn_from": 0,
                "weight": -0.8186727444923195,
                "active": true
            },
            "6": {
                "nrn_to": 3,
                "nrn_from": 2,
                "weight": 0.23837925270225072,
                "active": true
            },
            "56": {
                "nrn_to": 41,
                "nrn_from": 2,
                "weight": 0.5908874588977002,
                "active": true
            },
            "42": {
                "active": true,
                "nrn_to": 41,
                "nrn_from": 0,
                "weight": 1.0113701179470762
            },
            "43": {
                "active": true,
                "nrn_to": 3,
                "nrn_from": 41,
                "weight": -0.7045309919042544
            }
        }
    }
}