{
    "Num species": 1,
    "Species 0 num animals": 60,
    "Species 0 top fitness": -1471.0803760925303,
    "Species 0 mean fitness": -1497.7229196674668,
    "Species 0 std fitness": 44.47614213659014,
    "Species 0 top animal N hidden neurons": 0,
    "Species 0 top animal N synapses": 3,
    "Species 0 top animal": {
        "neurons": {
            "0": {
                "type": "i",
                "bias": 0.05149219232186368
            },
            "1": {
                "type": "i",
                "bias": 0.8253687126703875
            },
            "2": {
                "type": "i",
                "bias": 0.6738476590361984
            },
            "3": {
                "type": "o",
                "bias": -3.0
            }
        },
        "synapses": {
            "4": {
                "nrn_to": 3,
                "nrn_from": 0,
                "weight": -3.0,
                "active": true
            },
            "5": {
                "nrn_to": 3,
                "nrn_from": 1,
                "weight": 2.970841266706566,
                "active": true
            },
            "6": {
                "nrn_to": 3,
                "nrn_from": 2,
                "weight": 0.18275980013486515,
                "active": true
            }
        }
    }
}