{
    "Num species": 1,
    "Species 0 num animals": 60,
    "Species 0 top fitness": -1650.5745866026207,
    "Species 0 mean fitness": -1677.8197548180838,
    "Species 0 std fitness": 26.34431383620078,
    "Species 0 top animal N hidden neurons": 0,
    "Species 0 top animal N synapses": 3,
    "Species 0 top animal": {
        "neurons": {
            "0": {
                "type": "i",
                "bias": 0.31599569717546944
            },
            "1": {
                "type": "i",
                "bias": 0.29568894895125697
            },
            "2": {
                "type": "i",
                "bias": -0.06000226329009727
            },
            "3": {
                "type": "o",
                "bias": -1.0954637570792152
            }
        },
        "synapses": {
            "4": {
                "nrn_to": 3,
                "nrn_from": 2,
                "weight": 0.09520113427728222,
                "active": true
            },
            "5": {
                "nrn_to": 3,
                "nrn_from": 0,
                "weight": -1.220091341802333,
                "active": true
            },
            "6": {
                "nrn_to": 3,
                "nrn_from": 1,
                "weight": 1.3360186661812667,
                "active": true
            }
        }
    }
}