{
    "Num species": 1,
    "Species 0 num animals": 60,
    "Species 0 top fitness": -1676.4016267108323,
    "Species 0 mean fitness": -1724.3713782256486,
    "Species 0 std fitness": 40.3581616049908,
    "Species 0 top animal N hidden neurons": 0,
    "Species 0 top animal N synapses": 3,
    "Species 0 top animal": {
        "neurons": {
            "0": {
                "type": "i",
                "bias": 0.07938300839298779
            },
            "1": {
                "type": "i",
                "bias": 0.000791091159898269
            },
            "2": {
                "type": "i",
                "bias": 0.051778108432220984
            },
            "3": {
                "type": "o",
                "bias": -0.17688489175347324
            }
        },
        "synapses": {
            "4": {
                "nrn_to": 3,
                "nrn_from": 0,
                "weight": -0.3789435603119905,
                "active": true
            },
            "5": {
                "nrn_to": 3,
                "nrn_from": 1,
                "weight": 0.22771457279618815,
                "active": true
            },
            "6": {
                "nrn_to": 3,
                "nrn_from": 2,
                "weight": 0.07729912633124833,
                "active": true
            }
        }
    }
}