{
    "Num species": 1,
    "Species 0 num animals": 60,
    "Species 0 top fitness": -1618.065732532989,
    "Species 0 mean fitness": -1684.40800715043,
    "Species 0 std fitness": 63.62424437212352,
    "Species 0 top animal N hidden neurons": 0,
    "Species 0 top animal N synapses": 3,
    "Species 0 top animal": {
        "neurons": {
            "0": {
                "type": "i",
                "bias": 0.17899069262312423
            },
            "1": {
                "type": "i",
                "bias": 0.16940460617673464
            },
            "2": {
                "type": "i",
                "bias": 0.02221498753889832
            },
            "3": {
                "type": "o",
                "bias": -0.6871302882446331
            }
        },
        "synapses": {
            "4": {
                "nrn_to": 3,
                "nrn_from": 0,
                "weight": -1.0504348425013612,
                "active": true
            },
            "5": {
                "nrn_to": 3,
                "nrn_from": 1,
                "weight": 1.1288424122841776,
                "active": true
            },
            "6": {
                "nrn_to": 3,
                "nrn_from": 2,
                "weight": 0.16392991756912725,
                "active": true
            }
        }
    }
}