{
    "Num species": 1,
    "Species 0 num animals": 60,
    "Species 0 top fitness": -1554.2539847756934,
    "Species 0 mean fitness": -1583.6960425509833,
    "Species 0 std fitness": 33.53980258291939,
    "Species 0 top animal N hidden neurons": 0,
    "Species 0 top animal N synapses": 3,
    "Species 0 top animal": {
        "neurons": {
            "0": {
                "type": "i",
                "bias": 0.2079786569926884
            },
            "1": {
                "type": "i",
                "bias": 0.31184794238835767
            },
            "2": {
                "type": "i",
                "bias": 0.6625596211214526
            },
            "3": {
                "type": "o",
                "bias": -2.9597645058218025
            }
        },
        "synapses": {
            "4": {
                "nrn_to": 3,
                "nrn_from": 0,
                "weight": -2.9842730770204877,
                "active": true
            },
            "5": {
                "nrn_to": 3,
                "nrn_from": 1,
                "weight": 2.9820459106663275,
                "active": true
            },
            "6": {
                "nrn_to": 3,
                "nrn_from": 2,
                "weight": 0.1786825677925712,
                "active": true
            }
        }
    }
}