{
    "Num species": 1,
    "Species 0 num animals": 60,
    "Species 0 top fitness": -1677.1683788213643,
    "Species 0 mean fitness": -1738.6035462624545,
    "Species 0 std fitness": 66.9380994163563,
    "Species 0 top animal N hidden neurons": 0,
    "Species 0 top animal N synapses": 3,
    "Species 0 top animal": {
        "neurons": {
            "0": {
                "type": "i",
                "bias": 0.11660178930352424
            },
            "1": {
                "type": "i",
                "bias": -0.003250309422846089
            },
            "2": {
                "type": "i",
                "bias": -0.06305158099864833
            },
            "3": {
                "type": "o",
                "bias": -0.21148042059731642
            }
        },
        "synapses": {
            "4": {
                "nrn_to": 3,
                "nrn_from": 0,
                "weight": -0.33734451210294997,
                "active": true
            },
            "5": {
                "nrn_to": 3,
                "nrn_from": 1,
                "weight": 0.15403240626894255,
                "active": true
            },
            "6": {
                "nrn_to": 3,
                "nrn_from": 2,
                "weight": 0.0769559757231939,
                "active": true
            }
        }
    }
}