{
    "Num species": 1,
    "Species 0 num animals": 60,
    "Species 0 top fitness": -1540.293492431387,
    "Species 0 mean fitness": -1619.4332758917878,
    "Species 0 std fitness": 113.91158673722472,
    "Species 0 top animal N hidden neurons": 0,
    "Species 0 top animal N synapses": 2,
    "Species 0 top animal": {
        "neurons": {
            "0": {
                "type": "i",
                "bias": 8.179380093423661e-05
            },
            "1": {
                "type": "i",
                "bias": 0.0025635629024574856
            },
            "2": {
                "type": "i",
                "bias": 0.03721532253181165
            },
            "3": {
                "type": "o",
                "bias": -0.05027300350943382
            }
        },
        "synapses": {
            "5": {
                "nrn_to": 3,
                "nrn_from": 1,
                "weight": 0.17473471445207267,
                "active": true
            },
            "6": {
                "nrn_to": 3,
                "nrn_from": 2,
                "weight": 0.04077931598949143,
                "active": true
            }
        }
    }
}