{
    "Num species": 1,
    "Species 0 num animals": 60,
    "Species 0 top fitness": -1625.839740878232,
    "Species 0 mean fitness": -1679.5673424507393,
    "Species 0 std fitness": 59.82352179740799,
    "Species 0 top animal N hidden neurons": 0,
    "Species 0 top animal N synapses": 3,
    "Species 0 top animal": {
        "neurons": {
            "0": {
                "type": "i",
                "bias": -0.025805260778998557
            },
            "1": {
                "type": "i",
                "bias": 0.015244075539366844
            },
            "2": {
                "type": "i",
                "bias": -0.03591822077430857
            },
            "3": {
                "type": "o",
                "bias": -0.7212051094170386
            }
        },
        "synapses": {
            "4": {
                "nrn_to": 3,
                "nrn_from": 1,
                "weight": 0.4830767519423215,
                "active": true
            },
            "5": {
                "nrn_to": 3,
                "nrn_from": 2,
                "weight": 0.08669471468445332,
                "active": true
            },
            "6": {
                "nrn_to": 3,
                "nrn_from": 0,
                "weight": -0.9553920699257383,
                "active": true
            }
        }
    }
}