{
    "Num species": 1,
    "Species 0 num animals": 60,
    "Species 0 top fitness": -1571.6360121426303,
    "Species 0 mean fitness": -1644.7338591144896,
    "Species 0 std fitness": 57.055287492329676,
    "Species 0 top animal N hidden neurons": 0,
    "Species 0 top animal N synapses": 3,
    "Species 0 top animal": {
        "neurons": {
            "0": {
                "type": "i",
                "bias": -0.17646451093444215
            },
            "1": {
                "type": "i",
                "bias": -0.08608103933711894
            },
            "2": {
                "type": "i",
                "bias": 0.1176224405989084
            },
            "3": {
                "type": "o",
                "bias": -2.190501685924251
            }
        },
        "synapses": {
            "4": {
                "nrn_to": 3,
                "nrn_from": 0,
                "weight": -1.5260493953709535,
                "active": true
            },
            "5": {
                "nrn_to": 3,
                "nrn_from": 1,
                "weight": 0.5464693797658083,
                "active": true
            },
            "6": {
                "nrn_to": 3,
                "nrn_from": 2,
                "weight": 0.06587370924676367,
                "active": true
            }
        }
    }
}