{
    "Num species": 1,
    "Species 0 num animals": 60,
    "Species 0 top fitness": -1688.9230119210515,
    "Species 0 mean fitness": -1729.2924317036586,
    "Species 0 std fitness": 44.34918294655478,
    "Species 0 top animal N hidden neurons": 0,
    "Species 0 top animal N synapses": 3,
    "Species 0 top animal": {
        "neurons": {
            "0": {
                "type": "i",
                "bias": -0.06346089119557932
            },
            "1": {
                "type": "i",
                "bias": 0.034297320800574044
            },
            "2": {
                "type": "i",
                "bias": 0.09812369617341185
            },
            "3": {
                "type": "o",
                "bias": -0.4170242589990553
            }
        },
        "synapses": {
            "4": {
                "nrn_to": 3,
                "nrn_from": 0,
                "weight": -0.4957007229561124,
                "active": true
            },
            "5": {
                "nrn_to": 3,
                "nrn_from": 2,
                "weight": 0.10722391996585243,
                "active": true
            },
            "6": {
                "nrn_to": 3,
                "nrn_from": 1,
                "weight": 0.702202574655899,
                "active": true
            }
        }
    }
}