{
    "Num species": 1,
    "Species 0 num animals": 60,
    "Species 0 top fitness": -1593.1169490464758,
    "Species 0 mean fitness": -1642.0479950089464,
    "Species 0 std fitness": 53.56644760456218,
    "Species 0 top animal N hidden neurons": 0,
    "Species 0 top animal N synapses": 3,
    "Species 0 top animal": {
        "neurons": {
            "0": {
                "type": "i",
                "bias": 0.3664260459573343
            },
            "1": {
                "type": "i",
                "bias": -0.0056468463086428375
            },
            "2": {
                "type": "i",
                "bias": 0.1974837668801111
            },
            "3": {
                "type": "o",
                "bias": -0.6871302882446331
            }
        },
        "synapses": {
            "4": {
                "nrn_to": 3,
                "nrn_from": 0,
                "weight": -0.9131655969341752,
                "active": true
            },
            "5": {
                "nrn_to": 3,
                "nrn_from": 1,
                "weight": 1.0715148038028242,
                "active": true
            },
            "6": {
                "nrn_to": 3,
                "nrn_from": 2,
                "weight": 0.17552685902475088,
                "active": true
            }
        }
    }
}