{
    "Num species": 1,
    "Species 0 num animals": 60,
    "Species 0 top fitness": -1803.3303456660144,
    "Species 0 mean fitness": -1886.2223047734458,
    "Species 0 std fitness": 170.01998163844442,
    "Species 0 top animal N hidden neurons": 0,
    "Species 0 top animal N synapses": 1,
    "Species 0 top animal": {
        "neurons": {
            "0": {
                "type": "i",
                "bias": 0.14333883688061483
            },
            "1": {
                "type": "i",
                "bias": 0.048690553596904045
            },
            "2": {
                "type": "i",
                "bias": -0.09272057611205083
            },
            "3": {
                "type": "o",
                "bias": 0.0018981309389948166
            }
        },
        "synapses": {
            "4": {
                "nrn_to": 3,
                "nrn_from": 0,
                "weight": 0.07262113315503767,
                "active": true
            }
        }
    }
}