{
    "Num species": 1,
    "Species 0 num animals": 60,
    "Species 0 top fitness": -1576.4705892763911,
    "Species 0 mean fitness": -1622.3160332214745,
    "Species 0 std fitness": 36.71677081959988,
    "Species 0 top animal N hidden neurons": 0,
    "Species 0 top animal N synapses": 3,
    "Species 0 top animal": {
        "neurons": {
            "0": {
                "type": "i",
                "bias": 0.01875643732719632
            },
            "1": {
                "type": "i",
                "bias": 0.35073872017823254
            },
            "2": {
                "type": "i",
                "bias": 0.12590696718947464
            },
            "3": {
                "type": "o",
                "bias": -0.7376822705021626
            }
        },
        "synapses": {
            "4": {
                "nrn_to": 3,
                "nrn_from": 2,
                "weight": 0.13517764973510604,
                "active": true
            },
            "5": {
                "nrn_to": 3,
                "nrn_from": 0,
                "weight": -0.992906293157328,
                "active": true
            },
            "6": {
                "nrn_to": 3,
                "nrn_from": 1,
                "weight": 1.1079906533505286,
                "active": true
            }
        }
    }
}