{
    "Num species": 1,
    "Species 0 num animals": 60,
    "Species 0 top fitness": -1339.2190307096503,
    "Species 0 mean fitness": -1534.8747076643308,
    "Species 0 std fitness": 180.95984634813715,
    "Species 0 top animal N hidden neurons": 1,
    "Species 0 top animal N synapses": 7,
    "Species 0 top animal": {
        "neurons": {
            "0": {
                "type": "i",
                "bias": 0.49963798299137335
            },
            "1": {
                "type": "i",
                "bias": -0.3390727335224515
            },
            "2": {
                "type": "i",
                "bias": 0.3549597267109565
            },
            "3": {
                "type": "o",
                "bias": -0.06535793656979907
            },
            "41": {
                "type": "h",
                "bias": -2.125834096527568
            }
        },
        "synapses": {
            "51": {
                "nrn_to": 41,
                "nrn_from": 1,
                "weight": 0.44832243708356606,
                "active": true
            },
            "4": {
                "nrn_to": 3,
                "nrn_from": 1,
                "weight": 0.5483429287635537,
                "active": true
            },
            "5": {
                "nrn_to": 3,
                "nrn_from": 0,
                "weight": -0.7862523476436255,
                "active": true
            },
            "6": {
                "nrn_to": 3,
                "nrn_from": 2,
                "weight": 0.24420879534349285,
                "active": true
            },
            "56": {
                "nrn_to": 41,
                "nrn_from": 2,
                "weight": 0.7229596104382341,
                "active": true
            },
            "42": {
                "active": true,
                "nrn_to": 41,
                "nrn_from": 0,
                "weight": 0.8543250221386314
            },
            "43": {
                "active": true,
                "nrn_to": 3,
                "nrn_from": 41,
                "weight": -0.9369478841428661
            }
        }
    }
}