{
    "Num species": 1,
    "Species 0 num animals": 60,
    "Species 0 top fitness": -1683.0431422162546,
    "Species 0 mean fitness": -1742.382352508969,
    "Species 0 std fitness": 49.819670505128485,
    "Species 0 top animal N hidden neurons": 0,
    "Species 0 top animal N synapses": 3,
    "Species 0 top animal": {
        "neurons": {
            "0": {
                "type": "i",
                "bias": -0.18375453811291736
            },
            "1": {
                "type": "i",
                "bias": 1.2405067949885578
            },
            "2": {
                "type": "i",
                "bias": 0.44923605054484905
            },
            "3": {
                "type": "o",
                "bias": -1.6903575810654614
            }
        },
        "synapses": {
            "4": {
                "nrn_to": 3,
                "nrn_from": 0,
                "weight": -1.8371020774781732,
                "active": true
            },
            "5": {
                "nrn_to": 3,
                "nrn_from": 1,
                "weight": 1.6976305830291654,
                "active": true
            },
            "6": {
                "nrn_to": 3,
                "nrn_from": 2,
                "weight": 0.17284953234954842,
                "active": true
            }
        }
    }
}