{
    "Num species": 8,
    "Species 0 num animals": 7,
    "Species 0 top fitness": -1741.1987691852485,
    "Species 0 mean fitness": -1756.1654739270084,
    "Species 0 std fitness": 9.456588944788422,
    "Species 0 top animal N hidden neurons": 0,
    "Species 0 top animal N synapses": 3,
    "Species 0 top animal": {
        "neurons": {
            "0": {
                "type": "i",
                "bias": 0.2967760989816488
            },
            "1": {
                "type": "i",
                "bias": 0.761564043105095
            },
            "2": {
                "type": "i",
                "bias": 0.06946601312168288
            },
            "3": {
                "type": "o",
                "bias": -0.8200292544046531
            }
        },
        "synapses": {
            "4": {
                "nrn_to": 3,
                "nrn_from": 2,
                "weight": 0.14560482326759686,
                "active": true
            },
            "5": {
                "nrn_to": 3,
                "nrn_from": 0,
                "weight": -1.2351666449168708,
                "active": true
            },
            "6": {
                "nrn_to": 3,
                "nrn_from": 1,
                "weight": 1.5,
                "active": true
            }
        }
    },
    "Species 9 num animals": 9,
    "Species 9 top fitness": -1367.7896622070718,
    "Species 9 mean fitness": -1540.7438166365143,
    "Species 9 std fitness": 130.74518036246852,
    "Species 9 top animal N hidden neurons": 2,
    "Species 9 top animal N synapses": 11,
    "Species 9 top animal": {
        "neurons": {
            "0": {
                "type": "i",
                "bias": 0.13752047526665595
            },
            "1": {
                "type": "i",
                "bias": 0.8854046716657559
            },
            "2": {
                "type": "i",
                "bias": 0.14691649566405546
            },
            "3": {
                "type": "o",
                "bias": -0.5030881834473223
            },
            "235": {
                "type": "h",
                "bias": 0.0422375791309654
            },
            "150": {
                "type": "h",
                "bias": -0.213179538791633
            }
        },
        "synapses": {
            "4": {
                "nrn_to": 3,
                "nrn_from": 2,
                "weight": 0.4157897484881761,
                "active": true
            },
            "5": {
                "nrn_to": 3,
                "nrn_from": 0,
                "weight": -1.4221659341602064,
                "active": true
            },
            "6": {
                "nrn_to": 3,
                "nrn_from": 1,
                "weight": 2.7545779669508486,
                "active": true
            },
            "236": {
                "active": true,
                "nrn_to": 235,
                "nrn_from": 150,
                "weight": 0.966994063356279
            },
            "237": {
                "active": true,
                "nrn_to": 3,
                "nrn_from": 235,
                "weight": -2.371086211698675
            },
            "238": {
                "nrn_to": 235,
                "nrn_from": 0,
                "weight": 0.10442098969954008,
                "active": true
            },
            "240": {
                "nrn_to": 235,
                "nrn_from": 1,
                "weight": -0.3325454747605718,
                "active": true
            },
            "151": {
                "active": true,
                "nrn_to": 150,
                "nrn_from": 0,
                "weight": 2.9846310552716457
            },
            "152": {
                "nrn_to": 3,
                "nrn_from": 150,
                "weight": -0.5731074787615177,
                "active": true
            },
            "156": {
                "nrn_to": 150,
                "nrn_from": 1,
                "weight": 0.8056038214550045,
                "active": true
            },
            "157": {
                "nrn_to": 150,
                "nrn_from": 2,
                "weight": 0.6002339845782864,
                "active": true
            }
        }
    },
    "Species 8 num animals": 6,
    "Species 8 top fitness": -1348.7668309622698,
    "Species 8 mean fitness": -1599.2331653361614,
    "Species 8 std fitness": 315.8084317056472,
    "Species 8 top animal N hidden neurons": 2,
    "Species 8 top animal N synapses": 9,
    "Species 8 top animal": {
        "neurons": {
            "0": {
                "type": "i",
                "bias": 0.11634609072806798
            },
            "1": {
                "type": "i",
                "bias": 0.9319134504466603
            },
            "2": {
                "type": "i",
                "bias": 0.09074675309075857
            },
            "3": {
                "type": "o",
                "bias": -0.5970106914495068
            },
            "235": {
                "type": "h",
                "bias": -0.05621587715148435
            },
            "150": {
                "type": "h",
                "bias": -0.26288143324561136
            }
        },
        "synapses": {
            "4": {
                "nrn_to": 3,
                "nrn_from": 2,
                "weight": 0.3252961030878814,
                "active": true
            },
            "5": {
                "nrn_to": 3,
                "nrn_from": 0,
                "weight": -1.0961669715121192,
                "active": true
            },
            "6": {
                "nrn_to": 3,
                "nrn_from": 1,
                "weight": 0.6059502827015323,
                "active": true
            },
            "236": {
                "active": true,
                "nrn_to": 235,
                "nrn_from": 150,
                "weight": 0.927590544545374
            },
            "237": {
                "active": true,
                "nrn_to": 3,
                "nrn_from": 235,
                "weight": -2.5539859066625428
            },
            "151": {
                "active": true,
                "nrn_to": 150,
                "nrn_from": 0,
                "weight": 2.3716313023860374
            },
            "152": {
                "nrn_to": 3,
                "nrn_from": 150,
                "weight": 0.14796638698297868,
                "active": false
            },
            "156": {
                "nrn_to": 150,
                "nrn_from": 1,
                "weight": 0.7348639340278237,
                "active": true
            },
            "157": {
                "nrn_to": 150,
                "nrn_from": 2,
                "weight": 0.4821418431356641,
                "active": true
            }
        }
    },
    "Species 3 num animals": 5,
    "Species 3 top fitness": -1499.66445925715,
    "Species 3 mean fitness": -1536.6242545347839,
    "Species 3 std fitness": 59.20768262987339,
    "Species 3 top animal N hidden neurons": 1,
    "Species 3 top animal N synapses": 7,
    "Species 3 top animal": {
        "neurons": {
            "0": {
                "type": "i",
                "bias": 0.18628691502448214
            },
            "1": {
                "type": "i",
                "bias": 0.4297660192372596
            },
            "2": {
                "type": "i",
                "bias": 0.1964122548870092
            },
            "3": {
                "type": "o",
                "bias": -0.14311316185785583
            },
            "150": {
                "type": "h",
                "bias": 0.49868077523879106
            }
        },
        "synapses": {
            "4": {
                "nrn_to": 3,
                "nrn_from": 2,
                "weight": -0.0373831207389631,
                "active": false
            },
            "5": {
                "nrn_to": 3,
                "nrn_from": 0,