{
    "Num species": 1,
    "Species 0 num animals": 60,
    "Species 0 top fitness": -1572.9423637636762,
    "Species 0 mean fitness": -1640.9387905652225,
    "Species 0 std fitness": 70.4825504520679,
    "Species 0 top animal N hidden neurons": 0,
    "Species 0 top animal N synapses": 3,
    "Species 0 top animal": {
        "neurons": {
            "0": {
                "type": "i",
                "bias": 0.2944953289762734
            },
            "1": {
                "type": "i",
                "bias": 0.12658801811198953
            },
            "2": {
                "type": "i",
                "bias": 0.12449133131166285
            },
            "3": {
                "type": "o",
                "bias": -0.6871302882446331
            }
        },
        "synapses": {
            "4": {
                "nrn_to": 3,
                "nrn_from": 0,
                "weight": -0.9131655969341752,
                "active": true
            },
            "5": {
                "nrn_to": 3,
                "nrn_from": 1,
                "weight": 1.0715148038028242,
                "active": true
            },
            "6": {
                "nrn_to": 3,
                "nrn_from": 2,
                "weight": 0.17552685902475088,
                "active": true
            }
        }
    }
}