{
    "Num species": 1,
    "Species 0 num animals": 60,
    "Species 0 top fitness": -1563.5221564109806,
    "Species 0 mean fitness": -1641.5612441307965,
    "Species 0 std fitness": 69.34728894618301,
    "Species 0 top animal N hidden neurons": 0,
    "Species 0 top animal N synapses": 3,
    "Species 0 top animal": {
        "neurons": {
            "0": {
                "type": "i",
                "bias": -0.0944798713289652
            },
            "1": {
                "type": "i",
                "bias": 0.009452245195590687
            },
            "2": {
                "type": "i",
                "bias": 0.11955488220123886
            },
            "3": {
                "type": "o",
                "bias": -1.0890860172975174
            }
        },
        "synapses": {
            "4": {
                "nrn_to": 3,
                "nrn_from": 0,
                "weight": -1.536966408619824,
                "active": true
            },
            "5": {
                "nrn_to": 3,
                "nrn_from": 1,
                "weight": 0.6492809851057005,
                "active": true
            },
            "6": {
                "nrn_to": 3,
                "nrn_from": 2,
                "weight": 0.11224243303615888,
                "active": true
            }
        }
    }
}