{
    "Num species": 1,
    "Species 0 num animals": 60,
    "Species 0 top fitness": -1520.5728315372382,
    "Species 0 mean fitness": -1549.3801139331583,
    "Species 0 std fitness": 37.41744452313637,
    "Species 0 top animal N hidden neurons": 0,
    "Species 0 top animal N synapses": 3,
    "Species 0 top animal": {
        "neurons": {
            "0": {
                "type": "i",
                "bias": -0.4161289140163061
            },
            "1": {
                "type": "i",
                "bias": 1.3101992798296223
            },
            "2": {
                "type": "i",
                "bias": 0.6733939202299568
            },
            "3": {
                "type": "o",
                "bias": -2.8572511696872254
            }
        },
        "synapses": {
            "4": {
                "nrn_to": 3,
                "nrn_from": 0,
                "weight": -3.0,
                "active": true
            },
            "5": {
                "nrn_to": 3,
                "nrn_from": 1,
                "weight": 2.9460825214772837,
                "active": true
            },
            "6": {
                "nrn_to": 3,
                "nrn_from": 2,
                "weight": 0.23384309377108517,
                "active": true
            }
        }
    }
}