{
    "Num species": 1,
    "Species 0 num animals": 60,
    "Species 0 top fitness": -1578.0230185131218,
    "Species 0 mean fitness": -1627.0911727678463,
    "Species 0 std fitness": 64.56251144741316,
    "Species 0 top animal N hidden neurons": 0,
    "Species 0 top animal N synapses": 3,
    "Species 0 top animal": {
        "neurons": {
            "0": {
                "type": "i",
                "bias": -0.0616955241803398
            },
            "1": {
                "type": "i",
                "bias": -0.004077660942813598
            },
            "2": {
                "type": "i",
                "bias": 0.06858917306902447
            },
            "3": {
                "type": "o",
                "bias": -0.32745615520535004
            }
        },
        "synapses": {
            "4": {
                "nrn_to": 3,
                "nrn_from": 0,
                "weight": -0.5650344171203266,
                "active": true
            },
            "5": {
                "nrn_to": 3,
                "nrn_from": 1,
                "weight": 0.4332209212306959,
                "active": true
            },
            "6": {
                "nrn_to": 3,
                "nrn_from": 2,
                "weight": 0.08098858700237377,
                "active": true
            }
        }
    }
}