{
    "Num species": 1,
    "Species 0 num animals": 60,
    "Species 0 top fitness": -1626.516504691328,
    "Species 0 mean fitness": -1655.2113597042742,
    "Species 0 std fitness": 31.959673214414206,
    "Species 0 top animal N hidden neurons": 0,
    "Species 0 top animal N synapses": 3,
    "Species 0 top animal": {
        "neurons": {
            "0": {
                "type": "i",
                "bias": -0.11602856339076657
            },
            "1": {
                "type": "i",
                "bias": 0.011513510636628255
            },
            "2": {
                "type": "i",
                "bias": 0.611951394310164
            },
            "3": {
                "type": "o",
                "bias": -2.3565315406351504
            }
        },
        "synapses": {
            "4": {
                "nrn_to": 3,
                "nrn_from": 0,
                "weight": -2.770045776168739,
                "active": true
            },
            "5": {
                "nrn_to": 3,
                "nrn_from": 1,
                "weight": 1.7061348411094994,
                "active": true
            },
            "6": {
                "nrn_to": 3,
                "nrn_from": 2,
                "weight": 0.17882278034163676,
                "active": true
            }
        }
    }
}