{
    "Num species": 1,
    "Species 0 num animals": 60,
    "Species 0 top fitness": -1702.770435189692,
    "Species 0 mean fitness": -1784.5468489632694,
    "Species 0 std fitness": 104.68468814043412,
    "Species 0 top animal N hidden neurons": 0,
    "Species 0 top animal N synapses": 3,
    "Species 0 top animal": {
        "neurons": {
            "0": {
                "type": "i",
                "bias": 0.16365035734526517
            },
            "1": {
                "type": "i",
                "bias": -0.04332741170587
            },
            "2": {
                "type": "i",
                "bias": 0.03170739894424273
            },
            "3": {
                "type": "o",
                "bias": -0.09770343461409647
            }
        },
        "synapses": {
            "4": {
                "nrn_to": 3,
                "nrn_from": 0,
                "weight": -0.33734451210294997,
                "active": true
            },
            "5": {
                "nrn_to": 3,
                "nrn_from": 1,
                "weight": 0.15774796913394742,
                "active": true
            },
            "6": {
                "nrn_to": 3,
                "nrn_from": 2,
                "weight": 0.09991425512202534,
                "active": true
            }
        }
    }
}