{
    "Num species": 1,
    "Species 0 num animals": 60,
    "Species 0 top fitness": -1691.8500454525677,
    "Species 0 mean fitness": -1725.1779362573784,
    "Species 0 std fitness": 39.74793281822933,
    "Species 0 top animal N hidden neurons": 0,
    "Species 0 top animal N synapses": 3,
    "Species 0 top animal": {
        "neurons": {
            "0": {
                "type": "i",
                "bias": 0.09427309520178524
            },
            "1": {
                "type": "i",
                "bias": -0.012569345058726502
            },
            "2": {
                "type": "i",
                "bias": 0.11981004153448646
            },
            "3": {
                "type": "o",
                "bias": -0.30558642228292293
            }
        },
        "synapses": {
            "4": {
                "nrn_to": 3,
                "nrn_from": 0,
                "weight": -0.5921620778653673,
                "active": true
            },
            "5": {
                "nrn_to": 3,
                "nrn_from": 1,
                "weight": 0.7411469604826691,
                "active": true
            },
            "6": {
                "nrn_to": 3,
                "nrn_from": 2,
                "weight": 0.08570141736177685,
                "active": true
            }
        }
    }
}