{
    "Num species": 1,
    "Species 0 num animals": 60,
    "Species 0 top fitness": -1653.5880729832586,
    "Species 0 mean fitness": -1706.8541756369357,
    "Species 0 std fitness": 57.38136680530551,
    "Species 0 top animal N hidden neurons": 0,
    "Species 0 top animal N synapses": 3,
    "Species 0 top animal": {
        "neurons": {
            "0": {
                "type": "i",
                "bias": -0.02959879175745565
            },
            "1": {
                "type": "i",
                "bias": 0.07132562445782653
            },
            "2": {
                "type": "i",
                "bias": -0.0009916964273761644
            },
            "3": {
                "type": "o",
                "bias": -0.15325832529673214
            }
        },
        "synapses": {
            "4": {
                "nrn_to": 3,
                "nrn_from": 2,
                "weight": 0.08068276526527068,
                "active": true
            },
            "5": {
                "nrn_to": 3,
                "nrn_from": 0,
                "weight": -0.40993365380319463,
                "active": true
            },
            "6": {
                "nrn_to": 3,
                "nrn_from": 1,
                "weight": 0.4526790843579052,
                "active": true
            }
        }
    }
}