{
    "Num species": 1,
    "Species 0 num animals": 60,
    "Species 0 top fitness": -1739.0521115023728,
    "Species 0 mean fitness": -1799.365889162033,
    "Species 0 std fitness": 69.97564312681017,
    "Species 0 top animal N hidden neurons": 0,
    "Species 0 top animal N synapses": 3,
    "Species 0 top animal": {
        "neurons": {
            "0": {
                "type": "i",
                "bias": 0.389919954137544
            },
            "1": {
                "type": "i",
                "bias": -0.0011143305040503398
            },
            "2": {
                "type": "i",
                "bias": -0.1637515821887291
            },
            "3": {
                "type": "o",
                "bias": -0.27294668605008093
            }
        },
        "synapses": {
            "4": {
                "nrn_to": 3,
                "nrn_from": 0,
                "weight": -0.5077917121889548,
                "active": true
            },
            "5": {
                "nrn_to": 3,
                "nrn_from": 1,
                "weight": 0.4770363273454622,
                "active": true
            },
            "6": {
                "nrn_to": 3,
                "nrn_from": 2,
                "weight": 0.0899053664338686,
                "active": true
            }
        }
    }
}