{
    "Num species": 1,
    "Species 0 num animals": 60,
    "Species 0 top fitness": -1722.1497843377326,
    "Species 0 mean fitness": -1761.8297119599897,
    "Species 0 std fitness": 48.19628076991642,
    "Species 0 top animal N hidden neurons": 0,
    "Species 0 top animal N synapses": 3,
    "Species 0 top animal": {
        "neurons": {
            "0": {
                "type": "i",
                "bias": 0.1655981333876857
            },
            "1": {
                "type": "i",
                "bias": -0.19912390162056376
            },
            "2": {
                "type": "i",
                "bias": 0.5393431413879063
            },
            "3": {
                "type": "o",
                "bias": -0.3739384250581651
            }
        },
        "synapses": {
            "4": {
                "nrn_to": 3,
                "nrn_from": 0,
                "weight": -0.6948685908199591,
                "active": true
            },
            "5": {
                "nrn_to": 3,
                "nrn_from": 1,
                "weight": 0.48525382982545956,
                "active": true
            },
            "6": {
                "nrn_to": 3,
                "nrn_from": 2,
                "weight": 0.10800665835748237,
                "active": true
            }
        }
    }
}