{
    "Num species": 1,
    "Species 0 num animals": 60,
    "Species 0 top fitness": -1598.16479332595,
    "Species 0 mean fitness": -1650.1848561672034,
    "Species 0 std fitness": 59.42631406199261,
    "Species 0 top animal N hidden neurons": 0,
    "Species 0 top animal N synapses": 3,
    "Species 0 top animal": {
        "neurons": {
            "0": {
                "type": "i",
                "bias": -0.11153243371532051
            },
            "1": {
                "type": "i",
                "bias": -0.12659873202146485
            },
            "2": {
                "type": "i",
                "bias": 0.24951062000402954
            },
            "3": {
                "type": "o",
                "bias": -2.1805925707133382
            }
        },
        "synapses": {
            "4": {
                "nrn_to": 3,
                "nrn_from": 0,
                "weight": -2.5946965027527655,
                "active": true
            },
            "5": {
                "nrn_to": 3,
                "nrn_from": 1,
                "weight": 1.411590180821897,
                "active": true
            },
            "6": {
                "nrn_to": 3,
                "nrn_from": 2,
                "weight": 0.12195768550436997,
                "active": true
            }
        }
    }
}