{
    "Num species": 2,
    "Species 0 num animals": 45,
    "Species 0 top fitness": -1539.6257786651274,
    "Species 0 mean fitness": -1594.031106542564,
    "Species 0 std fitness": 51.98173032510059,
    "Species 0 top animal N hidden neurons": 0,
    "Species 0 top animal N synapses": 3,
    "Species 0 top animal": {
        "neurons": {
            "0": {
                "type": "i",
                "bias": 2.015291434953827
            },
            "1": {
                "type": "i",
                "bias": 0.4987967928514166
            },
            "2": {
                "type": "i",
                "bias": 2.7788278851404553
            },
            "3": {
                "type": "o",
                "bias": -3.0
            }
        },
        "synapses": {
            "4": {
                "nrn_to": 3,
                "nrn_from": 0,
                "weight": -2.9509754296871407,
                "active": true
            },
            "5": {
                "nrn_to": 3,
                "nrn_from": 1,
                "weight": 2.90495057360827,
                "active": true
            },
            "6": {
                "nrn_to": 3,
                "nrn_from": 2,
                "weight": 0.18622957135597312,
                "active": true
            }
        }
    },
    "Species 1 num animals": 15,
    "Species 1 top fitness": -1695.509095237212,
    "Species 1 mean fitness": -1716.2694857879812,
    "Species 1 std fitness": 14.19876497345537,
    "Species 1 top animal N hidden neurons": 0,
    "Species 1 top animal N synapses": 3,
    "Species 1 top animal": {
        "neurons": {
            "0": {
                "type": "i",
                "bias": 1.1691142517441186
            },
            "1": {
                "type": "i",
                "bias": 0.3390392309482105
            },
            "2": {
                "type": "i",
                "bias": 2.866350254474197
            },
            "3": {
                "type": "o",
                "bias": -1.461573711592076
            }
        },
        "synapses": {
            "4": {
                "nrn_to": 3,
                "nrn_from": 0,
                "weight": 0.23156103840191578,
                "active": true
            },
            "5": {
                "nrn_to": 3,
                "nrn_from": 1,
                "weight": 2.9008739438145943,
                "active": true
            },
            "6": {
                "nrn_to": 3,
                "nrn_from": 2,
                "weight": 0.27065447005273013,
                "active": true
            }
        }
    }
}