{
    "Num species": 1,
    "Species 0 num animals": 60,
    "Species 0 top fitness": -1711.2080594582367,
    "Species 0 mean fitness": -1763.0876992277417,
    "Species 0 std fitness": 66.37565808022401,
    "Species 0 top animal N hidden neurons": 0,
    "Species 0 top animal N synapses": 3,
    "Species 0 top animal": {
        "neurons": {
            "0": {
                "type": "i",
                "bias": 0.4372110455196008
            },
            "1": {
                "type": "i",
                "bias": 0.200322327717434
            },
            "2": {
                "type": "i",
                "bias": -0.0754640658027111
            },
            "3": {
                "type": "o",
                "bias": -0.34697279676563597
            }
        },
        "synapses": {
            "4": {
                "nrn_to": 3,
                "nrn_from": 0,
                "weight": -0.6471624199338288,
                "active": true
            },
            "5": {
                "nrn_to": 3,
                "nrn_from": 1,
                "weight": 0.41758094714464083,
                "active": true
            },
            "6": {
                "nrn_to": 3,
                "nrn_from": 2,
                "weight": 0.08188139265776276,
                "active": true
            }
        }
    }
}