{
    "Num species": 1,
    "Species 0 num animals": 60,
    "Species 0 top fitness": -1690.6994261477519,
    "Species 0 mean fitness": -1732.651860378374,
    "Species 0 std fitness": 37.64854372149327,
    "Species 0 top animal N hidden neurons": 0,
    "Species 0 top animal N synapses": 3,
    "Species 0 top animal": {
        "neurons": {
            "0": {
                "type": "i",
                "bias": -0.1732039398360167
            },
            "1": {
                "type": "i",
                "bias": -0.2585204935893098
            },
            "2": {
                "type": "i",
                "bias": 0.485263128840962
            },
            "3": {
                "type": "o",
                "bias": -2.251659197185557
            }
        },
        "synapses": {
            "4": {
                "nrn_to": 3,
                "nrn_from": 0,
                "weight": -2.739904021457519,
                "active": true
            },
            "5": {
                "nrn_to": 3,
                "nrn_from": 1,
                "weight": 1.409366975317307,
                "active": true
            },
            "6": {
                "nrn_to": 3,
                "nrn_from": 2,
                "weight": 0.2155760054598334,
                "active": true
            }
        }
    }
}