{
    "Num species": 1,
    "Species 0 num animals": 60,
    "Species 0 top fitness": -1496.1654270155186,
    "Species 0 mean fitness": -1531.5605570979635,
    "Species 0 std fitness": 37.24430005409415,
    "Species 0 top animal N hidden neurons": 0,
    "Species 0 top animal N synapses": 3,
    "Species 0 top animal": {
        "neurons": {
            "0": {
                "type": "i",
                "bias": -0.24178674632477726
            },
            "1": {
                "type": "i",
                "bias": -0.041667278281412465
            },
            "2": {
                "type": "i",
                "bias": 0.22859395714581912
            },
            "3": {
                "type": "o",
                "bias": -2.3524942723920024
            }
        },
        "synapses": {
            "4": {
                "nrn_to": 3,
                "nrn_from": 0,
                "weight": -2.622447355638319,
                "active": true
            },
            "5": {
                "nrn_to": 3,
                "nrn_from": 1,
                "weight": 1.5352811728696867,
                "active": true
            },
            "6": {
                "nrn_to": 3,
                "nrn_from": 2,
                "weight": 0.10650577313722641,
                "active": true
            }
        }
    }
}