{
    "Num species": 1,
    "Species 0 num animals": 60,
    "Species 0 top fitness": -1642.1482717784615,
    "Species 0 mean fitness": -1691.7645222093174,
    "Species 0 std fitness": 48.85331544486045,
    "Species 0 top animal N hidden neurons": 0,
    "Species 0 top animal N synapses": 3,
    "Species 0 top animal": {
        "neurons": {
            "0": {
                "type": "i",
                "bias": 0.2735429904634049
            },
            "1": {
                "type": "i",
                "bias": -0.06503753807501618
            },
            "2": {
                "type": "i",
                "bias": -0.06917460431884653
            },
            "3": {
                "type": "o",
                "bias": -0.27814122796031626
            }
        },
        "synapses": {
            "4": {
                "nrn_to": 3,
                "nrn_from": 0,
                "weight": -0.43345403333092913,
                "active": true
            },
            "5": {
                "nrn_to": 3,
                "nrn_from": 1,
                "weight": 0.27659573137569515,
                "active": true
            },
            "6": {
                "nrn_to": 3,
                "nrn_from": 2,
                "weight": 0.051605104853158446,
                "active": true
            }
        }
    }
}