{
    "Num species": 1,
    "Species 0 num animals": 60,
    "Species 0 top fitness": -1531.752671501882,
    "Species 0 mean fitness": -1600.185400251196,
    "Species 0 std fitness": 76.08708117111361,
    "Species 0 top animal N hidden neurons": 0,
    "Species 0 top animal N synapses": 3,
    "Species 0 top animal": {
        "neurons": {
            "0": {
                "type": "i",
                "bias": 0.0472104169149319
            },
            "1": {
                "type": "i",
                "bias": 0.10477868286340804
            },
            "2": {
                "type": "i",
                "bias": -0.0062150717515936146
            },
            "3": {
                "type": "o",
                "bias": -0.3654493184366991
            }
        },
        "synapses": {
            "4": {
                "nrn_to": 3,
                "nrn_from": 0,
                "weight": -0.448799444626496,
                "active": true
            },
            "5": {
                "nrn_to": 3,
                "nrn_from": 2,
                "weight": 0.0635150467639114,
                "active": true
            },
            "6": {
                "nrn_to": 3,
                "nrn_from": 1,
                "weight": 0.6378985981322428,
                "active": true
            }
        }
    }
}