{
    "Num species": 1,
    "Species 0 num animals": 60,
    "Species 0 top fitness": -1631.465587052914,
    "Species 0 mean fitness": -1660.053592022054,
    "Species 0 std fitness": 34.944627780745414,
    "Species 0 top animal N hidden neurons": 0,
    "Species 0 top animal N synapses": 3,
    "Species 0 top animal": {
        "neurons": {
            "0": {
                "type": "i",
                "bias": -0.4054633844102112
            },
            "1": {
                "type": "i",
                "bias": 1.1647789573840437
            },
            "2": {
                "type": "i",
                "bias": 0.7476000258171533
            },
            "3": {
                "type": "o",
                "bias": -2.921784073383077
            }
        },
        "synapses": {
            "4": {
                "nrn_to": 3,
                "nrn_from": 0,
                "weight": -3.0,
                "active": true
            },
            "5": {
                "nrn_to": 3,
                "nrn_from": 1,
                "weight": 2.953721376374759,
                "active": true
            },
            "6": {
                "nrn_to": 3,
                "nrn_from": 2,
                "weight": 0.23951470732418734,
                "active": true
            }
        }
    }
}