{
    "Num species": 5,
    "Species 0 num animals": 13,
    "Species 0 top fitness": -1693.4258310936377,
    "Species 0 mean fitness": -1710.1654593485118,
    "Species 0 std fitness": 16.136730576403327,
    "Species 0 top animal N hidden neurons": 0,
    "Species 0 top animal N synapses": 3,
    "Species 0 top animal": {
        "neurons": {
            "0": {
                "type": "i",
                "bias": 0.22000448858915786
            },
            "1": {
                "type": "i",
                "bias": 0.8609958319760838
            },
            "2": {
                "type": "i",
                "bias": 0.11624467884024242
            },
            "3": {
                "type": "o",
                "bias": -1.030498361348813
            }
        },
        "synapses": {
            "4": {
                "nrn_to": 3,
                "nrn_from": 2,
                "weight": 0.17506968731090025,
                "active": true
            },
            "5": {
                "nrn_to": 3,
                "nrn_from": 0,
                "weight": -1.3106840053543565,
                "active": true
            },
            "6": {
                "nrn_to": 3,
                "nrn_from": 1,
                "weight": 1.3661769899819864,
                "active": true
            }
        }
    },
    "Species 3 num animals": 4,
    "Species 3 top fitness": -1699.1191708826896,
    "Species 3 mean fitness": -1708.9827124391563,
    "Species 3 std fitness": 8.940556693631924,
    "Species 3 top animal N hidden neurons": 1,
    "Species 3 top animal N synapses": 7,
    "Species 3 top animal": {
        "neurons": {
            "0": {
                "type": "i",
                "bias": 0.37524231353956283
            },
            "1": {
                "type": "i",
                "bias": 0.3216243965227911
            },
            "2": {
                "type": "i",
                "bias": 0.12883647567738976
            },
            "3": {
                "type": "o",
                "bias": -1.1674543071811594
            },
            "150": {
                "type": "h",
                "bias": 0.11495342476386504
            }
        },
        "synapses": {
            "4": {
                "nrn_to": 3,
                "nrn_from": 2,
                "weight": 0.2008909771479314,
                "active": true
            },
            "5": {
                "nrn_to": 3,
                "nrn_from": 0,
                "weight": -1.18990822926398,
                "active": true
            },
            "6": {
                "nrn_to": 3,
                "nrn_from": 1,
                "weight": 2.75263437285644,
                "active": true
            },
            "151": {
                "active": true,
                "nrn_to": 150,
                "nrn_from": 0,
                "weight": 2.2671953719206823
            },
            "152": {
                "active": true,
                "nrn_to": 3,
                "nrn_from": 150,
                "weight": -1.2002976779910355
            },
            "156": {
                "nrn_to": 150,
                "nrn_from": 1,
                "weight": 1.5121571230894335,
                "active": true
            },
            "157": {
                "nrn_to": 150,
                "nrn_from": 2,
                "weight": 0.009708925095371277,
                "active": true
            }
        }
    },
    "Species 4 num animals": 10,
    "Species 4 top fitness": -1555.124410535345,
    "Species 4 mean fitness": -1588.607593408947,
    "Species 4 std fitness": 15.528481963532005,
    "Species 4 top animal N hidden neurons": 2,
    "Species 4 top animal N synapses": 9,
    "Species 4 top animal": {
        "neurons": {
            "0": {
                "type": "i",
                "bias": 0.8152575307682142
            },
            "1": {
                "type": "i",
                "bias": 0.2365188062838567
            },
            "2": {
                "type": "i",
                "bias": 0.29265077246219556
            },
            "3": {
                "type": "o",
                "bias": -0.36671282874698485
            },
            "150": {
                "type": "h",
                "bias": -0.16429244661430295
            },
            "189": {
                "type": "h",
                "bias": 0.17463581264462905
            }
        },
        "synapses": {
            "4": {
                "nrn_to": 3,
                "nrn_from": 2,
                "weight": 0.10166465209109658,
                "active": false
            },
            "5": {
                "nrn_to": 3,
                "nrn_from": 0,
                "weight": -0.9566191454998528,
                "active": true
            },
            "6": {
                "nrn_to": 3,
                "nrn_from": 1,
                "weight": 2.8771251937341327,
                "active": true
            },
            "151": {
                "active": false,
                "nrn_to": 150,
                "nrn_from": 0,
                "weight": 0.9706493435672037
            },
            "152": {
                "active": true,
                "nrn_to": 3,
                "nrn_from": 150,
                "weight": -2.425914915301764
            },
            "157": {
                "nrn_to": 150,
                "nrn_from": 2,
                "weight": -0.8998794114666107,
                "active": true
            },
            "190": {
                "active": true,
                "nrn_to": 189,
                "nrn_from": 0,
                "weight": 0.510789320249907
            },
            "191": {
                "active": true,
                "nrn_to": 150,
                "nrn_from": 189,
                "weight": 0.5157379411709742
            },
            "203": {
                "nrn_to": 189,
                "nrn_from": 2,
                "weight": -0.9965383166024726,
                "active": true
            }
        }
    },
    "Species 2 num animals": 12,
    "Species 2 top fitness": -1660.7374378334064,
    "Species 2 mean fitness": -1694.8745991221833,
    "Species 2 std fitness": 28.09694332799921,
    "Species 2 top animal N hidden neurons": 1,
    "Species 2 top animal N synapses": 7,
    "Species 2 top animal": {
        "neurons": {
            "0": {
                "type": "i",
                "bias": 0.3653281561564897
            },
            "1": {
                "type": "i",
                "bias": 0.4075654046195539
            },
            "2": {
                "type": "i",
                "bias": 0.12012356004556027
            },
            "3": {
                "type": "o",
                "bias": -1.0994474554129747
            },
            "150": {
                "type": "h",
                "bias": 0.07816191816350325
            }
        },
        "synapses": {
            "4": {
                "nrn_to": 3,
                "nrn_from": 2,
                "weight": 0.2716131724321528,
                "active": true
            },
            "5": {
                "nrn_to": 3,
                "nrn_from": 0,
                "weight": -1.20114430757207,
                "active": true
            },
            "6": {
                "nrn_to": 3,
                "nrn_from": 1,
                "weight": 2.8345084762119543,
                "active": true
            },
            "151": {
                "active": true,
                "nrn_to": 150,
                "nrn_from": 0,
                "weight": 2.328164135751388
            },
            "152": {
                "active": true,
                "nrn_to": 3,
                "nrn_from": 150,
                "weight": -2.424445267940857
            },
            "156": {
                "nrn_to": 150,
                "nrn_from": 1,
                "weight": 1.4592374912650223,
                "active": true
            },