{
    "Num species": 1,
    "Species 0 num animals": 60,
    "Species 0 top fitness": -1449.2412652178004,
    "Species 0 mean fitness": -1546.4608523604606,
    "Species 0 std fitness": 109.62031580521585,
    "Species 0 top animal N hidden neurons": 0,
    "Species 0 top animal N synapses": 3,
    "Species 0 top animal": {
        "neurons": {
            "0": {
                "type": "i",
                "bias": 0.019472329270639105
            },
            "1": {
                "type": "i",
                "bias": -0.014394464223356569
            },
            "2": {
                "type": "i",
                "bias": -0.0015389100778301981
            },
            "3": {
                "type": "o",
                "bias": -0.034597978195021424
            }
        },
        "synapses": {
            "4": {
                "nrn_to": 3,
                "nrn_from": 0,
                "weight": -0.16867225605147498,
                "active": true
            },
            "5": {
                "nrn_to": 3,
                "nrn_from": 1,
                "weight": 0.12262450551341042,
                "active": true
            },
            "6": {
                "nrn_to": 3,
                "nrn_from": 2,
                "weight": 0.028127142063467562,
                "active": true
            }
        }
    }
}