{
    "Num species": 1,
    "Species 0 num animals": 60,
    "Species 0 top fitness": -1556.6602817552287,
    "Species 0 mean fitness": -1585.0068760387685,
    "Species 0 std fitness": 31.8617957045002,
    "Species 0 top animal N hidden neurons": 0,
    "Species 0 top animal N synapses": 3,
    "Species 0 top animal": {
        "neurons": {
            "0": {
                "type": "i",
                "bias": 0.19977540321189124
            },
            "1": {
                "type": "i",
                "bias": 0.2819713987746317
            },
            "2": {
                "type": "i",
                "bias": 0.8005462341469518
            },
            "3": {
                "type": "o",
                "bias": -3.0
            }
        },
        "synapses": {
            "4": {
                "nrn_to": 3,
                "nrn_from": 0,
                "weight": -2.9821315068575855,
                "active": true
            },
            "5": {
                "nrn_to": 3,
                "nrn_from": 1,
                "weight": 2.9450600859606295,
                "active": true
            },
            "6": {
                "nrn_to": 3,
                "nrn_from": 2,
                "weight": 0.17374989916276654,
                "active": true
            }
        }
    }
}