{
    "Num species": 1,
    "Species 0 num animals": 60,
    "Species 0 top fitness": -1748.17389984658,
    "Species 0 mean fitness": -1797.7126041049523,
    "Species 0 std fitness": 79.70534546753231,
    "Species 0 top animal N hidden neurons": 0,
    "Species 0 top animal N synapses": 3,
    "Species 0 top animal": {
        "neurons": {
            "0": {
                "type": "i",
                "bias": 0.3219280395049283
            },
            "1": {
                "type": "i",
                "bias": 0.03801211058947858
            },
            "2": {
                "type": "i",
                "bias": -0.05265637263901142
            },
            "3": {
                "type": "o",
                "bias": -0.2694025677837893
            }
        },
        "synapses": {
            "4": {
                "nrn_to": 3,
                "nrn_from": 0,
                "weight": -0.7230989350090078,
                "active": true
            },
            "5": {
                "nrn_to": 3,
                "nrn_from": 1,
                "weight": 0.3196283293364241,
                "active": true
            },
            "6": {
                "nrn_to": 3,
                "nrn_from": 2,
                "weight": 0.10118532881952402,
                "active": true
            }
        }
    }
}