{
    "Num species": 1,
    "Species 0 num animals": 60,
    "Species 0 top fitness": -1448.298420429991,
    "Species 0 mean fitness": -1546.252447119715,
    "Species 0 std fitness": 63.00502349901158,
    "Species 0 top animal N hidden neurons": 0,
    "Species 0 top animal N synapses": 3,
    "Species 0 top animal": {
        "neurons": {
            "0": {
                "type": "i",
                "bias": -0.014583701685785488
            },
            "1": {
                "type": "i",
                "bias": -0.053903090570941926
            },
            "2": {
                "type": "i",
                "bias": 0.020597457324590705
            },
            "3": {
                "type": "o",
                "bias": -0.062286058288677
            }
        },
        "synapses": {
            "4": {
                "nrn_to": 3,
                "nrn_from": 0,
                "weight": -0.2072781864816905,
                "active": true
            },
            "5": {
                "nrn_to": 3,
                "nrn_from": 1,
                "weight": 0.25572508459144844,
                "active": true
            },
            "6": {
                "nrn_to": 3,
                "nrn_from": 2,
                "weight": 0.05411364887385764,
                "active": true
            }
        }
    }
}