{
    "Num species": 1,
    "Species 0 num animals": 60,
    "Species 0 top fitness": -1562.7546726690182,
    "Species 0 mean fitness": -1596.698057532504,
    "Species 0 std fitness": 35.56654364694586,
    "Species 0 top animal N hidden neurons": 0,
    "Species 0 top animal N synapses": 3,
    "Species 0 top animal": {
        "neurons": {
            "0": {
                "type": "i",
                "bias": -0.39857772117758716
            },
            "1": {
                "type": "i",
                "bias": 1.4358816515710744
            },
            "2": {
                "type": "i",
                "bias": 0.5876047017661465
            },
            "3": {
                "type": "o",
                "bias": -2.7516003791525603
            }
        },
        "synapses": {
            "4": {
                "nrn_to": 3,
                "nrn_from": 0,
                "weight": -3.0,
                "active": true
            },
            "5": {
                "nrn_to": 3,
                "nrn_from": 1,
                "weight": 2.9596118695369906,
                "active": true
            },
            "6": {
                "nrn_to": 3,
                "nrn_from": 2,
                "weight": 0.204742222487319,
                "active": true
            }
        }
    }
}