{
    "Num species": 1,
    "Species 0 num animals": 60,
    "Species 0 top fitness": -1747.660611292814,
    "Species 0 mean fitness": -1801.453720387191,
    "Species 0 std fitness": 72.54785281078382,
    "Species 0 top animal N hidden neurons": 0,
    "Species 0 top animal N synapses": 3,
    "Species 0 top animal": {
        "neurons": {
            "0": {
                "type": "i",
                "bias": -0.001475135068609714
            },
            "1": {
                "type": "i",
                "bias": 0.032459852610653615
            },
            "2": {
                "type": "i",
                "bias": 0.1334232846033122
            },
            "3": {
                "type": "o",
                "bias": -0.1552362585889605
            }
        },
        "synapses": {
            "4": {
                "nrn_to": 3,
                "nrn_from": 0,
                "weight": -0.4330115426622817,
                "active": true
            },
            "5": {
                "nrn_to": 3,
                "nrn_from": 1,
                "weight": 0.3461142624296452,
                "active": true
            },
            "6": {
                "nrn_to": 3,
                "nrn_from": 2,
                "weight": 0.08599341412434437,
                "active": true
            }
        }
    }
}