{
    "Num species": 1,
    "Species 0 num animals": 60,
    "Species 0 top fitness": -1606.7714432344926,
    "Species 0 mean fitness": -1657.2375268516944,
    "Species 0 std fitness": 46.63210661834262,
    "Species 0 top animal N hidden neurons": 0,
    "Species 0 top animal N synapses": 3,
    "Species 0 top animal": {
        "neurons": {
            "0": {
                "type": "i",
                "bias": 0.09209443509661774
            },
            "1": {
                "type": "i",
                "bias": 0.1323203267263179
            },
            "2": {
                "type": "i",
                "bias": -0.05946267868074987
            },
            "3": {
                "type": "o",
                "bias": -0.43073729039959774
            }
        },
        "synapses": {
            "4": {
                "nrn_to": 3,
                "nrn_from": 0,
                "weight": -0.5638788597369068,
                "active": true
            },
            "5": {
                "nrn_to": 3,
                "nrn_from": 2,
                "weight": 0.10854311325707994,
                "active": true
            },
            "6": {
                "nrn_to": 3,
                "nrn_from": 1,
                "weight": 0.7068586119648613,
                "active": true
            }
        }
    }
}