{
    "Num species": 1,
    "Species 0 num animals": 60,
    "Species 0 top fitness": -1566.3293005793485,
    "Species 0 mean fitness": -1642.3187117875357,
    "Species 0 std fitness": 50.40500996518537,
    "Species 0 top animal N hidden neurons": 0,
    "Species 0 top animal N synapses": 3,
    "Species 0 top animal": {
        "neurons": {
            "0": {
                "type": "i",
                "bias": -0.09429968112332485
            },
            "1": {
                "type": "i",
                "bias": -0.11827057155141832
            },
            "2": {
                "type": "i",
                "bias": 0.3419568199883429
            },
            "3": {
                "type": "o",
                "bias": -1.0679864656934301
            }
        },
        "synapses": {
            "4": {
                "nrn_to": 3,
                "nrn_from": 0,
                "weight": -1.5505719302682062,
                "active": true
            },
            "5": {
                "nrn_to": 3,
                "nrn_from": 1,
                "weight": 0.538303882914722,
                "active": true
            },
            "6": {
                "nrn_to": 3,
                "nrn_from": 2,
                "weight": 0.11009176489434312,
                "active": true
            }
        }
    }
}