{
    "Num species": 1,
    "Species 0 num animals": 60,
    "Species 0 top fitness": -1654.3564594975908,
    "Species 0 mean fitness": -1707.0723686042938,
    "Species 0 std fitness": 60.58597003219582,
    "Species 0 top animal N hidden neurons": 0,
    "Species 0 top animal N synapses": 3,
    "Species 0 top animal": {
        "neurons": {
            "0": {
                "type": "i",
                "bias": 0.40257611448728214
            },
            "1": {
                "type": "i",
                "bias": 0.6991560972658853
            },
            "2": {
                "type": "i",
                "bias": -0.0739415516855199
            },
            "3": {
                "type": "o",
                "bias": -1.3636279660746549
            }
        },
        "synapses": {
            "4": {
                "nrn_to": 3,
                "nrn_from": 0,
                "weight": -1.5393700224147653,
                "active": true
            },
            "5": {
                "nrn_to": 3,
                "nrn_from": 1,
                "weight": 2.574243059954506,
                "active": true
            },
            "6": {
                "nrn_to": 3,
                "nrn_from": 2,
                "weight": 0.2365308709041217,
                "active": true
            }
        }
    }
}