{
    "Num species": 1,
    "Species 0 num animals": 60,
    "Species 0 top fitness": -1746.7241211918588,
    "Species 0 mean fitness": -1798.9251712213227,
    "Species 0 std fitness": 51.054025563994514,
    "Species 0 top animal N hidden neurons": 0,
    "Species 0 top animal N synapses": 3,
    "Species 0 top animal": {
        "neurons": {
            "0": {
                "type": "i",
                "bias": 0.38374005360814756
            },
            "1": {
                "type": "i",
                "bias": 0.14206038961746967
            },
            "2": {
                "type": "i",
                "bias": -0.01636429012295329
            },
            "3": {
                "type": "o",
                "bias": -0.27294668605008093
            }
        },
        "synapses": {
            "4": {
                "nrn_to": 3,
                "nrn_from": 0,
                "weight": -0.5077917121889548,
                "active": true
            },
            "5": {
                "nrn_to": 3,
                "nrn_from": 1,
                "weight": 0.4629613745125267,
                "active": true
            },
            "6": {
                "nrn_to": 3,
                "nrn_from": 2,
                "weight": 0.0899053664338686,
                "active": true
            }
        }
    }
}