{
    "Num species": 1,
    "Species 0 num animals": 60,
    "Species 0 top fitness": -1605.630538830275,
    "Species 0 mean fitness": -1637.8944460992795,
    "Species 0 std fitness": 34.70489307061639,
    "Species 0 top animal N hidden neurons": 0,
    "Species 0 top animal N synapses": 3,
    "Species 0 top animal": {
        "neurons": {
            "0": {
                "type": "i",
                "bias": -0.267357392542239
            },
            "1": {
                "type": "i",
                "bias": 1.2071785613324986
            },
            "2": {
                "type": "i",
                "bias": 0.6937236827954224
            },
            "3": {
                "type": "o",
                "bias": -2.8776452514360296
            }
        },
        "synapses": {
            "4": {
                "nrn_to": 3,
                "nrn_from": 0,
                "weight": -3.0,
                "active": true
            },
            "5": {
                "nrn_to": 3,
                "nrn_from": 1,
                "weight": 3.0,
                "active": true
            },
            "6": {
                "nrn_to": 3,
                "nrn_from": 2,
                "weight": 0.23384309377108517,
                "active": true
            }
        }
    }
}