{
    "Num species": 1,
    "Species 0 num animals": 60,
    "Species 0 top fitness": -1520.518240726716,
    "Species 0 mean fitness": -1576.5189657449253,
    "Species 0 std fitness": 50.80762485949281,
    "Species 0 top animal N hidden neurons": 0,
    "Species 0 top animal N synapses": 3,
    "Species 0 top animal": {
        "neurons": {
            "0": {
                "type": "i",
                "bias": 0.4343776982374394
            },
            "1": {
                "type": "i",
                "bias": 0.006715114934975759
            },
            "2": {
                "type": "i",
                "bias": -0.015398360165273198
            },
            "3": {
                "type": "o",
                "bias": -0.2609841880873689
            }
        },
        "synapses": {
            "4": {
                "nrn_to": 3,
                "nrn_from": 0,
                "weight": -0.29567219565751746,
                "active": true
            },
            "5": {
                "nrn_to": 3,
                "nrn_from": 1,
                "weight": 0.3028691681002326,
                "active": true
            },
            "6": {
                "nrn_to": 3,
                "nrn_from": 2,
                "weight": 0.0651468155424206,
                "active": true
            }
        }
    }
}