{
    "Num species": 1,
    "Species 0 num animals": 60,
    "Species 0 top fitness": -1647.3237578046162,
    "Species 0 mean fitness": -1680.2407315744795,
    "Species 0 std fitness": 42.92264953214847,
    "Species 0 top animal N hidden neurons": 0,
    "Species 0 top animal N synapses": 3,
    "Species 0 top animal": {
        "neurons": {
            "0": {
                "type": "i",
                "bias": 0.13227184756542593
            },
            "1": {
                "type": "i",
                "bias": 0.3910662960769864
            },
            "2": {
                "type": "i",
                "bias": 0.053459410115297076
            },
            "3": {
                "type": "o",
                "bias": -1.0807369569087215
            }
        },
        "synapses": {
            "4": {
                "nrn_to": 3,
                "nrn_from": 2,
                "weight": 0.033888613319689134,
                "active": true
            },
            "5": {
                "nrn_to": 3,
                "nrn_from": 0,
                "weight": -1.0854823050202038,
                "active": true
            },
            "6": {
                "nrn_to": 3,
                "nrn_from": 1,
                "weight": 0.2895875392403966,
                "active": true
            }
        }
    }
}