{
    "Num species": 1,
    "Species 0 num animals": 60,
    "Species 0 top fitness": -1611.2388475154542,
    "Species 0 mean fitness": -1666.0194858282666,
    "Species 0 std fitness": 58.77439687144785,
    "Species 0 top animal N hidden neurons": 0,
    "Species 0 top animal N synapses": 3,
    "Species 0 top animal": {
        "neurons": {
            "0": {
                "type": "i",
                "bias": -0.1420761744971363
            },
            "1": {
                "type": "i",
                "bias": 0.47722369240702295
            },
            "2": {
                "type": "i",
                "bias": 0.733229951960662
            },
            "3": {
                "type": "o",
                "bias": -1.7689796020390722
            }
        },
        "synapses": {
            "4": {
                "nrn_to": 3,
                "nrn_from": 0,
                "weight": -1.9913302652190792,
                "active": true
            },
            "5": {
                "nrn_to": 3,
                "nrn_from": 1,
                "weight": 1.887832246096957,
                "active": true
            },
            "6": {
                "nrn_to": 3,
                "nrn_from": 2,
                "weight": 0.16336967453352122,
                "active": true
            }
        }
    }
}