{
    "Num species": 1,
    "Species 0 num animals": 60,
    "Species 0 top fitness": -1695.4235212914564,
    "Species 0 mean fitness": -1790.0755243960452,
    "Species 0 std fitness": 80.99238339961379,
    "Species 0 top animal N hidden neurons": 0,
    "Species 0 top animal N synapses": 3,
    "Species 0 top animal": {
        "neurons": {
            "0": {
                "type": "i",
                "bias": -0.013708718109627439
            },
            "1": {
                "type": "i",
                "bias": 0.007516145007683307
            },
            "2": {
                "type": "i",
                "bias": 0.09894316016238303
            },
            "3": {
                "type": "o",
                "bias": -0.062286058288677
            }
        },
        "synapses": {
            "4": {
                "nrn_to": 3,
                "nrn_from": 0,
                "weight": -0.28889474426017203,
                "active": true
            },
            "5": {
                "nrn_to": 3,
                "nrn_from": 1,
                "weight": 0.28118601053929415,
                "active": true
            },
            "6": {
                "nrn_to": 3,
                "nrn_from": 2,
                "weight": 0.07746413789753676,
                "active": true
            }
        }
    }
}