{
    "Num species": 1,
    "Species 0 num animals": 60,
    "Species 0 top fitness": -1709.0367664444243,
    "Species 0 mean fitness": -1767.6665357672475,
    "Species 0 std fitness": 54.91467275279863,
    "Species 0 top animal N hidden neurons": 0,
    "Species 0 top animal N synapses": 3,
    "Species 0 top animal": {
        "neurons": {
            "0": {
                "type": "i",
                "bias": 0.08788532827648102
            },
            "1": {
                "type": "i",
                "bias": -0.058102460500542526
            },
            "2": {
                "type": "i",
                "bias": 0.12847149796975216
            },
            "3": {
                "type": "o",
                "bias": -0.2580815133574034
            }
        },
        "synapses": {
            "4": {
                "nrn_to": 3,
                "nrn_from": 0,
                "weight": -0.6230529440776987,
                "active": true
            },
            "5": {
                "nrn_to": 3,
                "nrn_from": 1,
                "weight": 0.3713555680211177,
                "active": true
            },
            "6": {
                "nrn_to": 3,
                "nrn_from": 2,
                "weight": 0.08599341412434437,
                "active": true
            }
        }
    }
}