{
    "Num species": 1,
    "Species 0 num animals": 60,
    "Species 0 top fitness": -1749.85390874286,
    "Species 0 mean fitness": -1777.1058302513034,
    "Species 0 std fitness": 36.73927029042487,
    "Species 0 top animal N hidden neurons": 0,
    "Species 0 top animal N synapses": 3,
    "Species 0 top animal": {
        "neurons": {
            "0": {
                "type": "i",
                "bias": 0.2988311736482455
            },
            "1": {
                "type": "i",
                "bias": 0.12449700294792981
            },
            "2": {
                "type": "i",
                "bias": 0.02146367603095131
            },
            "3": {
                "type": "o",
                "bias": -0.7885544969300096
            }
        },
        "synapses": {
            "4": {
                "nrn_to": 3,
                "nrn_from": 0,
                "weight": -1.1157212364707119,
                "active": true
            },
            "5": {
                "nrn_to": 3,
                "nrn_from": 1,
                "weight": 1.177854930431542,
                "active": true
            },
            "6": {
                "nrn_to": 3,
                "nrn_from": 2,
                "weight": 0.20726084614805185,
                "active": true
            }
        }
    }
}