{
    "Num species": 1,
    "Species 0 num animals": 60,
    "Species 0 top fitness": -1687.3570384815337,
    "Species 0 mean fitness": -1736.4086905728955,
    "Species 0 std fitness": 59.31585727113167,
    "Species 0 top animal N hidden neurons": 0,
    "Species 0 top animal N synapses": 3,
    "Species 0 top animal": {
        "neurons": {
            "0": {
                "type": "i",
                "bias": 0.11589247174896226
            },
            "1": {
                "type": "i",
                "bias": 1.428735911494041
            },
            "2": {
                "type": "i",
                "bias": 0.03506422957596534
            },
            "3": {
                "type": "o",
                "bias": -0.8855788206481492
            }
        },
        "synapses": {
            "4": {
                "nrn_to": 3,
                "nrn_from": 2,
                "weight": 0.1335283277257703,
                "active": true
            },
            "5": {
                "nrn_to": 3,
                "nrn_from": 0,
                "weight": -1.1438347753731792,
                "active": true
            },
            "6": {
                "nrn_to": 3,
                "nrn_from": 1,
                "weight": 0.5594184543685765,
                "active": true
            }
        }
    }
}