{
    "Num species": 1,
    "Species 0 num animals": 60,
    "Species 0 top fitness": -1636.3575435452437,
    "Species 0 mean fitness": -1687.0003850096048,
    "Species 0 std fitness": 65.08572473932017,
    "Species 0 top animal N hidden neurons": 0,
    "Species 0 top animal N synapses": 3,
    "Species 0 top animal": {
        "neurons": {
            "0": {
                "type": "i",
                "bias": 0.3795883593134542
            },
            "1": {
                "type": "i",
                "bias": 0.20054911095226136
            },
            "2": {
                "type": "i",
                "bias": 2.812227281462557
            },
            "3": {
                "type": "o",
                "bias": -2.9050487617820573
            }
        },
        "synapses": {
            "4": {
                "nrn_to": 3,
                "nrn_from": 0,
                "weight": -3.0,
                "active": true
            },
            "5": {
                "nrn_to": 3,
                "nrn_from": 1,
                "weight": 2.878176817778119,
                "active": true
            },
            "6": {
                "nrn_to": 3,
                "nrn_from": 2,
                "weight": 0.36946461896587984,
                "active": true
            }
        }
    }
}