{
    "Num species": 1,
    "Species 0 num animals": 60,
    "Species 0 top fitness": -1591.7845239963758,
    "Species 0 mean fitness": -1638.9997881721763,
    "Species 0 std fitness": 45.58313421300288,
    "Species 0 top animal N hidden neurons": 0,
    "Species 0 top animal N synapses": 3,
    "Species 0 top animal": {
        "neurons": {
            "0": {
                "type": "i",
                "bias": 0.004021162526231546
            },
            "1": {
                "type": "i",
                "bias": -0.1463005366794677
            },
            "2": {
                "type": "i",
                "bias": -0.024647383708263436
            },
            "3": {
                "type": "o",
                "bias": -0.124572116577354
            }
        },
        "synapses": {
            "4": {
                "nrn_to": 3,
                "nrn_from": 0,
                "weight": -0.3443021206842429,
                "active": true
            },
            "5": {
                "nrn_to": 3,
                "nrn_from": 1,
                "weight": 0.28118601053929415,
                "active": true
            },
            "6": {
                "nrn_to": 3,
                "nrn_from": 2,
                "weight": 0.07009397214305642,
                "active": true
            }
        }
    }
}