{
    "Num species": 1,
    "Species 0 num animals": 60,
    "Species 0 top fitness": -1675.9281203473088,
    "Species 0 mean fitness": -1704.3462344170623,
    "Species 0 std fitness": 35.42061851753698,
    "Species 0 top animal N hidden neurons": 0,
    "Species 0 top animal N synapses": 3,
    "Species 0 top animal": {
        "neurons": {
            "0": {
                "type": "i",
                "bias": 0.3563251514144429
            },
            "1": {
                "type": "i",
                "bias": 0.04367062536762358
            },
            "2": {
                "type": "i",
                "bias": 0.08492787790941023
            },
            "3": {
                "type": "o",
                "bias": -0.4441157338427271
            }
        },
        "synapses": {
            "4": {
                "nrn_to": 3,
                "nrn_from": 0,
                "weight": -0.833932489709872,
                "active": true
            },
            "5": {
                "nrn_to": 3,
                "nrn_from": 1,
                "weight": 1.021721903610405,
                "active": true
            },
            "6": {
                "nrn_to": 3,
                "nrn_from": 2,
                "weight": 0.12828094693545503,
                "active": true
            }
        }
    }
}