{
    "Num species": 1,
    "Species 0 num animals": 60,
    "Species 0 top fitness": -1535.6838855568974,
    "Species 0 mean fitness": -1555.547667691318,
    "Species 0 std fitness": 8.160622626887031,
    "Species 0 top animal N hidden neurons": 0,
    "Species 0 top animal N synapses": 3,
    "Species 0 top animal": {
        "neurons": {
            "0": {
                "type": "i",
                "bias": 0.5387663156457028
            },
            "1": {
                "type": "i",
                "bias": 0.15364433777053565
            },
            "2": {
                "type": "i",
                "bias": 1.3605085141093278
            },
            "3": {
                "type": "o",
                "bias": -2.8533472503587824
            }
        },
        "synapses": {
            "4": {
                "nrn_to": 3,
                "nrn_from": 0,
                "weight": -2.9703383252818143,
                "active": true
            },
            "5": {
                "nrn_to": 3,
                "nrn_from": 1,
                "weight": 2.8472668104681507,
                "active": true
            },
            "6": {
                "nrn_to": 3,
                "nrn_from": 2,
                "weight": 0.21020132589049872,
                "active": true
            }
        }
    }
}