{
    "Num species": 1,
    "Species 0 num animals": 60,
    "Species 0 top fitness": -1663.3593701692962,
    "Species 0 mean fitness": -1700.6021530914045,
    "Species 0 std fitness": 50.089940788029665,
    "Species 0 top animal N hidden neurons": 0,
    "Species 0 top animal N synapses": 3,
    "Species 0 top animal": {
        "neurons": {
            "0": {
                "type": "i",
                "bias": 0.6909749740716732
            },
            "1": {
                "type": "i",
                "bias": 0.54818030555973
            },
            "2": {
                "type": "i",
                "bias": 0.13268268997640548
            },
            "3": {
                "type": "o",
                "bias": -1.457958070984347
            }
        },
        "synapses": {
            "4": {
                "nrn_to": 3,
                "nrn_from": 0,
                "weight": -1.553240141681219,
                "active": true
            },
            "5": {
                "nrn_to": 3,
                "nrn_from": 1,
                "weight": 1.3106838203421536,
                "active": true
            },
            "6": {
                "nrn_to": 3,
                "nrn_from": 2,
                "weight": 0.13349590117400817,
                "active": true
            }
        }
    }
}