{
    "Num species": 1,
    "Species 0 num animals": 60,
    "Species 0 top fitness": -1704.7121964754708,
    "Species 0 mean fitness": -1767.4695781275032,
    "Species 0 std fitness": 46.64336008597057,
    "Species 0 top animal N hidden neurons": 0,
    "Species 0 top animal N synapses": 3,
    "Species 0 top animal": {
        "neurons": {
            "0": {
                "type": "i",
                "bias": -0.11806454077885307
            },
            "1": {
                "type": "i",
                "bias": 0.3100550503562053
            },
            "2": {
                "type": "i",
                "bias": 0.2519119527681943
            },
            "3": {
                "type": "o",
                "bias": -0.49305651339277135
            }
        },
        "synapses": {
            "4": {
                "nrn_to": 3,
                "nrn_from": 0,
                "weight": -0.7049222435506195,
                "active": true
            },
            "5": {
                "nrn_to": 3,
                "nrn_from": 1,
                "weight": 0.862393910484984,
                "active": true
            },
            "6": {
                "nrn_to": 3,
                "nrn_from": 2,
                "weight": 0.12309140620221556,
                "active": true
            }
        }
    }
}