{
    "Num species": 2,
    "Species 1 num animals": 41,
    "Species 1 top fitness": -1453.4721748982945,
    "Species 1 mean fitness": -1602.817252446352,
    "Species 1 std fitness": 117.86714758259926,
    "Species 1 top animal N hidden neurons": 1,
    "Species 1 top animal N synapses": 7,
    "Species 1 top animal": {
        "neurons": {
            "0": {
                "type": "i",
                "bias": -0.1787969166203043
            },
            "1": {
                "type": "i",
                "bias": 0.2580642229531601
            },
            "2": {
                "type": "i",
                "bias": 0.2657554808327134
            },
            "3": {
                "type": "o",
                "bias": -0.5814186934235182
            },
            "81": {
                "type": "h",
                "bias": 0.06992488431864739
            }
        },
        "synapses": {
            "82": {
                "active": true,
                "nrn_to": 81,
                "nrn_from": 0,
                "weight": 1.9570567069544276
            },
            "83": {
                "active": true,
                "nrn_to": 3,
                "nrn_from": 81,
                "weight": -1.484882477772871
            },
            "4": {
                "nrn_to": 3,
                "nrn_from": 1,
                "weight": 1.7499282321325222,
                "active": true
            },
            "5": {
                "nrn_to": 3,
                "nrn_from": 2,
                "weight": 0.3359592793847602,
                "active": true
            },
            "6": {
                "nrn_to": 3,
                "nrn_from": 0,
                "weight": 0.280490529440404,
                "active": true
            },
            "84": {
                "nrn_to": 81,
                "nrn_from": 2,
                "weight": 0.27047956425441533,
                "active": true
            },
            "85": {
                "nrn_to": 81,
                "nrn_from": 1,
                "weight": 0.027272476860100998,
                "active": true
            }
        }
    },
    "Species 0 num animals": 19,
    "Species 0 top fitness": -1826.5624228649574,
    "Species 0 mean fitness": -1826.5762681249475,
    "Species 0 std fitness": 0.004566218573291522,
    "Species 0 top animal N hidden neurons": 1,
    "Species 0 top animal N synapses": 6,
    "Species 0 top animal": {
        "neurons": {
            "0": {
                "type": "i",
                "bias": -0.15275959413440915
            },
            "1": {
                "type": "i",
                "bias": 0.1460383103544823
            },
            "2": {
                "type": "i",
                "bias": -0.044512287082938494
            },
            "3": {
                "type": "o",
                "bias": -0.7246227061998799
            },
            "81": {
                "type": "h",
                "bias": 0.08571614496786178
            }
        },
        "synapses": {
            "82": {
                "active": true,
                "nrn_to": 81,
                "nrn_from": 0,
                "weight": 0.7925233338093659
            },
            "83": {
                "active": true,
                "nrn_to": 3,
                "nrn_from": 81,
                "weight": -0.727713019133715
            },
            "4": {
                "nrn_to": 3,
                "nrn_from": 1,
                "weight": 0.5484171028587089,
                "active": false
            },
            "5": {
                "nrn_to": 3,
                "nrn_from": 2,
                "weight": -0.16908718406253587,
                "active": false
            },
            "6": {
                "nrn_to": 3,
                "nrn_from": 0,
                "weight": -1.2993556628708216,
                "active": false
            },
            "84": {
                "nrn_to": 81,
                "nrn_from": 2,
                "weight": -0.44515543255662743,
                "active": true
            }
        }
    }
}