{
    "Num species": 1,
    "Species 0 num animals": 60,
    "Species 0 top fitness": -1554.1704730234642,
    "Species 0 mean fitness": -1599.3149436844649,
    "Species 0 std fitness": 44.89072235493396,
    "Species 0 top animal N hidden neurons": 0,
    "Species 0 top animal N synapses": 3,
    "Species 0 top animal": {
        "neurons": {
            "0": {
                "type": "i",
                "bias": -0.45401792517985173
            },
            "1": {
                "type": "i",
                "bias": 0.7746724428157624
            },
            "2": {
                "type": "i",
                "bias": 1.532013772163966
            },
            "3": {
                "type": "o",
                "bias": -2.9151058183814675
            }
        },
        "synapses": {
            "4": {
                "nrn_to": 3,
                "nrn_from": 0,
                "weight": -3.0,
                "active": true
            },
            "5": {
                "nrn_to": 3,
                "nrn_from": 1,
                "weight": 2.9460825214772837,
                "active": true
            },
            "6": {
                "nrn_to": 3,
                "nrn_from": 2,
                "weight": 0.23384309377108517,
                "active": true
            }
        }
    }
}