{
    "Num species": 1,
    "Species 0 num animals": 60,
    "Species 0 top fitness": -1801.467524847456,
    "Species 0 mean fitness": -2004.8660779506952,
    "Species 0 std fitness": 145.04018125228987,
    "Species 0 top animal N hidden neurons": 0,
    "Species 0 top animal N synapses": 2,
    "Species 0 top animal": {
        "neurons": {
            "0": {
                "type": "i",
                "bias": 0.011397398939231258
            },
            "1": {
                "type": "i",
                "bias": -0.09090982629836711
            },
            "2": {
                "type": "i",
                "bias": 0.05137549793967482
            },
            "3": {
                "type": "o",
                "bias": 0.03326318739731094
            }
        },
        "synapses": {
            "5": {
                "nrn_to": 3,
                "nrn_from": 2,
                "weight": 0.06104097431497267,
                "active": true
            },
            "6": {
                "nrn_to": 3,
                "nrn_from": 0,
                "weight": -0.617655690162531,
                "active": true
            }
        }
    }
}