{
    "Num species": 1,
    "Species 0 num animals": 60,
    "Species 0 top fitness": -1771.1165817401054,
    "Species 0 mean fitness": -1821.4536820008204,
    "Species 0 std fitness": 46.28797655839161,
    "Species 0 top animal N hidden neurons": 0,
    "Species 0 top animal N synapses": 3,
    "Species 0 top animal": {
        "neurons": {
            "0": {
                "type": "i",
                "bias": -0.05106137117754402
            },
            "1": {
                "type": "i",
                "bias": 0.1935135129847247
            },
            "2": {
                "type": "i",
                "bias": 0.05498306793094368
            },
            "3": {
                "type": "o",
                "bias": -0.30861214659291053
            }
        },
        "synapses": {
            "4": {
                "nrn_to": 3,
                "nrn_from": 1,
                "weight": 0.49052572287581125,
                "active": true
            },
            "5": {
                "nrn_to": 3,
                "nrn_from": 2,
                "weight": 0.11919695501226235,
                "active": true
            },
            "6": {
                "nrn_to": 3,
                "nrn_from": 0,
                "weight": -0.44940729111080024,
                "active": true
            }
        }
    }
}