{
    "Num species": 1,
    "Species 0 num animals": 60,
    "Species 0 top fitness": -1503.6409692919412,
    "Species 0 mean fitness": -1584.6381404274298,
    "Species 0 std fitness": 50.2429754581357,
    "Species 0 top animal N hidden neurons": 0,
    "Species 0 top animal N synapses": 3,
    "Species 0 top animal": {
        "neurons": {
            "0": {
                "type": "i",
                "bias": -0.05253696399064109
            },
            "1": {
                "type": "i",
                "bias": -0.059860301901595796
            },
            "2": {
                "type": "i",
                "bias": 0.00831480919380264
            },
            "3": {
                "type": "o",
                "bias": -0.18800033431211233
            }
        },
        "synapses": {
            "4": {
                "nrn_to": 3,
                "nrn_from": 1,
                "weight": 0.5247421455725774,
                "active": true
            },
            "5": {
                "nrn_to": 3,
                "nrn_from": 2,
                "weight": 0.0330389393664913,
                "active": true
            },
            "6": {
                "nrn_to": 3,
                "nrn_from": 0,
                "weight": -0.33618334239031544,
                "active": true
            }
        }
    }
}