{
    "Num species": 1,
    "Species 0 num animals": 60,
    "Species 0 top fitness": -1660.6377312648176,
    "Species 0 mean fitness": -1707.2558160316946,
    "Species 0 std fitness": 40.70284093742932,
    "Species 0 top animal N hidden neurons": 0,
    "Species 0 top animal N synapses": 3,
    "Species 0 top animal": {
        "neurons": {
            "0": {
                "type": "i",
                "bias": -0.29137552490741714
            },
            "1": {
                "type": "i",
                "bias": 0.3135275365025936
            },
            "2": {
                "type": "i",
                "bias": 0.31908006605699357
            },
            "3": {
                "type": "o",
                "bias": -0.46186585270099734
            }
        },
        "synapses": {
            "4": {
                "nrn_to": 3,
                "nrn_from": 0,
                "weight": -0.6549901808721258,
                "active": true
            },
            "5": {
                "nrn_to": 3,
                "nrn_from": 1,
                "weight": 0.7849836542863039,
                "active": true
            },
            "6": {
                "nrn_to": 3,
                "nrn_from": 2,
                "weight": 0.12402357772584921,
                "active": true
            }
        }
    }
}