{
    "Num species": 1,
    "Species 0 num animals": 60,
    "Species 0 top fitness": -1628.0390380855229,
    "Species 0 mean fitness": -1669.7626547254315,
    "Species 0 std fitness": 51.858742767814064,
    "Species 0 top animal N hidden neurons": 0,
    "Species 0 top animal N synapses": 3,
    "Species 0 top animal": {
        "neurons": {
            "0": {
                "type": "i",
                "bias": 0.17389488261280828
            },
            "1": {
                "type": "i",
                "bias": 0.8201858000468305
            },
            "2": {
                "type": "i",
                "bias": 0.1445288550905764
            },
            "3": {
                "type": "o",
                "bias": -2.983905291201378
            }
        },
        "synapses": {
            "4": {
                "nrn_to": 3,
                "nrn_from": 0,
                "weight": -3.0,
                "active": true
            },
            "5": {
                "nrn_to": 3,
                "nrn_from": 1,
                "weight": 3.0,
                "active": true
            },
            "6": {
                "nrn_to": 3,
                "nrn_from": 2,
                "weight": 0.2189670321274316,
                "active": true
            }
        }
    }
}