{
    "Num species": 1,
    "Species 0 num animals": 60,
    "Species 0 top fitness": -1745.850158242486,
    "Species 0 mean fitness": -1841.9155595094394,
    "Species 0 std fitness": 53.61676243279803,
    "Species 0 top animal N hidden neurons": 0,
    "Species 0 top animal N synapses": 3,
    "Species 0 top animal": {
        "neurons": {
            "0": {
                "type": "i",
                "bias": 0.02401187449262786
            },
            "1": {
                "type": "i",
                "bias": 0.1608013179465689
            },
            "2": {
                "type": "i",
                "bias": 0.014571611343350098
            },
            "3": {
                "type": "o",
                "bias": -0.2408666374983501
            }
        },
        "synapses": {
            "4": {
                "nrn_to": 3,
                "nrn_from": 1,
                "weight": 0.4830767519423215,
                "active": true
            },
            "5": {
                "nrn_to": 3,
                "nrn_from": 2,
                "weight": 0.09801490737777577,
                "active": true
            },
            "6": {
                "nrn_to": 3,
                "nrn_from": 0,
                "weight": -0.4506418644918179,
                "active": true
            }
        }
    }
}