{
    "Num species": 1,
    "Species 0 num animals": 60,
    "Species 0 top fitness": -1656.0463005530266,
    "Species 0 mean fitness": -1687.779916803806,
    "Species 0 std fitness": 37.08157155565786,
    "Species 0 top animal N hidden neurons": 0,
    "Species 0 top animal N synapses": 3,
    "Species 0 top animal": {
        "neurons": {
            "0": {
                "type": "i",
                "bias": -0.43720588909441593
            },
            "1": {
                "type": "i",
                "bias": -0.2600787574515944
            },
            "2": {
                "type": "i",
                "bias": 0.26805593492384194
            },
            "3": {
                "type": "o",
                "bias": -2.3021004053277565
            }
        },
        "synapses": {
            "4": {
                "nrn_to": 3,
                "nrn_from": 0,
                "weight": -2.5793698941620105,
                "active": true
            },
            "5": {
                "nrn_to": 3,
                "nrn_from": 1,
                "weight": 1.5367039728757936,
                "active": true
            },
            "6": {
                "nrn_to": 3,
                "nrn_from": 2,
                "weight": 0.1491756845714773,
                "active": true
            }
        }
    }
}