{
    "Num species": 1,
    "Species 0 num animals": 60,
    "Species 0 top fitness": -1581.786364449478,
    "Species 0 mean fitness": -1614.601557817331,
    "Species 0 std fitness": 43.31318842427776,
    "Species 0 top animal N hidden neurons": 0,
    "Species 0 top animal N synapses": 3,
    "Species 0 top animal": {
        "neurons": {
            "0": {
                "type": "i",
                "bias": -0.2940199119334431
            },
            "1": {
                "type": "i",
                "bias": 2.1990695720323377
            },
            "2": {
                "type": "i",
                "bias": 0.9765471039160073
            },
            "3": {
                "type": "o",
                "bias": -1.7250229455760009
            }
        },
        "synapses": {
            "4": {
                "nrn_to": 3,
                "nrn_from": 0,
                "weight": -1.894977512995206,
                "active": true
            },
            "5": {
                "nrn_to": 3,
                "nrn_from": 1,
                "weight": 1.8486528171270873,
                "active": true
            },
            "6": {
                "nrn_to": 3,
                "nrn_from": 2,
                "weight": 0.10447621702598735,
                "active": true
            }
        }
    }
}