{
    "Num species": 1,
    "Species 0 num animals": 60,
    "Species 0 top fitness": -1966.4903687753588,
    "Species 0 mean fitness": -1998.708720601902,
    "Species 0 std fitness": 101.3302371703839,
    "Species 0 top animal N hidden neurons": 0,
    "Species 0 top animal N synapses": 0,
    "Species 0 top animal": {
        "neurons": {
            "0": {
                "type": "i",
                "bias": -0.040822286322037556
            },
            "1": {
                "type": "i",
                "bias": 0.022114698925509976
            },
            "2": {
                "type": "i",
                "bias": -0.004366977861811658
            },
            "3": {
                "type": "o",
                "bias": 0.021451418316652968
            }
        },
        "synapses": {}
    }
}