{
    "Num species": 1,
    "Species 0 num animals": 60,
    "Species 0 top fitness": -1696.1728022485472,
    "Species 0 mean fitness": -1717.2242129170113,
    "Species 0 std fitness": 19.25383681964682,
    "Species 0 top animal N hidden neurons": 0,
    "Species 0 top animal N synapses": 3,
    "Species 0 top animal": {
        "neurons": {
            "0": {
                "type": "i",
                "bias": 0.0025056816117290746
            },
            "1": {
                "type": "i",
                "bias": 0.7277348763800753
            },
            "2": {
                "type": "i",
                "bias": 0.5123181558286225
            },
            "3": {
                "type": "o",
                "bias": -2.779909304964151
            }
        },
        "synapses": {
            "4": {
                "nrn_to": 3,
                "nrn_from": 0,
                "weight": -3.0,
                "active": true
            },
            "5": {
                "nrn_to": 3,
                "nrn_from": 1,
                "weight": 2.9310702657936027,
                "active": true
            },
            "6": {
                "nrn_to": 3,
                "nrn_from": 2,
                "weight": 0.23149866530377028,
                "active": true
            }
        }
    }
}