{
    "Num species": 1,
    "Species 0 num animals": 60,
    "Species 0 top fitness": -1590.3378135483365,
    "Species 0 mean fitness": -1632.9077730141141,
    "Species 0 std fitness": 60.232124555857595,
    "Species 0 top animal N hidden neurons": 0,
    "Species 0 top animal N synapses": 3,
    "Species 0 top animal": {
        "neurons": {
            "0": {
                "type": "i",
                "bias": -0.3966267730000781
            },
            "1": {
                "type": "i",
                "bias": 0.647972162149746
            },
            "2": {
                "type": "i",
                "bias": 0.8012416770789585
            },
            "3": {
                "type": "o",
                "bias": -2.9151058183814675
            }
        },
        "synapses": {
            "4": {
                "nrn_to": 3,
                "nrn_from": 0,
                "weight": -3.0,
                "active": true
            },
            "5": {
                "nrn_to": 3,
                "nrn_from": 1,
                "weight": 2.944732067461389,
                "active": true
            },
            "6": {
                "nrn_to": 3,
                "nrn_from": 2,
                "weight": 0.23384309377108517,
                "active": true
            }
        }
    }
}