{
    "Num species": 1,
    "Species 0 num animals": 60,
    "Species 0 top fitness": -1606.5783260293,
    "Species 0 mean fitness": -1643.254140910907,
    "Species 0 std fitness": 47.74226746116868,
    "Species 0 top animal N hidden neurons": 0,
    "Species 0 top animal N synapses": 3,
    "Species 0 top animal": {
        "neurons": {
            "0": {
                "type": "i",
                "bias": 0.11530553281137136
            },
            "1": {
                "type": "i",
                "bias": 0.43321518244453555
            },
            "2": {
                "type": "i",
                "bias": 0.12429662297887255
            },
            "3": {
                "type": "o",
                "bias": -0.8067965618362157
            }
        },
        "synapses": {
            "4": {
                "nrn_to": 3,
                "nrn_from": 2,
                "weight": 0.07394169284832386,
                "active": true
            },
            "5": {
                "nrn_to": 3,
                "nrn_from": 0,
                "weight": -0.9355933846101001,
                "active": true
            },
            "6": {
                "nrn_to": 3,
                "nrn_from": 1,
                "weight": 1.0964933884554047,
                "active": true
            }
        }
    }
}