{
    "Num species": 1,
    "Species 0 num animals": 60,
    "Species 0 top fitness": -1507.5217445186943,
    "Species 0 mean fitness": -1540.7741696094645,
    "Species 0 std fitness": 38.059971727451035,
    "Species 0 top animal N hidden neurons": 0,
    "Species 0 top animal N synapses": 3,
    "Species 0 top animal": {
        "neurons": {
            "0": {
                "type": "i",
                "bias": -0.3037613634993906
            },
            "1": {
                "type": "i",
                "bias": 0.002363061298897672
            },
            "2": {
                "type": "i",
                "bias": 0.08461458945884437
            },
            "3": {
                "type": "o",
                "bias": -1.1112690810628436
            }
        },
        "synapses": {
            "4": {
                "nrn_to": 3,
                "nrn_from": 0,
                "weight": -1.4544311311050393,
                "active": true
            },
            "5": {
                "nrn_to": 3,
                "nrn_from": 1,
                "weight": 0.5663415940333992,
                "active": true
            },
            "6": {
                "nrn_to": 3,
                "nrn_from": 2,
                "weight": 0.0643797567632454,
                "active": true
            }
        }
    }
}