{
    "Num species": 1,
    "Species 0 num animals": 60,
    "Species 0 top fitness": -1751.6501030149175,
    "Species 0 mean fitness": -1874.8915120688782,
    "Species 0 std fitness": 106.53584910494027,
    "Species 0 top animal N hidden neurons": 0,
    "Species 0 top animal N synapses": 2,
    "Species 0 top animal": {
        "neurons": {
            "0": {
                "type": "i",
                "bias": 0.25611618211315995
            },
            "1": {
                "type": "i",
                "bias": -0.08187363536313569
            },
            "2": {
                "type": "i",
                "bias": 0.10397655347427359
            },
            "3": {
                "type": "o",
                "bias": 0.019160525144658304
            }
        },
        "synapses": {
            "5": {
                "nrn_to": 3,
                "nrn_from": 0,
                "weight": -0.1912100350187257,
                "active": true
            },
            "6": {
                "nrn_to": 3,
                "nrn_from": 2,
                "weight": 0.052610231480348046,
                "active": true
            }
        }
    }
}