{
    "Num species": 1,
    "Species 0 num animals": 60,
    "Species 0 top fitness": -1667.6122772160227,
    "Species 0 mean fitness": -1717.1389486019593,
    "Species 0 std fitness": 57.55094520422152,
    "Species 0 top animal N hidden neurons": 0,
    "Species 0 top animal N synapses": 3,
    "Species 0 top animal": {
        "neurons": {
            "0": {
                "type": "i",
                "bias": 0.5629817201055193
            },
            "1": {
                "type": "i",
                "bias": 0.20682969610893367
            },
            "2": {
                "type": "i",
                "bias": -0.24169485692341489
            },
            "3": {
                "type": "o",
                "bias": -0.2760641554476803
            }
        },
        "synapses": {
            "4": {
                "nrn_to": 3,
                "nrn_from": 0,
                "weight": -0.5169861353106983,
                "active": true
            },
            "5": {
                "nrn_to": 3,
                "nrn_from": 1,
                "weight": 0.48614579256371404,
                "active": true
            },
            "6": {
                "nrn_to": 3,
                "nrn_from": 2,
                "weight": 0.11863390273651966,
                "active": true
            }
        }
    }
}