{
    "Num species": 2,
    "Species 0 num animals": 40,
    "Species 0 top fitness": -1696.418945888851,
    "Species 0 mean fitness": -1737.9819970176661,
    "Species 0 std fitness": 42.5478208009009,
    "Species 0 top animal N hidden neurons": 0,
    "Species 0 top animal N synapses": 3,
    "Species 0 top animal": {
        "neurons": {
            "0": {
                "type": "i",
                "bias": 0.23477467858071263
            },
            "1": {
                "type": "i",
                "bias": 0.7539521441887644
            },
            "2": {
                "type": "i",
                "bias": 0.11743914037521339
            },
            "3": {
                "type": "o",
                "bias": -1.0940548828121093
            }
        },
        "synapses": {
            "4": {
                "nrn_to": 3,
                "nrn_from": 2,
                "weight": 0.15658016223127064,
                "active": true
            },
            "5": {
                "nrn_to": 3,
                "nrn_from": 0,
                "weight": -1.1805906718205605,
                "active": true
            },
            "6": {
                "nrn_to": 3,
                "nrn_from": 1,
                "weight": 1.4200470168400243,
                "active": true
            }
        }
    },
    "Species 1 num animals": 20,
    "Species 1 top fitness": -1799.5973544074118,
    "Species 1 mean fitness": -1906.7327192048845,
    "Species 1 std fitness": 65.87297367351033,
    "Species 1 top animal N hidden neurons": 1,
    "Species 1 top animal N synapses": 6,
    "Species 1 top animal": {
        "neurons": {
            "0": {
                "type": "i",
                "bias": 0.44926840552588554
            },
            "1": {
                "type": "i",
                "bias": 0.28326647899714974
            },
            "2": {
                "type": "i",
                "bias": 0.21105904433493322
            },
            "3": {
                "type": "o",
                "bias": -1.0723776429988456
            },
            "150": {
                "type": "h",
                "bias": 0.0
            }
        },
        "synapses": {
            "4": {
                "nrn_to": 3,
                "nrn_from": 2,
                "weight": 0.17581196797999374,
                "active": true
            },
            "5": {
                "nrn_to": 3,
                "nrn_from": 0,
                "weight": -0.36221824900747984,
                "active": true
            },
            "6": {
                "nrn_to": 3,
                "nrn_from": 1,
                "weight": 2.82162647698915,
                "active": true
            },
            "151": {
                "active": true,
                "nrn_to": 150,
                "nrn_from": 0,
                "weight": 1.1163607850648902
            },
            "152": {
                "active": true,
                "nrn_to": 3,
                "nrn_from": 150,
                "weight": -2.3538178927287725
            },
            "157": {
                "nrn_to": 150,
                "nrn_from": 2,
                "weight": 0.538207163735324,
                "active": false
            }
        }
    }
}