{
    "Num species": 1,
    "Species 0 num animals": 60,
    "Species 0 top fitness": -1519.999631992979,
    "Species 0 mean fitness": -1588.0206143061034,
    "Species 0 std fitness": 66.19748793687258,
    "Species 0 top animal N hidden neurons": 0,
    "Species 0 top animal N synapses": 3,
    "Species 0 top animal": {
        "neurons": {
            "0": {
                "type": "i",
                "bias": 0.11589247174896226
            },
            "1": {
                "type": "i",
                "bias": 0.3910662960769864
            },
            "2": {
                "type": "i",
                "bias": 0.03400478486366398
            },
            "3": {
                "type": "o",
                "bias": -0.9078606816010204
            }
        },
        "synapses": {
            "4": {
                "nrn_to": 3,
                "nrn_from": 2,
                "weight": 0.08480988075204428,
                "active": true
            },
            "5": {
                "nrn_to": 3,
                "nrn_from": 0,
                "weight": -1.1653644083375945,
                "active": true
            },
            "6": {
                "nrn_to": 3,
                "nrn_from": 1,
                "weight": 0.6928473112188327,
                "active": true
            }
        }
    }
}