{
    "Num species": 4,
    "Species 0 num animals": 9,
    "Species 0 top fitness": -1625.525611415999,
    "Species 0 mean fitness": -1655.98772347047,
    "Species 0 std fitness": 36.72337336715622,
    "Species 0 top animal N hidden neurons": 0,
    "Species 0 top animal N synapses": 3,
    "Species 0 top animal": {
        "neurons": {
            "0": {
                "type": "i",
                "bias": 0.22000448858915786
            },
            "1": {
                "type": "i",
                "bias": 0.8338347351127626
            },
            "2": {
                "type": "i",
                "bias": 0.14127717889001845
            },
            "3": {
                "type": "o",
                "bias": -1.030498361348813
            }
        },
        "synapses": {
            "4": {
                "nrn_to": 3,
                "nrn_from": 2,
                "weight": 0.17506968731090025,
                "active": true
            },
            "5": {
                "nrn_to": 3,
                "nrn_from": 0,
                "weight": -1.3106840053543565,
                "active": true
            },
            "6": {
                "nrn_to": 3,
                "nrn_from": 1,
                "weight": 1.3628784803398608,
                "active": true
            }
        }
    },
    "Species 2 num animals": 10,
    "Species 2 top fitness": -1609.626400908393,
    "Species 2 mean fitness": -1633.9798088091522,
    "Species 2 std fitness": 14.390212881635405,
    "Species 2 top animal N hidden neurons": 1,
    "Species 2 top animal N synapses": 7,
    "Species 2 top animal": {
        "neurons": {
            "0": {
                "type": "i",
                "bias": 0.49060121392908473
            },
            "1": {
                "type": "i",
                "bias": 0.304239297419774
            },
            "2": {
                "type": "i",
                "bias": 0.06794595158073574
            },
            "3": {
                "type": "o",
                "bias": -1.1196804859061749
            },
            "150": {
                "type": "h",
                "bias": 0.039080959081751625
            }
        },
        "synapses": {
            "4": {
                "nrn_to": 3,
                "nrn_from": 2,
                "weight": 0.2674085457771255,
                "active": true
            },
            "5": {
                "nrn_to": 3,
                "nrn_from": 0,
                "weight": -1.212911760046072,
                "active": true
            },
            "6": {
                "nrn_to": 3,
                "nrn_from": 1,
                "weight": 2.8345084762119543,
                "active": true
            },
            "151": {
                "active": true,
                "nrn_to": 150,
                "nrn_from": 0,
                "weight": 2.328164135751388
            },
            "152": {
                "active": true,
                "nrn_to": 3,
                "nrn_from": 150,
                "weight": -2.424445267940857
            },
            "156": {
                "nrn_to": 150,
                "nrn_from": 1,
                "weight": 1.4592374912650223,
                "active": true
            },
            "157": {
                "nrn_to": 150,
                "nrn_from": 2,
                "weight": 0.3327632598152979,
                "active": false
            }
        }
    },
    "Species 3 num animals": 10,
    "Species 3 top fitness": -1618.1492664135253,
    "Species 3 mean fitness": -1712.5935064732125,
    "Species 3 std fitness": 100.74162847058659,
    "Species 3 top animal N hidden neurons": 1,
    "Species 3 top animal N synapses": 7,
    "Species 3 top animal": {
        "neurons": {
            "0": {
                "type": "i",
                "bias": 0.3719542875290365
            },
            "1": {
                "type": "i",
                "bias": 0.2885230571602555
            },
            "2": {
                "type": "i",
                "bias": 0.16770119451457927
            },
            "3": {
                "type": "o",
                "bias": -1.146537550019666
            },
            "150": {
                "type": "h",
                "bias": 0.08784442844983556
            }
        },
        "synapses": {
            "4": {
                "nrn_to": 3,
                "nrn_from": 2,
                "weight": 0.2008909771479314,
                "active": true
            },
            "5": {
                "nrn_to": 3,
                "nrn_from": 0,
                "weight": -1.2030579934391807,
                "active": true
            },
            "6": {
                "nrn_to": 3,
                "nrn_from": 1,
                "weight": 2.75263437285644,
                "active": true
            },
            "151": {
                "active": true,
                "nrn_to": 150,
                "nrn_from": 0,
                "weight": 2.293962477023943
            },
            "152": {
                "active": true,
                "nrn_to": 3,
                "nrn_from": 150,
                "weight": -1.2002976779910355
            },
            "156": {
                "nrn_to": 150,
                "nrn_from": 1,
                "weight": 1.4884141636587007,
                "active": true
            },
            "157": {
                "nrn_to": 150,
                "nrn_from": 2,
                "weight": 0.009708925095371277,
                "active": true
            }
        }
    },
    "Species 1 num animals": 31,
    "Species 1 top fitness": -1529.2423457624095,
    "Species 1 mean fitness": -1580.4739678619967,
    "Species 1 std fitness": 69.95629526907746,
    "Species 1 top animal N hidden neurons": 2,
    "Species 1 top animal N synapses": 8,
    "Species 1 top animal": {
        "neurons": {
            "0": {
                "type": "i",
                "bias": 0.8152575307682142
            },
            "1": {
                "type": "i",
                "bias": 0.24080491091637027
            },
            "2": {
                "type": "i",
                "bias": 0.29265077246219556
            },
            "3": {
                "type": "o",
                "bias": -0.36671282874698485
            },
            "150": {
                "type": "h",
                "bias": -0.16429244661430295
            },
            "189": {
                "type": "h",
                "bias": 0.12492072550096328
            }
        },
        "synapses": {
            "4": {
                "nrn_to": 3,
                "nrn_from": 2,
                "weight": 0.10166465209109658,
                "active": false
            },
            "5": {
                "nrn_to": 3,
                "nrn_from": 0,
                "weight": -0.9566191454998528,
                "active": true
            },
            "6": {
                "nrn_to": 3,
                "nrn_from": 1,
                "weight": 2.8771251937341327,
                "active": true
            },
            "151": {
                "active": false,
                "nrn_to": 150,
                "nrn_from": 0,
                "weight": 1.0168768528441787
            },
            "152": {
                "active": true,
                "nrn_to": 3,
                "nrn_from": 150,
                "weight": -2.425914915301764
            },
            "157": {
                "nrn_to": 150,
                "nrn_from": 2,
                "weight": -0.8679387751600333,
                "active": true
            },
            "190": {
                "active": true,
                "nrn_to": 189,
                "nrn_from": 0,
                "weight": 0.4878415710357944
            },
            "191": {
                "active": true,
                "nrn_to": 150,
                "nrn_from": 189,
                "weight": 0.5157379411709742
            }
        }
    }
}