{
    "Num species": 1,
    "Species 0 num animals": 60,
    "Species 0 top fitness": -1701.433340561174,
    "Species 0 mean fitness": -1772.942696529779,
    "Species 0 std fitness": 93.88808175125568,
    "Species 0 top animal N hidden neurons": 0,
    "Species 0 top animal N synapses": 3,
    "Species 0 top animal": {
        "neurons": {
            "0": {
                "type": "i",
                "bias": -0.10545675670267264
            },
            "1": {
                "type": "i",
                "bias": 0.06988362326473176
            },
            "2": {
                "type": "i",
                "bias": -0.060548064439996455
            },
            "3": {
                "type": "o",
                "bias": -1.1096594128912503
            }
        },
        "synapses": {
            "4": {
                "nrn_to": 3,
                "nrn_from": 0,
                "weight": -1.6556404808043406,
                "active": true
            },
            "5": {
                "nrn_to": 3,
                "nrn_from": 1,
                "weight": 1.0959128980917365,
                "active": true
            },
            "6": {
                "nrn_to": 3,
                "nrn_from": 2,
                "weight": 0.1446830169025071,
                "active": true
            }
        }
    }
}