{
    "Num species": 1,
    "Species 0 num animals": 60,
    "Species 0 top fitness": -1735.9455259963554,
    "Species 0 mean fitness": -1780.0724592125048,
    "Species 0 std fitness": 35.74367375460051,
    "Species 0 top animal N hidden neurons": 0,
    "Species 0 top animal N synapses": 3,
    "Species 0 top animal": {
        "neurons": {
            "0": {
                "type": "i",
                "bias": 0.4087721641044741
            },
            "1": {
                "type": "i",
                "bias": 0.12753449572236936
            },
            "2": {
                "type": "i",
                "bias": -0.27400603340354446
            },
            "3": {
                "type": "o",
                "bias": -0.2471694798655603
            }
        },
        "synapses": {
            "4": {
                "nrn_to": 3,
                "nrn_from": 0,
                "weight": -0.44505684844044446,
                "active": true
            },
            "5": {
                "nrn_to": 3,
                "nrn_from": 1,
                "weight": 0.4393575759660323,
                "active": true
            },
            "6": {
                "nrn_to": 3,
                "nrn_from": 2,
                "weight": 0.05887915372864636,
                "active": true
            }
        }
    }
}