{
    "Num species": 1,
    "Species 0 num animals": 60,
    "Species 0 top fitness": -1447.9989251628003,
    "Species 0 mean fitness": -1580.180037418591,
    "Species 0 std fitness": 176.11053999986478,
    "Species 0 top animal N hidden neurons": 1,
    "Species 0 top animal N synapses": 7,
    "Species 0 top animal": {
        "neurons": {
            "0": {
                "type": "i",
                "bias": 0.12355686692114133
            },
            "1": {
                "type": "i",
                "bias": -0.019861250203123654
            },
            "2": {
                "type": "i",
                "bias": 0.15252404368642336
            },
            "3": {
                "type": "o",
                "bias": -0.0430945947759644
            },
            "41": {
                "type": "h",
                "bias": -0.09627209927762778
            }
        },
        "synapses": {
            "51": {
                "nrn_to": 41,
                "nrn_from": 1,
                "weight": -0.2073608733393956,
                "active": true
            },
            "4": {
                "nrn_to": 3,
                "nrn_from": 1,
                "weight": 0.383493059075642,
                "active": true
            },
            "5": {
                "nrn_to": 3,
                "nrn_from": 0,
                "weight": -0.8006550906160093,
                "active": true
            },
            "6": {
                "nrn_to": 3,
                "nrn_from": 2,
                "weight": 0.1934408386237791,
                "active": true
            },
            "56": {
                "nrn_to": 41,
                "nrn_from": 2,
                "weight": 0.4453327474593712,
                "active": true
            },
            "42": {
                "active": true,
                "nrn_to": 41,
                "nrn_from": 0,
                "weight": 1.0347491373147826
            },
            "43": {
                "active": true,
                "nrn_to": 3,
                "nrn_from": 41,
                "weight": -0.7045309919042544
            }
        }
    }
}