{
    "Num species": 3,
    "Species 1 num animals": 32,
    "Species 1 top fitness": -1425.787173615896,
    "Species 1 mean fitness": -1606.8148263132289,
    "Species 1 std fitness": 151.6066674368748,
    "Species 1 top animal N hidden neurons": 1,
    "Species 1 top animal N synapses": 7,
    "Species 1 top animal": {
        "neurons": {
            "0": {
                "type": "i",
                "bias": -0.17109929324663004
            },
            "1": {
                "type": "i",
                "bias": 0.5452702362684844
            },
            "2": {
                "type": "i",
                "bias": 0.23394833351438826
            },
            "3": {
                "type": "o",
                "bias": -0.097024133180452
            },
            "81": {
                "type": "h",
                "bias": 0.07982705566795692
            }
        },
        "synapses": {
            "82": {
                "active": true,
                "nrn_to": 81,
                "nrn_from": 0,
                "weight": 1.874234650433631
            },
            "83": {
                "active": true,
                "nrn_to": 3,
                "nrn_from": 81,
                "weight": -2.9297438669070526
            },
            "4": {
                "nrn_to": 3,
                "nrn_from": 1,
                "weight": 1.8292525944643718,
                "active": true
            },
            "5": {
                "nrn_to": 3,
                "nrn_from": 2,
                "weight": 0.46199890911231206,
                "active": true
            },
            "6": {
                "nrn_to": 3,
                "nrn_from": 0,
                "weight": 0.2656815914249656,
                "active": true
            },
            "84": {
                "nrn_to": 81,
                "nrn_from": 2,
                "weight": 0.35183730162427923,
                "active": true
            },
            "85": {
                "nrn_to": 81,
                "nrn_from": 1,
                "weight": 0.4171486549033372,
                "active": true
            }
        }
    },
    "Species 2 num animals": 18,
    "Species 2 top fitness": -1453.055285977629,
    "Species 2 mean fitness": -1627.081625042308,
    "Species 2 std fitness": 144.3942139229393,
    "Species 2 top animal N hidden neurons": 1,
    "Species 2 top animal N synapses": 7,
    "Species 2 top animal": {
        "neurons": {
            "0": {
                "type": "i",
                "bias": -0.5016470765843344
            },
            "1": {
                "type": "i",
                "bias": 0.06490799451319162
            },
            "2": {
                "type": "i",
                "bias": 0.15969915940225232
            },
            "3": {
                "type": "o",
                "bias": -0.49415613826141175
            },
            "81": {
                "type": "h",
                "bias": -0.004651835544320833
            }
        },
        "synapses": {
            "82": {
                "active": true,
                "nrn_to": 81,
                "nrn_from": 0,
                "weight": 1.9946609664348143
            },
            "83": {
                "active": true,
                "nrn_to": 3,
                "nrn_from": 81,
                "weight": -2.9746963726476157
            },
            "4": {
                "nrn_to": 3,
                "nrn_from": 1,
                "weight": 2.918085275708918,
                "active": true
            },
            "5": {
                "nrn_to": 3,
                "nrn_from": 2,
                "weight": 0.4204925018019955,
                "active": true
            },
            "6": {
                "nrn_to": 3,
                "nrn_from": 0,
                "weight": -0.28320757403772695,
                "active": true
            },
            "84": {
                "nrn_to": 81,
                "nrn_from": 2,
                "weight": 0.39940595837369325,
                "active": true
            },
            "85": {
                "nrn_to": 81,
                "nrn_from": 1,
                "weight": -0.04304474070919147,
                "active": false
            }
        }
    },
    "Species 0 num animals": 10,
    "Species 0 top fitness": -1746.0263789047917,
    "Species 0 mean fitness": -1795.4793181337798,
    "Species 0 std fitness": 148.35518746280002,
    "Species 0 top animal N hidden neurons": 1,
    "Species 0 top animal N synapses": 6,
    "Species 0 top animal": {
        "neurons": {
            "0": {
                "type": "i",
                "bias": -0.038428123612751504
            },
            "1": {
                "type": "i",
                "bias": 0.1636497725881257
            },
            "2": {
                "type": "i",
                "bias": -0.12279189380099112
            },
            "3": {
                "type": "o",
                "bias": -0.5928321871645716
            },
            "81": {
                "type": "h",
                "bias": 0.40991510216843896
            }
        },
        "synapses": {
            "82": {
                "active": false,
                "nrn_to": 81,
                "nrn_from": 0,
                "weight": 0.7237163139625614
            },
            "83": {
                "active": false,
                "nrn_to": 3,
                "nrn_from": 81,
                "weight": -0.21249436254569398
            },
            "4": {
                "nrn_to": 3,
                "nrn_from": 1,
                "weight": 0.6603645769872623,
                "active": false
            },
            "5": {
                "nrn_to": 3,
                "nrn_from": 2,
                "weight": -0.21939797220759577,
                "active": false
            },
            "6": {
                "nrn_to": 3,
                "nrn_from": 0,
                "weight": -1.493402887620957,
                "active": false
            },
            "84": {
                "nrn_to": 81,
                "nrn_from": 2,
                "weight": -0.11178047220536703,
                "active": true
            }
        }
    }
}