{
    "Num species": 1,
    "Species 0 num animals": 60,
    "Species 0 top fitness": -1494.988740370396,
    "Species 0 mean fitness": -1544.882262332942,
    "Species 0 std fitness": 55.06143558452514,
    "Species 0 top animal N hidden neurons": 0,
    "Species 0 top animal N synapses": 3,
    "Species 0 top animal": {
        "neurons": {
            "0": {
                "type": "i",
                "bias": -0.3294195750381368
            },
            "1": {
                "type": "i",
                "bias": 1.3101992798296223
            },
            "2": {
                "type": "i",
                "bias": 0.5902881044417178
            },
            "3": {
                "type": "o",
                "bias": -2.8572511696872254
            }
        },
        "synapses": {
            "4": {
                "nrn_to": 3,
                "nrn_from": 0,
                "weight": -3.0,
                "active": true
            },
            "5": {
                "nrn_to": 3,
                "nrn_from": 1,
                "weight": 2.9528731773640686,
                "active": true
            },
            "6": {
                "nrn_to": 3,
                "nrn_from": 2,
                "weight": 0.23384309377108517,
                "active": true
            }
        }
    }
}