{
    "Num species": 1,
    "Species 0 num animals": 60,
    "Species 0 top fitness": -1664.3323674532187,
    "Species 0 mean fitness": -1712.9061324939894,
    "Species 0 std fitness": 43.99546156958147,
    "Species 0 top animal N hidden neurons": 0,
    "Species 0 top animal N synapses": 3,
    "Species 0 top animal": {
        "neurons": {
            "0": {
                "type": "i",
                "bias": -0.12466720937016623
            },
            "1": {
                "type": "i",
                "bias": -0.04657328169608946
            },
            "2": {
                "type": "i",
                "bias": -0.04651417815184818
            },
            "3": {
                "type": "o",
                "bias": -0.3603835610765336
            }
        },
        "synapses": {
            "4": {
                "nrn_to": 3,
                "nrn_from": 0,
                "weight": -0.5468196974681322,
                "active": true
            },
            "5": {
                "nrn_to": 3,
                "nrn_from": 1,
                "weight": 0.37055323049064864,
                "active": true
            },
            "6": {
                "nrn_to": 3,
                "nrn_from": 2,
                "weight": 0.08098858700237377,
                "active": true
            }
        }
    }
}