{
    "Num species": 1,
    "Species 0 num animals": 60,
    "Species 0 top fitness": -1661.010832386007,
    "Species 0 mean fitness": -1727.5571987097583,
    "Species 0 std fitness": 62.24902958044065,
    "Species 0 top animal N hidden neurons": 0,
    "Species 0 top animal N synapses": 3,
    "Species 0 top animal": {
        "neurons": {
            "0": {
                "type": "i",
                "bias": 0.2530822328997432
            },
            "1": {
                "type": "i",
                "bias": 0.05282975710036007
            },
            "2": {
                "type": "i",
                "bias": 0.4869138195922524
            },
            "3": {
                "type": "o",
                "bias": -0.3269304701472728
            }
        },
        "synapses": {
            "4": {
                "nrn_to": 3,
                "nrn_from": 0,
                "weight": -0.7148237836872193,
                "active": true
            },
            "5": {
                "nrn_to": 3,
                "nrn_from": 1,
                "weight": 0.36096263979031323,
                "active": true
            },
            "6": {
                "nrn_to": 3,
                "nrn_from": 2,
                "weight": 0.11913176589770569,
                "active": true
            }
        }
    }
}