{
    "Num species": 1,
    "Species 0 num animals": 60,
    "Species 0 top fitness": -1664.9581132134288,
    "Species 0 mean fitness": -1732.4042366370195,
    "Species 0 std fitness": 70.15665181971609,
    "Species 0 top animal N hidden neurons": 0,
    "Species 0 top animal N synapses": 3,
    "Species 0 top animal": {
        "neurons": {
            "0": {
                "type": "i",
                "bias": -0.22289179871108902
            },
            "1": {
                "type": "i",
                "bias": 1.2969557997209031
            },
            "2": {
                "type": "i",
                "bias": 0.3742142516821359
            },
            "3": {
                "type": "o",
                "bias": -1.6938102742283998
            }
        },
        "synapses": {
            "4": {
                "nrn_to": 3,
                "nrn_from": 0,
                "weight": -1.846363411172977,
                "active": true
            },
            "5": {
                "nrn_to": 3,
                "nrn_from": 1,
                "weight": 1.783611627183468,
                "active": true
            },
            "6": {
                "nrn_to": 3,
                "nrn_from": 2,
                "weight": 0.22583148170193607,
                "active": true
            }
        }
    }
}