{
    "Num species": 1,
    "Species 0 num animals": 60,
    "Species 0 top fitness": -1595.3198927474796,
    "Species 0 mean fitness": -1636.427306966215,
    "Species 0 std fitness": 44.76129792058614,
    "Species 0 top animal N hidden neurons": 0,
    "Species 0 top animal N synapses": 3,
    "Species 0 top animal": {
        "neurons": {
            "0": {
                "type": "i",
                "bias": 0.11589247174896226
            },
            "1": {
                "type": "i",
                "bias": 0.47630914359248333
            },
            "2": {
                "type": "i",
                "bias": 0.035169971185532674
            },
            "3": {
                "type": "o",
                "bias": -0.9521215109724059
            }
        },
        "synapses": {
            "4": {
                "nrn_to": 3,
                "nrn_from": 2,
                "weight": 0.09295931240401999,
                "active": true
            },
            "5": {
                "nrn_to": 3,
                "nrn_from": 0,
                "weight": -1.2377812889359339,
                "active": true
            },
            "6": {
                "nrn_to": 3,
                "nrn_from": 1,
                "weight": 0.6220508504738465,
                "active": true
            }
        }
    }
}