{
    "Num species": 1,
    "Species 0 num animals": 60,
    "Species 0 top fitness": -1437.307865814645,
    "Species 0 mean fitness": -1474.837126818576,
    "Species 0 std fitness": 56.48613385212876,
    "Species 0 top animal N hidden neurons": 0,
    "Species 0 top animal N synapses": 3,
    "Species 0 top animal": {
        "neurons": {
            "0": {
                "type": "i",
                "bias": -0.362510772861985
            },
            "1": {
                "type": "i",
                "bias": 0.010971245333529032
            },
            "2": {
                "type": "i",
                "bias": 1.034266629906763
            },
            "3": {
                "type": "o",
                "bias": -2.3339155839738033
            }
        },
        "synapses": {
            "4": {
                "nrn_to": 3,
                "nrn_from": 0,
                "weight": -1.4021203677782528,
                "active": true
            },
            "5": {
                "nrn_to": 3,
                "nrn_from": 1,
                "weight": 3.0,
                "active": true
            },
            "6": {
                "nrn_to": 3,
                "nrn_from": 2,
                "weight": 0.1484415998633218,
                "active": true
            }
        }
    }
}