{
    "Num species": 1,
    "Species 0 num animals": 60,
    "Species 0 top fitness": -1648.327424206403,
    "Species 0 mean fitness": -1710.1061624705223,
    "Species 0 std fitness": 81.55446481696306,
    "Species 0 top animal N hidden neurons": 0,
    "Species 0 top animal N synapses": 3,
    "Species 0 top animal": {
        "neurons": {
            "0": {
                "type": "i",
                "bias": 0.23521924439052855
            },
            "1": {
                "type": "i",
                "bias": 1.1010761816193988
            },
            "2": {
                "type": "i",
                "bias": 0.7024422028625487
            },
            "3": {
                "type": "o",
                "bias": -3.0
            }
        },
        "synapses": {
            "4": {
                "nrn_to": 3,
                "nrn_from": 0,
                "weight": -3.0,
                "active": true
            },
            "5": {
                "nrn_to": 3,
                "nrn_from": 1,
                "weight": 2.978011659960551,
                "active": true
            },
            "6": {
                "nrn_to": 3,
                "nrn_from": 2,
                "weight": 0.2507148938675618,
                "active": true
            }
        }
    }
}