{
    "Num species": 1,
    "Species 0 num animals": 60,
    "Species 0 top fitness": -1798.3967420203762,
    "Species 0 mean fitness": -1890.2266359176042,
    "Species 0 std fitness": 208.36113269510287,
    "Species 0 top animal N hidden neurons": 0,
    "Species 0 top animal N synapses": 0,
    "Species 0 top animal": {
        "neurons": {
            "0": {
                "type": "i",
                "bias": 0.004918189947285517
            },
            "1": {
                "type": "i",
                "bias": -0.050849549664530716
            },
            "2": {
                "type": "i",
                "bias": 0.0
            },
            "3": {
                "type": "o",
                "bias": 0.022182144723895455
            }
        },
        "synapses": {}
    }
}