{
    "Num species": 1,
    "Species 0 num animals": 60,
    "Species 0 top fitness": -1584.3402527970336,
    "Species 0 mean fitness": -1627.8222834752044,
    "Species 0 std fitness": 33.3177917362222,
    "Species 0 top animal N hidden neurons": 0,
    "Species 0 top animal N synapses": 3,
    "Species 0 top animal": {
        "neurons": {
            "0": {
                "type": "i",
                "bias": 0.3349213140302424
            },
            "1": {
                "type": "i",
                "bias": 0.43793664464320187
            },
            "2": {
                "type": "i",
                "bias": 0.11312236791008022
            },
            "3": {
                "type": "o",
                "bias": -1.3636279660746549
            }
        },
        "synapses": {
            "4": {
                "nrn_to": 3,
                "nrn_from": 0,
                "weight": -1.592315289906774,
                "active": true
            },
            "5": {
                "nrn_to": 3,
                "nrn_from": 1,
                "weight": 1.3238917636860235,
                "active": true
            },
            "6": {
                "nrn_to": 3,
                "nrn_from": 2,
                "weight": 0.11826543545206085,
                "active": true
            }
        }
    }
}