{
    "Num species": 1,
    "Species 0 num animals": 60,
    "Species 0 top fitness": -1679.4876687510125,
    "Species 0 mean fitness": -1732.54149715796,
    "Species 0 std fitness": 62.345575163078614,
    "Species 0 top animal N hidden neurons": 0,
    "Species 0 top animal N synapses": 3,
    "Species 0 top animal": {
        "neurons": {
            "0": {
                "type": "i",
                "bias": -0.17895791035125064
            },
            "1": {
                "type": "i",
                "bias": 2.524932317505065
            },
            "2": {
                "type": "i",
                "bias": 0.18454525768741642
            },
            "3": {
                "type": "o",
                "bias": -1.7198769186915877
            }
        },
        "synapses": {
            "4": {
                "nrn_to": 3,
                "nrn_from": 0,
                "weight": -1.846363411172977,
                "active": true
            },
            "5": {
                "nrn_to": 3,
                "nrn_from": 1,
                "weight": 1.7470528641296057,
                "active": true
            },
            "6": {
                "nrn_to": 3,
                "nrn_from": 2,
                "weight": 0.23066194130453005,
                "active": true
            }
        }
    }
}