{
    "Num species": 1,
    "Species 0 num animals": 60,
    "Species 0 top fitness": -1598.8236435160857,
    "Species 0 mean fitness": -1634.6599362560003,
    "Species 0 std fitness": 34.45771596701648,
    "Species 0 top animal N hidden neurons": 0,
    "Species 0 top animal N synapses": 3,
    "Species 0 top animal": {
        "neurons": {
            "0": {
                "type": "i",
                "bias": -0.17838622629220868
            },
            "1": {
                "type": "i",
                "bias": 0.8601000543164634
            },
            "2": {
                "type": "i",
                "bias": 0.4817422487506991
            },
            "3": {
                "type": "o",
                "bias": -1.7440569831288277
            }
        },
        "synapses": {
            "4": {
                "nrn_to": 3,
                "nrn_from": 0,
                "weight": -1.9381817366148688,
                "active": true
            },
            "5": {
                "nrn_to": 3,
                "nrn_from": 1,
                "weight": 1.7198914870618984,
                "active": true
            },
            "6": {
                "nrn_to": 3,
                "nrn_from": 2,
                "weight": 0.14044289289899178,
                "active": true
            }
        }
    }
}