{
    "Num species": 1,
    "Species 0 num animals": 60,
    "Species 0 top fitness": -1761.4623775146488,
    "Species 0 mean fitness": -1817.8577026873465,
    "Species 0 std fitness": 66.93221402221737,
    "Species 0 top animal N hidden neurons": 0,
    "Species 0 top animal N synapses": 3,
    "Species 0 top animal": {
        "neurons": {
            "0": {
                "type": "i",
                "bias": -0.02270655419643463
            },
            "1": {
                "type": "i",
                "bias": 0.019583854699590973
            },
            "2": {
                "type": "i",
                "bias": 0.020597457324590705
            },
            "3": {
                "type": "o",
                "bias": -0.03198700995446388
            }
        },
        "synapses": {
            "4": {
                "nrn_to": 3,
                "nrn_from": 0,
                "weight": -0.23139876170971976,
                "active": true
            },
            "5": {
                "nrn_to": 3,
                "nrn_from": 1,
                "weight": 0.1949627751704702,
                "active": true
            },
            "6": {
                "nrn_to": 3,
                "nrn_from": 2,
                "weight": 0.062262138681619894,
                "active": true
            }
        }
    }
}