{
    "Num species": 1,
    "Species 0 num animals": 60,
    "Species 0 top fitness": -1839.2189934222179,
    "Species 0 mean fitness": -1883.8125275472169,
    "Species 0 std fitness": 47.88794689073583,
    "Species 0 top animal N hidden neurons": 0,
    "Species 0 top animal N synapses": 3,
    "Species 0 top animal": {
        "neurons": {
            "0": {
                "type": "i",
                "bias": -0.043137042417564095
            },
            "1": {
                "type": "i",
                "bias": 0.2386714459748352
            },
            "2": {
                "type": "i",
                "bias": 0.0484053187230341
            },
            "3": {
                "type": "o",
                "bias": -0.1442587005515723
            }
        },
        "synapses": {
            "4": {
                "nrn_to": 3,
                "nrn_from": 1,
                "weight": 0.8308679008414126,
                "active": true
            },
            "5": {
                "nrn_to": 3,
                "nrn_from": 2,
                "weight": 0.14476500197021505,
                "active": true
            },
            "6": {
                "nrn_to": 3,
                "nrn_from": 0,
                "weight": -1.3656814998549236,
                "active": true
            }
        }
    }
}