{
    "Num species": 2,
    "Species 1 num animals": 3,
    "Species 1 top fitness": -1763.8681014523022,
    "Species 1 mean fitness": -1772.3087051117864,
    "Species 1 std fitness": 9.690810605230501,
    "Species 1 top animal N hidden neurons": 0,
    "Species 1 top animal N synapses": 3,
    "Species 1 top animal": {
        "neurons": {
            "0": {
                "type": "i",
                "bias": -0.11153243371532051
            },
            "1": {
                "type": "i",
                "bias": -0.1041351417475865
            },
            "2": {
                "type": "i",
                "bias": 0.19512830884467758
            },
            "3": {
                "type": "o",
                "bias": -2.262205554759318
            }
        },
        "synapses": {
            "4": {
                "nrn_to": 3,
                "nrn_from": 0,
                "weight": -3.0,
                "active": true
            },
            "5": {
                "nrn_to": 3,
                "nrn_from": 1,
                "weight": 2.792244880698054,
                "active": true
            },
            "6": {
                "nrn_to": 3,
                "nrn_from": 2,
                "weight": 0.12195768550436997,
                "active": true
            }
        }
    },
    "Species 0 num animals": 57,
    "Species 0 top fitness": -1641.3852586242933,
    "Species 0 mean fitness": -1715.118119640273,
    "Species 0 std fitness": 76.87841106243694,
    "Species 0 top animal N hidden neurons": 0,
    "Species 0 top animal N synapses": 3,
    "Species 0 top animal": {
        "neurons": {
            "0": {
                "type": "i",
                "bias": -0.1732039398360167
            },
            "1": {
                "type": "i",
                "bias": -0.2963934863735358
            },
            "2": {
                "type": "i",
                "bias": 0.2128800914088268
            },
            "3": {
                "type": "o",
                "bias": -2.251659197185557
            }
        },
        "synapses": {
            "4": {
                "nrn_to": 3,
                "nrn_from": 0,
                "weight": -2.5946965027527655,
                "active": true
            },
            "5": {
                "nrn_to": 3,
                "nrn_from": 1,
                "weight": 0.6730778513117869,
                "active": true
            },
            "6": {
                "nrn_to": 3,
                "nrn_from": 2,
                "weight": 0.19359634400545517,
                "active": true
            }
        }
    }
}