{
    "Num species": 1,
    "Species 0 num animals": 60,
    "Species 0 top fitness": -1571.7743462048502,
    "Species 0 mean fitness": -1618.8988458280978,
    "Species 0 std fitness": 69.56346413671777,
    "Species 0 top animal N hidden neurons": 0,
    "Species 0 top animal N synapses": 3,
    "Species 0 top animal": {
        "neurons": {
            "0": {
                "type": "i",
                "bias": 0.08972739688744821
            },
            "1": {
                "type": "i",
                "bias": -0.11274932092400688
            },
            "2": {
                "type": "i",
                "bias": -0.06963124558365674
            },
            "3": {
                "type": "o",
                "bias": -0.40679127376213337
            }
        },
        "synapses": {
            "4": {
                "nrn_to": 3,
                "nrn_from": 0,
                "weight": -0.4620037128657819,
                "active": true
            },
            "5": {
                "nrn_to": 3,
                "nrn_from": 1,
                "weight": 0.3092912941730151,
                "active": true
            },
            "6": {
                "nrn_to": 3,
                "nrn_from": 2,
                "weight": 0.04303868124197531,
                "active": true
            }
        }
    }
}