{
    "Num species": 7,
    "Species 0 num animals": 6,
    "Species 0 top fitness": -1831.165374900526,
    "Species 0 mean fitness": -1915.9028026743797,
    "Species 0 std fitness": 174.08221491425866,
    "Species 0 top animal N hidden neurons": 0,
    "Species 0 top animal N synapses": 3,
    "Species 0 top animal": {
        "neurons": {
            "0": {
                "type": "i",
                "bias": 0.23806230636797224
            },
            "1": {
                "type": "i",
                "bias": 0.761564043105095
            },
            "2": {
                "type": "i",
                "bias": -0.031694706538504286
            },
            "3": {
                "type": "o",
                "bias": -0.9036872208079657
            }
        },
        "synapses": {
            "4": {
                "nrn_to": 3,
                "nrn_from": 2,
                "weight": 0.07523289698166405,
                "active": true
            },
            "5": {
                "nrn_to": 3,
                "nrn_from": 0,
                "weight": -1.2636208057085165,
                "active": true
            },
            "6": {
                "nrn_to": 3,
                "nrn_from": 1,
                "weight": 1.512172858156709,
                "active": true
            }
        }
    },
    "Species 9 num animals": 21,
    "Species 9 top fitness": -1382.8166547665082,
    "Species 9 mean fitness": -1667.1717161936335,
    "Species 9 std fitness": 184.5193175646978,
    "Species 9 top animal N hidden neurons": 2,
    "Species 9 top animal N synapses": 10,
    "Species 9 top animal": {
        "neurons": {
            "0": {
                "type": "i",
                "bias": 0.3653281561564897
            },
            "1": {
                "type": "i",
                "bias": 0.8202712315714434
            },
            "2": {
                "type": "i",
                "bias": 0.2262997147476503
            },
            "3": {
                "type": "o",
                "bias": -0.5985436657607612
            },
            "235": {
                "type": "h",
                "bias": 0.1333081824238289
            },
            "150": {
                "type": "h",
                "bias": -0.213179538791633
            }
        },
        "synapses": {
            "4": {
                "nrn_to": 3,
                "nrn_from": 2,
                "weight": 0.38258118697314614,
                "active": true
            },
            "5": {
                "nrn_to": 3,
                "nrn_from": 0,
                "weight": -1.2734733426169687,
                "active": true
            },
            "6": {
                "nrn_to": 3,
                "nrn_from": 1,
                "weight": 2.8668297098613325,
                "active": true
            },
            "236": {
                "active": true,
                "nrn_to": 235,
                "nrn_from": 150,
                "weight": 0.9836912321046101
            },
            "237": {
                "active": true,
                "nrn_to": 3,
                "nrn_from": 235,
                "weight": -2.4339209073701484
            },
            "238": {
                "nrn_to": 235,
                "nrn_from": 0,
                "weight": 0.12566857866673764,
                "active": true
            },
            "151": {
                "active": true,
                "nrn_to": 150,
                "nrn_from": 0,
                "weight": 3.0
            },
            "152": {
                "nrn_to": 3,
                "nrn_from": 150,
                "weight": -0.5599068843452009,
                "active": true
            },
            "156": {
                "nrn_to": 150,
                "nrn_from": 1,
                "weight": 0.7299271062772084,
                "active": true
            },
            "157": {
                "nrn_to": 150,
                "nrn_from": 2,
                "weight": 0.5635663619919513,
                "active": true
            }
        }
    },
    "Species 8 num animals": 10,
    "Species 8 top fitness": -1419.372024458183,
    "Species 8 mean fitness": -1562.0819661348648,
    "Species 8 std fitness": 154.86079237388836,
    "Species 8 top animal N hidden neurons": 2,
    "Species 8 top animal N synapses": 9,
    "Species 8 top animal": {
        "neurons": {
            "0": {
                "type": "i",
                "bias": 0.29760181975647826
            },
            "1": {
                "type": "i",
                "bias": 0.9122034103566234
            },
            "2": {
                "type": "i",
                "bias": 0.11140885987128746
            },
            "3": {
                "type": "o",
                "bias": -0.593289053952641
            },
            "235": {
                "type": "h",
                "bias": -0.01917283555330011
            },
            "150": {
                "type": "h",
                "bias": -0.23307117100037314
            }
        },
        "synapses": {
            "4": {
                "nrn_to": 3,
                "nrn_from": 2,
                "weight": 0.4076365962302986,
                "active": true
            },
            "5": {
                "nrn_to": 3,
                "nrn_from": 0,
                "weight": -1.120802189372098,
                "active": true
            },
            "6": {
                "nrn_to": 3,
                "nrn_from": 1,
                "weight": 2.9287568954632457,
                "active": true
            },
            "236": {
                "active": true,
                "nrn_to": 235,
                "nrn_from": 150,
                "weight": 1.0862078443953385
            },
            "237": {
                "active": true,
                "nrn_to": 3,
                "nrn_from": 235,
                "weight": -2.453247067300478
            },
            "151": {
                "active": true,
                "nrn_to": 150,
                "nrn_from": 0,
                "weight": 2.323587075464257
            },
            "152": {
                "nrn_to": 3,
                "nrn_from": 150,
                "weight": 0.14211118688258695,
                "active": true
            },
            "156": {
                "nrn_to": 150,
                "nrn_from": 1,
                "weight": 0.7830771694251638,
                "active": true
            },
            "157": {
                "nrn_to": 150,
                "nrn_from": 2,
                "weight": 0.4821418431356641,
                "active": true
            }
        }
    },
    "Species 3 num animals": 5,
    "Species 3 top fitness": -1526.9385637509888,
    "Species 3 mean fitness": -1533.815894251878,
    "Species 3 std fitness": 3.4903550313644387,
    "Species 3 top animal N hidden neurons": 1,
    "Species 3 top animal N synapses": 7,
    "Species 3 top animal": {
        "neurons": {
            "0": {
                "type": "i",
                "bias": 0.2842336501553368
            },
            "1": {
                "type": "i",
                "bias": 0.390097568981154
            },
            "2": {
                "type": "i",
                "bias": 0.1964122548870092
            },
            "3": {
                "type": "o",
                "bias": -0.36011526800820626
            },
            "150": {
                "type": "h",
                "bias": 0.24934038761939553
            }
        },
        "synapses": {
            "4": {
                "nrn_to": 3,
                "nrn_from": 2,
                "weight": -0.06095823234833378,
                "active": false
            },
            "5": {
                "nrn_to": 3,
                "nrn_from": 0,
                "weight": -1.2087842117073933,
                "active": true
            },
            "6": {
                "nrn_to": 3,
                "nrn_from": 1,