{
    "Num species": 1,
    "Species 0 num animals": 60,
    "Species 0 top fitness": -1632.2950749774327,
    "Species 0 mean fitness": -1691.3076331539992,
    "Species 0 std fitness": 46.768454479085335,
    "Species 0 top animal N hidden neurons": 0,
    "Species 0 top animal N synapses": 3,
    "Species 0 top animal": {
        "neurons": {
            "0": {
                "type": "i",
                "bias": 0.08972739688744821
            },
            "1": {
                "type": "i",
                "bias": -0.03779136328988669
            },
            "2": {
                "type": "i",
                "bias": 0.0592705710486072
            },
            "3": {
                "type": "o",
                "bias": -0.40679127376213337
            }
        },
        "synapses": {
            "4": {
                "nrn_to": 3,
                "nrn_from": 0,
                "weight": -0.4620037128657819,
                "active": true
            },
            "5": {
                "nrn_to": 3,
                "nrn_from": 1,
                "weight": 0.23850415759288723,
                "active": true
            },
            "6": {
                "nrn_to": 3,
                "nrn_from": 2,
                "weight": 0.04794685664764693,
                "active": true
            }
        }
    }
}