{
    "Num species": 1,
    "Species 0 num animals": 60,
    "Species 0 top fitness": -1689.7475132490067,
    "Species 0 mean fitness": -1740.5632417819684,
    "Species 0 std fitness": 58.00760785626248,
    "Species 0 top animal N hidden neurons": 0,
    "Species 0 top animal N synapses": 3,
    "Species 0 top animal": {
        "neurons": {
            "0": {
                "type": "i",
                "bias": 0.12093596030760313
            },
            "1": {
                "type": "i",
                "bias": -0.2903500283023544
            },
            "2": {
                "type": "i",
                "bias": 1.0786862827758126
            },
            "3": {
                "type": "o",
                "bias": -0.33584959356888944
            }
        },
        "synapses": {
            "4": {
                "nrn_to": 3,
                "nrn_from": 0,
                "weight": -0.6756589127945404,
                "active": true
            },
            "5": {
                "nrn_to": 3,
                "nrn_from": 1,
                "weight": 0.44221551975620466,
                "active": true
            },
            "6": {
                "nrn_to": 3,
                "nrn_from": 2,
                "weight": 0.07903637163820335,
                "active": true
            }
        }
    }
}