{
    "Num species": 1,
    "Species 0 num animals": 60,
    "Species 0 top fitness": -1687.4979383986133,
    "Species 0 mean fitness": -1735.1015685504658,
    "Species 0 std fitness": 70.75122352319838,
    "Species 0 top animal N hidden neurons": 0,
    "Species 0 top animal N synapses": 3,
    "Species 0 top animal": {
        "neurons": {
            "0": {
                "type": "i",
                "bias": 0.3809710992589074
            },
            "1": {
                "type": "i",
                "bias": 0.008643288140501483
            },
            "2": {
                "type": "i",
                "bias": 0.1186591057882151
            },
            "3": {
                "type": "o",
                "bias": -0.34434938065321946
            }
        },
        "synapses": {
            "4": {
                "nrn_to": 3,
                "nrn_from": 0,
                "weight": -0.34192073622504937,
                "active": true
            },
            "5": {
                "nrn_to": 3,
                "nrn_from": 1,
                "weight": 0.2677234423436795,
                "active": true
            },
            "6": {
                "nrn_to": 3,
                "nrn_from": 2,
                "weight": 0.01741222950130667,
                "active": true
            }
        }
    }
}