{
    "Num species": 1,
    "Species 0 num animals": 60,
    "Species 0 top fitness": -1699.5205169480355,
    "Species 0 mean fitness": -1759.4925095560798,
    "Species 0 std fitness": 40.77555240772029,
    "Species 0 top animal N hidden neurons": 0,
    "Species 0 top animal N synapses": 3,
    "Species 0 top animal": {
        "neurons": {
            "0": {
                "type": "i",
                "bias": 0.39818299153570347
            },
            "1": {
                "type": "i",
                "bias": -0.06229954173177019
            },
            "2": {
                "type": "i",
                "bias": -0.06957492780593624
            },
            "3": {
                "type": "o",
                "bias": -0.2760641554476803
            }
        },
        "synapses": {
            "4": {
                "nrn_to": 3,
                "nrn_from": 0,
                "weight": -0.3363567657675311,
                "active": true
            },
            "5": {
                "nrn_to": 3,
                "nrn_from": 1,
                "weight": 0.33730571643596147,
                "active": true
            },
            "6": {
                "nrn_to": 3,
                "nrn_from": 2,
                "weight": 0.0651468155424206,
                "active": true
            }
        }
    }
}