{
    "Num species": 1,
    "Species 0 num animals": 60,
    "Species 0 top fitness": -1689.2664626430942,
    "Species 0 mean fitness": -1715.5299284665655,
    "Species 0 std fitness": 37.81512123993362,
    "Species 0 top animal N hidden neurons": 0,
    "Species 0 top animal N synapses": 3,
    "Species 0 top animal": {
        "neurons": {
            "0": {
                "type": "i",
                "bias": 0.3938282613329944
            },
            "1": {
                "type": "i",
                "bias": 0.1355544606460914
            },
            "2": {
                "type": "i",
                "bias": -0.16524109656584612
            },
            "3": {
                "type": "o",
                "bias": -0.7236767567406985
            }
        },
        "synapses": {
            "4": {
                "nrn_to": 3,
                "nrn_from": 0,
                "weight": -1.2011625779995148,
                "active": true
            },
            "5": {
                "nrn_to": 3,
                "nrn_from": 1,
                "weight": 1.3508495111226588,
                "active": true
            },
            "6": {
                "nrn_to": 3,
                "nrn_from": 2,
                "weight": 0.1336623877647705,
                "active": true
            }
        }
    }
}