{
    "Num species": 1,
    "Species 0 num animals": 60,
    "Species 0 top fitness": -1478.8526656021547,
    "Species 0 mean fitness": -1562.006253257268,
    "Species 0 std fitness": 89.66356623922529,
    "Species 0 top animal N hidden neurons": 0,
    "Species 0 top animal N synapses": 3,
    "Species 0 top animal": {
        "neurons": {
            "0": {
                "type": "i",
                "bias": 0.1450031935719946
            },
            "1": {
                "type": "i",
                "bias": 0.3910662960769864
            },
            "2": {
                "type": "i",
                "bias": 0.053459410115297076
            },
            "3": {
                "type": "o",
                "bias": -0.8486743585765602
            }
        },
        "synapses": {
            "4": {
                "nrn_to": 3,
                "nrn_from": 2,
                "weight": 0.06662696306194563,
                "active": true
            },
            "5": {
                "nrn_to": 3,
                "nrn_from": 0,
                "weight": -1.099973439829351,
                "active": true
            },
            "6": {
                "nrn_to": 3,
                "nrn_from": 1,
                "weight": 0.6220508504738465,
                "active": true
            }
        }
    }
}