{
    "Num species": 1,
    "Species 0 num animals": 60,
    "Species 0 top fitness": -1689.4953813123616,
    "Species 0 mean fitness": -1798.6447547354335,
    "Species 0 std fitness": 101.6025200395477,
    "Species 0 top animal N hidden neurons": 0,
    "Species 0 top animal N synapses": 3,
    "Species 0 top animal": {
        "neurons": {
            "0": {
                "type": "i",
                "bias": -0.05253696399064109
            },
            "1": {
                "type": "i",
                "bias": -0.03746797558555414
            },
            "2": {
                "type": "i",
                "bias": -0.007527061893373724
            },
            "3": {
                "type": "o",
                "bias": 0.022296324695282966
            }
        },
        "synapses": {
            "5": {
                "nrn_to": 3,
                "nrn_from": 2,
                "weight": 0.0660778787329826,
                "active": true
            },
            "6": {
                "nrn_to": 3,
                "nrn_from": 0,
                "weight": -0.38729281323607934,
                "active": true
            },
            "4": {
                "nrn_to": 3,
                "nrn_from": 1,
                "weight": 0.5247421455725774,
                "active": true
            }
        }
    }
}