{
    "Num species": 2,
    "Species 1 num animals": 47,
    "Species 1 top fitness": -1235.4103182433532,
    "Species 1 mean fitness": -1347.4580115700803,
    "Species 1 std fitness": 53.38783609166611,
    "Species 1 top animal N hidden neurons": 1,
    "Species 1 top animal N synapses": 7,
    "Species 1 top animal": {
        "neurons": {
            "0": {
                "type": "i",
                "bias": -0.16281100525438835
            },
            "1": {
                "type": "i",
                "bias": 0.17028426203270045
            },
            "2": {
                "type": "i",
                "bias": 0.00740913347149747
            },
            "3": {
                "type": "o",
                "bias": -1.2734633419650165
            },
            "81": {
                "type": "h",
                "bias": -0.0075226468582978824
            }
        },
        "synapses": {
            "82": {
                "active": true,
                "nrn_to": 81,
                "nrn_from": 0,
                "weight": 0.9510619569972916
            },
            "83": {
                "active": true,
                "nrn_to": 3,
                "nrn_from": 81,
                "weight": -1.517019016739222
            },
            "4": {
                "nrn_to": 3,
                "nrn_from": 1,
                "weight": 1.796825043901781,
                "active": true
            },
            "5": {
                "nrn_to": 3,
                "nrn_from": 2,
                "weight": 0.11938474919682246,
                "active": true
            },
            "6": {
                "nrn_to": 3,
                "nrn_from": 0,
                "weight": 0.10518899353887608,
                "active": true
            },
            "84": {
                "nrn_to": 81,
                "nrn_from": 2,
                "weight": 0.18381319870116677,
                "active": true
            },
            "85": {
                "nrn_to": 81,
                "nrn_from": 1,
                "weight": -0.26844158705336923,
                "active": true
            }
        }
    },
    "Species 0 num animals": 13,
    "Species 0 top fitness": -1320.2217192584365,
    "Species 0 mean fitness": -1370.7407857473859,
    "Species 0 std fitness": 24.607175836964725,
    "Species 0 top animal N hidden neurons": 1,
    "Species 0 top animal N synapses": 5,
    "Species 0 top animal": {
        "neurons": {
            "0": {
                "type": "i",
                "bias": -0.16281100525438835
            },
            "1": {
                "type": "i",
                "bias": 0.04744768221500516
            },
            "2": {
                "type": "i",
                "bias": 0.06226664650260217
            },
            "3": {
                "type": "o",
                "bias": -0.7101280287347017
            },
            "81": {
                "type": "h",
                "bias": 0.050141117022171305
            }
        },
        "synapses": {
            "82": {
                "active": true,
                "nrn_to": 81,
                "nrn_from": 0,
                "weight": 1.029910256525881
            },
            "83": {
                "active": true,
                "nrn_to": 3,
                "nrn_from": 81,
                "weight": -1.4917322356012916
            },
            "4": {
                "nrn_to": 3,
                "nrn_from": 1,
                "weight": 0.9040046225511438,
                "active": true
            },
            "5": {
                "nrn_to": 3,
                "nrn_from": 2,
                "weight": 0.057630392373438255,
                "active": true
            },
            "6": {
                "nrn_to": 3,
                "nrn_from": 0,
                "weight": -1.368362995119073,
                "active": false
            }
        }
    }
}