{
    "Num species": 1,
    "Species 0 num animals": 60,
    "Species 0 top fitness": -1615.1237994973271,
    "Species 0 mean fitness": -1655.1375542133867,
    "Species 0 std fitness": 41.37049037827702,
    "Species 0 top animal N hidden neurons": 0,
    "Species 0 top animal N synapses": 3,
    "Species 0 top animal": {
        "neurons": {
            "0": {
                "type": "i",
                "bias": -0.18822911827683414
            },
            "1": {
                "type": "i",
                "bias": -0.08608103933711894
            },
            "2": {
                "type": "i",
                "bias": 0.11025585569826421
            },
            "3": {
                "type": "o",
                "bias": -1.158465647926407
            }
        },
        "synapses": {
            "4": {
                "nrn_to": 3,
                "nrn_from": 0,
                "weight": -1.5103275217671643,
                "active": true
            },
            "5": {
                "nrn_to": 3,
                "nrn_from": 1,
                "weight": 0.5350693085539245,
                "active": true
            },
            "6": {
                "nrn_to": 3,
                "nrn_from": 2,
                "weight": 0.11168559559396646,
                "active": true
            }
        }
    }
}