{
    "Num species": 1,
    "Species 0 num animals": 60,
    "Species 0 top fitness": -1580.8083570175236,
    "Species 0 mean fitness": -1626.0794798441368,
    "Species 0 std fitness": 44.44573197700538,
    "Species 0 top animal N hidden neurons": 0,
    "Species 0 top animal N synapses": 3,
    "Species 0 top animal": {
        "neurons": {
            "0": {
                "type": "i",
                "bias": -0.18822911827683414
            },
            "1": {
                "type": "i",
                "bias": -0.08608103933711894
            },
            "2": {
                "type": "i",
                "bias": 0.11955488220123886
            },
            "3": {
                "type": "o",
                "bias": -1.0679864656934301
            }
        },
        "synapses": {
            "4": {
                "nrn_to": 3,
                "nrn_from": 0,
                "weight": -1.5103275217671643,
                "active": true
            },
            "5": {
                "nrn_to": 3,
                "nrn_from": 1,
                "weight": 0.6492809851057005,
                "active": true
            },
            "6": {
                "nrn_to": 3,
                "nrn_from": 2,
                "weight": 0.11620891493728934,
                "active": true
            }
        }
    }
}