{
    "Num species": 1,
    "Species 0 num animals": 60,
    "Species 0 top fitness": -1740.7905404894948,
    "Species 0 mean fitness": -1785.864397949493,
    "Species 0 std fitness": 34.246895517620096,
    "Species 0 top animal N hidden neurons": 0,
    "Species 0 top animal N synapses": 3,
    "Species 0 top animal": {
        "neurons": {
            "0": {
                "type": "i",
                "bias": 0.22486147772596848
            },
            "1": {
                "type": "i",
                "bias": -0.052063710504603164
            },
            "2": {
                "type": "i",
                "bias": 0.03676989692018465
            },
            "3": {
                "type": "o",
                "bias": -0.3554363403554906
            }
        },
        "synapses": {
            "4": {
                "nrn_to": 3,
                "nrn_from": 0,
                "weight": -0.3699568918644647,
                "active": true
            },
            "5": {
                "nrn_to": 3,
                "nrn_from": 1,
                "weight": 0.39864550134904064,
                "active": true
            },
            "6": {
                "nrn_to": 3,
                "nrn_from": 2,
                "weight": 0.1253726772806062,
                "active": true
            }
        }
    }
}