{
    "Num species": 1,
    "Species 0 num animals": 60,
    "Species 0 top fitness": -1667.2521151078815,
    "Species 0 mean fitness": -1701.232811038089,
    "Species 0 std fitness": 61.44458080251204,
    "Species 0 top animal N hidden neurons": 0,
    "Species 0 top animal N synapses": 3,
    "Species 0 top animal": {
        "neurons": {
            "0": {
                "type": "i",
                "bias": -0.4342338524301153
            },
            "1": {
                "type": "i",
                "bias": 0.7741642943534339
            },
            "2": {
                "type": "i",
                "bias": 0.9541142451281468
            },
            "3": {
                "type": "o",
                "bias": -2.7915742002660986
            }
        },
        "synapses": {
            "4": {
                "nrn_to": 3,
                "nrn_from": 0,
                "weight": -3.0,
                "active": true
            },
            "5": {
                "nrn_to": 3,
                "nrn_from": 1,
                "weight": 2.9460825214772837,
                "active": true
            },
            "6": {
                "nrn_to": 3,
                "nrn_from": 2,
                "weight": 0.2736766844543963,
                "active": true
            }
        }
    }
}