{
    "Num species": 1,
    "Species 0 num animals": 60,
    "Species 0 top fitness": -1683.746561431871,
    "Species 0 mean fitness": -1713.599803795278,
    "Species 0 std fitness": 24.011030455646075,
    "Species 0 top animal N hidden neurons": 0,
    "Species 0 top animal N synapses": 3,
    "Species 0 top animal": {
        "neurons": {
            "0": {
                "type": "i",
                "bias": -0.03920210469885611
            },
            "1": {
                "type": "i",
                "bias": 0.7141956650743764
            },
            "2": {
                "type": "i",
                "bias": 0.506074160959778
            },
            "3": {
                "type": "o",
                "bias": -2.7638805527421693
            }
        },
        "synapses": {
            "4": {
                "nrn_to": 3,
                "nrn_from": 0,
                "weight": -3.0,
                "active": true
            },
            "5": {
                "nrn_to": 3,
                "nrn_from": 1,
                "weight": 2.9352636168862722,
                "active": true
            },
            "6": {
                "nrn_to": 3,
                "nrn_from": 2,
                "weight": 0.21354955221753427,
                "active": true
            }
        }
    }
}