{
    "Num species": 1,
    "Species 0 num animals": 60,
    "Species 0 top fitness": -1662.085189714801,
    "Species 0 mean fitness": -1701.7816713710997,
    "Species 0 std fitness": 63.89154881799115,
    "Species 0 top animal N hidden neurons": 0,
    "Species 0 top animal N synapses": 3,
    "Species 0 top animal": {
        "neurons": {
            "0": {
                "type": "i",
                "bias": -0.01461880756442982
            },
            "1": {
                "type": "i",
                "bias": 1.1935557756807802
            },
            "2": {
                "type": "i",
                "bias": 0.8268902617167616
            },
            "3": {
                "type": "o",
                "bias": -2.931864539913675
            }
        },
        "synapses": {
            "4": {
                "nrn_to": 3,
                "nrn_from": 0,
                "weight": -2.9906030300136535,
                "active": true
            },
            "5": {
                "nrn_to": 3,
                "nrn_from": 1,
                "weight": 3.0,
                "active": true
            },
            "6": {
                "nrn_to": 3,
                "nrn_from": 2,
                "weight": 0.25042379711168583,
                "active": true
            }
        }
    }
}