{
    "Num species": 3,
    "Species 1 num animals": 22,
    "Species 1 top fitness": -1311.9762834701517,
    "Species 1 mean fitness": -1324.2079093419788,
    "Species 1 std fitness": 27.63152848455685,
    "Species 1 top animal N hidden neurons": 2,
    "Species 1 top animal N synapses": 8,
    "Species 1 top animal": {
        "neurons": {
            "0": {
                "type": "i",
                "bias": null
            },
            "1": {
                "type": "i",
                "bias": null
            },
            "2": {
                "type": "i",
                "bias": null
            },
            "3": {
                "type": "o",
                "bias": null
            },
            "7": {
                "type": "h",
                "bias": -0.27905146523363866
            },
            "16": {
                "type": "h",
                "bias": null
            }
        },
        "synapses": {
            "17": {
                "active": true,
                "nrn_to": 16,
                "nrn_from": 1,
                "weight": 0.9687602804415251
            },
            "18": {
                "active": true,
                "nrn_to": 7,
                "nrn_from": 16,
                "weight": 1.307649488540151
            },
            "19": {
                "active": true,
                "nrn_to": 3,
                "nrn_from": 16,
                "weight": -0.6646069048502503
            },
            "51": {
                "active": true,
                "nrn_to": 16,
                "nrn_from": 0,
                "weight": -0.29938848160319304
            },
            "5": {
                "active": false,
                "nrn_to": 3,
                "nrn_from": 1,
                "weight": 1.3369475133612878
            },
            "8": {
                "active": false,
                "nrn_to": 7,
                "nrn_from": 1,
                "weight": 0.9260414776339836
            },
            "9": {
                "active": true,
                "nrn_to": 3,
                "nrn_from": 7,
                "weight": 0.6490276510563289
            },
            "4": {
                "active": true,
                "nrn_to": 3,
                "nrn_from": 0,
                "weight": -0.03941656890778289
            }
        }
    },
    "Species 2 num animals": 25,
    "Species 2 top fitness": -1309.0061053459563,
    "Species 2 mean fitness": -1314.2444435078444,
    "Species 2 std fitness": 2.9516420409770108,
    "Species 2 top animal N hidden neurons": 2,
    "Species 2 top animal N synapses": 8,
    "Species 2 top animal": {
        "neurons": {
            "0": {
                "type": "i",
                "bias": null
            },
            "1": {
                "type": "i",
                "bias": null
            },
            "2": {
                "type": "i",
                "bias": null
            },
            "3": {
                "type": "o",
                "bias": null
            },
            "47": {
                "type": "h",
                "bias": null
            },
            "20": {
                "type": "h",
                "bias": null
            }
        },
        "synapses": {
            "32": {
                "active": true,
                "nrn_to": 20,
                "nrn_from": 0,
                "weight": 0.8363014644538124
            },
            "48": {
                "active": true,
                "nrn_to": 47,
                "nrn_from": 1,
                "weight": 0.9292119792635226
            },
            "49": {
                "active": true,
                "nrn_to": 20,
                "nrn_from": 47,
                "weight": 1.1566250742179525
            },
            "50": {
                "active": true,
                "nrn_to": 3,
                "nrn_from": 47,
                "weight": -0.6310991258702406
            },
            "5": {
                "active": true,
                "nrn_to": 3,
                "nrn_from": 1,
                "weight": 0.2565605584545356
            },
            "21": {
                "active": false,
                "nrn_to": 20,
                "nrn_from": 1,
                "weight": 0.9101530143640841
            },
            "22": {
                "active": false,
                "nrn_to": 3,
                "nrn_from": 20,
                "weight": -0.04846858705353725
            },
            "85": {
                "active": true,
                "nrn_to": 47,
                "nrn_from": 2,
                "weight": -0.07152459667585542
            }
        }
    },
    "Species 0 num animals": 53,
    "Species 0 top fitness": -1176.9481989443761,
    "Species 0 mean fitness": -1308.541284167718,
    "Species 0 std fitness": 104.95777499884234,
    "Species 0 top animal N hidden neurons": 0,
    "Species 0 top animal N synapses": 3,
    "Species 0 top animal": {
        "neurons": {
            "0": {
                "type": "i",
                "bias": null
            },
            "1": {
                "type": "i",
                "bias": null
            },
            "2": {
                "type": "i",
                "bias": null
            },
            "3": {
                "type": "o",
                "bias": null
            }
        },
        "synapses": {
            "4": {
                "active": true,
                "nrn_to": 3,
                "nrn_from": 0,
                "weight": -0.5883089880381037
            },
            "5": {
                "active": true,
                "nrn_to": 3,
                "nrn_from": 1,
                "weight": 0.20136103054935023
            },
            "6": {
                "active": true,
                "nrn_to": 3,
                "nrn_from": 2,
                "weight": 0.07250221327910895
            }
        }
    }
}