{
    "Num species": 1,
    "Species 0 num animals": 60,
    "Species 0 top fitness": -1656.304638635676,
    "Species 0 mean fitness": -1760.7161132346896,
    "Species 0 std fitness": 121.09731088062385,
    "Species 0 top animal N hidden neurons": 0,
    "Species 0 top animal N synapses": 3,
    "Species 0 top animal": {
        "neurons": {
            "0": {
                "type": "i",
                "bias": -0.04988678091797051
            },
            "1": {
                "type": "i",
                "bias": 0.022213137741128656
            },
            "2": {
                "type": "i",
                "bias": -0.05900970630768848
            },
            "3": {
                "type": "o",
                "bias": -0.16615566006796212
            }
        },
        "synapses": {
            "4": {
                "nrn_to": 3,
                "nrn_from": 0,
                "weight": -0.412637014869802,
                "active": true
            },
            "5": {
                "nrn_to": 3,
                "nrn_from": 2,
                "weight": 0.07092297163610964,
                "active": true
            },
            "6": {
                "nrn_to": 3,
                "nrn_from": 1,
                "weight": 0.3088235780875347,
                "active": true
            }
        }
    }
}