{
    "Num species": 1,
    "Species 0 num animals": 60,
    "Species 0 top fitness": -1654.5833919665677,
    "Species 0 mean fitness": -1689.661054612052,
    "Species 0 std fitness": 42.661715289652925,
    "Species 0 top animal N hidden neurons": 0,
    "Species 0 top animal N synapses": 3,
    "Species 0 top animal": {
        "neurons": {
            "0": {
                "type": "i",
                "bias": -0.17838622629220868
            },
            "1": {
                "type": "i",
                "bias": 1.0119708251932276
            },
            "2": {
                "type": "i",
                "bias": 0.9314404765651224
            },
            "3": {
                "type": "o",
                "bias": -1.7325489129297196
            }
        },
        "synapses": {
            "4": {
                "nrn_to": 3,
                "nrn_from": 0,
                "weight": -1.960457499290191,
                "active": true
            },
            "5": {
                "nrn_to": 3,
                "nrn_from": 1,
                "weight": 1.7748861908689584,
                "active": true
            },
            "6": {
                "nrn_to": 3,
                "nrn_from": 2,
                "weight": 0.14044289289899178,
                "active": true
            }
        }
    }
}