{
    "Num species": 1,
    "Species 0 num animals": 60,
    "Species 0 top fitness": -1654.6632406392082,
    "Species 0 mean fitness": -1708.5226787326246,
    "Species 0 std fitness": 39.16849887112058,
    "Species 0 top animal N hidden neurons": 0,
    "Species 0 top animal N synapses": 3,
    "Species 0 top animal": {
        "neurons": {
            "0": {
                "type": "i",
                "bias": 0.31153326743753157
            },
            "1": {
                "type": "i",
                "bias": 0.1604655200504731
            },
            "2": {
                "type": "i",
                "bias": 0.06411872263266416
            },
            "3": {
                "type": "o",
                "bias": -0.4596588948059469
            }
        },
        "synapses": {
            "4": {
                "nrn_to": 3,
                "nrn_from": 0,
                "weight": -0.72067075814474,
                "active": true
            },
            "5": {
                "nrn_to": 3,
                "nrn_from": 1,
                "weight": 1.0205024384258472,
                "active": true
            },
            "6": {
                "nrn_to": 3,
                "nrn_from": 2,
                "weight": 0.08636403591534864,
                "active": true
            }
        }
    }
}