{
    "Num species": 1,
    "Species 0 num animals": 60,
    "Species 0 top fitness": -1890.1110905279265,
    "Species 0 mean fitness": -2019.7182113852443,
    "Species 0 std fitness": 139.37528329850673,
    "Species 0 top animal N hidden neurons": 0,
    "Species 0 top animal N synapses": 1,
    "Species 0 top animal": {
        "neurons": {
            "0": {
                "type": "i",
                "bias": 0.18455174854661094
            },
            "1": {
                "type": "i",
                "bias": -0.08187363536313569
            },
            "2": {
                "type": "i",
                "bias": 0.16011998721024429
            },
            "3": {
                "type": "o",
                "bias": 0.019160525144658304
            }
        },
        "synapses": {
            "6": {
                "nrn_to": 3,
                "nrn_from": 2,
                "weight": 0.08524694435360425,
                "active": true
            }
        }
    }
}