{
    "Num species": 1,
    "Species 0 num animals": 60,
    "Species 0 top fitness": -1628.038722314168,
    "Species 0 mean fitness": -1679.2482405098601,
    "Species 0 std fitness": 61.99854898348464,
    "Species 0 top animal N hidden neurons": 0,
    "Species 0 top animal N synapses": 3,
    "Species 0 top animal": {
        "neurons": {
            "0": {
                "type": "i",
                "bias": 0.38333207493723487
            },
            "1": {
                "type": "i",
                "bias": -0.11719654492662593
            },
            "2": {
                "type": "i",
                "bias": -0.03490305294284793
            },
            "3": {
                "type": "o",
                "bias": -0.4065642741866607
            }
        },
        "synapses": {
            "4": {
                "nrn_to": 3,
                "nrn_from": 0,
                "weight": -0.39767015120563076,
                "active": true
            },
            "5": {
                "nrn_to": 3,
                "nrn_from": 1,
                "weight": 0.27992173319761016,
                "active": true
            },
            "6": {
                "nrn_to": 3,
                "nrn_from": 2,
                "weight": 0.02032755912529309,
                "active": true
            }
        }
    }
}