{
    "Num species": 1,
    "Species 0 num animals": 60,
    "Species 0 top fitness": -2070.286434619933,
    "Species 0 mean fitness": -2120.803056728679,
    "Species 0 std fitness": 71.99798299798809,
    "Species 0 top animal N hidden neurons": 0,
    "Species 0 top animal N synapses": 1,
    "Species 0 top animal": {
        "neurons": {
            "0": {
                "type": "i",
                "bias": 0.011397398939231258
            },
            "1": {
                "type": "i",
                "bias": -0.09090982629836711
            },
            "2": {
                "type": "i",
                "bias": 0.05137549793967482
            },
            "3": {
                "type": "o",
                "bias": 0.10942287700180219
            }
        },
        "synapses": {
            "5": {
                "nrn_to": 3,
                "nrn_from": 2,
                "weight": 0.003315901527837066,
                "active": true
            }
        }
    }
}