{
    "Num species": 1,
    "Species 0 num animals": 60,
    "Species 0 top fitness": -1631.7249890034684,
    "Species 0 mean fitness": -1679.8156885249439,
    "Species 0 std fitness": 60.02737399155644,
    "Species 0 top animal N hidden neurons": 0,
    "Species 0 top animal N synapses": 3,
    "Species 0 top animal": {
        "neurons": {
            "0": {
                "type": "i",
                "bias": -0.045199644917652375
            },
            "1": {
                "type": "i",
                "bias": 0.11463882584480836
            },
            "2": {
                "type": "i",
                "bias": -0.04297693334701641
            },
            "3": {
                "type": "o",
                "bias": -0.8458773418581399
            }
        },
        "synapses": {
            "4": {
                "nrn_to": 3,
                "nrn_from": 0,
                "weight": -1.0370144509425625,
                "active": true
            },
            "5": {
                "nrn_to": 3,
                "nrn_from": 2,
                "weight": 0.05907053619860054,
                "active": true
            },
            "6": {
                "nrn_to": 3,
                "nrn_from": 1,
                "weight": 0.4515132488625827,
                "active": true
            }
        }
    }
}