{
    "Num species": 1,
    "Species 0 num animals": 60,
    "Species 0 top fitness": -1967.1533749695393,
    "Species 0 mean fitness": -2003.3910710143389,
    "Species 0 std fitness": 92.56535618465452,
    "Species 0 top animal N hidden neurons": 0,
    "Species 0 top animal N synapses": 0,
    "Species 0 top animal": {
        "neurons": {
            "0": {
                "type": "i",
                "bias": 0.0
            },
            "1": {
                "type": "i",
                "bias": -0.01981605665367989
            },
            "2": {
                "type": "i",
                "bias": -0.04946987487827509
            },
            "3": {
                "type": "o",
                "bias": 0.017661872864160946
            }
        },
        "synapses": {}
    }
}