{
    "Num species": 1,
    "Species 0 num animals": 60,
    "Species 0 top fitness": -1639.9141158924642,
    "Species 0 mean fitness": -1708.538671224453,
    "Species 0 std fitness": 84.15189302956718,
    "Species 0 top animal N hidden neurons": 0,
    "Species 0 top animal N synapses": 3,
    "Species 0 top animal": {
        "neurons": {
            "0": {
                "type": "i",
                "bias": 0.5269020166549019
            },
            "1": {
                "type": "i",
                "bias": 0.39198182729089065
            },
            "2": {
                "type": "i",
                "bias": 1.382692775979751
            },
            "3": {
                "type": "o",
                "bias": -2.8533472503587824
            }
        },
        "synapses": {
            "4": {
                "nrn_to": 3,
                "nrn_from": 0,
                "weight": -2.9703383252818143,
                "active": true
            },
            "5": {
                "nrn_to": 3,
                "nrn_from": 1,
                "weight": 2.9299708583015036,
                "active": true
            },
            "6": {
                "nrn_to": 3,
                "nrn_from": 2,
                "weight": 0.2168954927469648,
                "active": true
            }
        }
    }
}