{
    "Num species": 1,
    "Species 0 num animals": 60,
    "Species 0 top fitness": -1582.1627008233154,
    "Species 0 mean fitness": -1631.2853596835123,
    "Species 0 std fitness": 57.02830175920471,
    "Species 0 top animal N hidden neurons": 0,
    "Species 0 top animal N synapses": 3,
    "Species 0 top animal": {
        "neurons": {
            "0": {
                "type": "i",
                "bias": 0.022468745431485068
            },
            "1": {
                "type": "i",
                "bias": -0.05810864959726535
            },
            "2": {
                "type": "i",
                "bias": -0.06305158099864833
            },
            "3": {
                "type": "o",
                "bias": -0.2755721205964033
            }
        },
        "synapses": {
            "4": {
                "nrn_to": 3,
                "nrn_from": 0,
                "weight": -0.43345403333092913,
                "active": true
            },
            "5": {
                "nrn_to": 3,
                "nrn_from": 1,
                "weight": 0.05366529487311482,
                "active": true
            },
            "6": {
                "nrn_to": 3,
                "nrn_from": 2,
                "weight": 0.05015926724208585,
                "active": true
            }
        }
    }
}