{
    "Num species": 1,
    "Species 0 num animals": 60,
    "Species 0 top fitness": -1641.9175476769813,
    "Species 0 mean fitness": -1696.849395697158,
    "Species 0 std fitness": 51.17077817889841,
    "Species 0 top animal N hidden neurons": 0,
    "Species 0 top animal N synapses": 3,
    "Species 0 top animal": {
        "neurons": {
            "0": {
                "type": "i",
                "bias": 0.08201847391033834
            },
            "1": {
                "type": "i",
                "bias": 0.7240670073269728
            },
            "2": {
                "type": "i",
                "bias": 1.0548731740622872
            },
            "3": {
                "type": "o",
                "bias": -2.641208126014998
            }
        },
        "synapses": {
            "4": {
                "nrn_to": 3,
                "nrn_from": 0,
                "weight": -2.9842010552683984,
                "active": true
            },
            "5": {
                "nrn_to": 3,
                "nrn_from": 1,
                "weight": 3.0,
                "active": true
            },
            "6": {
                "nrn_to": 3,
                "nrn_from": 2,
                "weight": 0.28972232502611667,
                "active": true
            }
        }
    }
}