{
    "Num species": 1,
    "Species 0 num animals": 60,
    "Species 0 top fitness": -1603.4429815671908,
    "Species 0 mean fitness": -1677.883216236041,
    "Species 0 std fitness": 89.55538948848086,
    "Species 0 top animal N hidden neurons": 0,
    "Species 0 top animal N synapses": 3,
    "Species 0 top animal": {
        "neurons": {
            "0": {
                "type": "i",
                "bias": 0.3195059679255032
            },
            "1": {
                "type": "i",
                "bias": 0.028376565333650308
            },
            "2": {
                "type": "i",
                "bias": 0.03186933500941838
            },
            "3": {
                "type": "o",
                "bias": -0.3991223289932895
            }
        },
        "synapses": {
            "4": {
                "nrn_to": 3,
                "nrn_from": 0,
                "weight": -0.4223943450629728,
                "active": true
            },
            "5": {
                "nrn_to": 3,
                "nrn_from": 1,
                "weight": 0.3218943098723759,
                "active": true
            },
            "6": {
                "nrn_to": 3,
                "nrn_from": 2,
                "weight": 0.01910999881956097,
                "active": true
            }
        }
    }
}