{
    "Num species": 1,
    "Species 0 num animals": 60,
    "Species 0 top fitness": -1523.4023580238365,
    "Species 0 mean fitness": -1579.1674932739602,
    "Species 0 std fitness": 45.58063306496578,
    "Species 0 top animal N hidden neurons": 0,
    "Species 0 top animal N synapses": 3,
    "Species 0 top animal": {
        "neurons": {
            "0": {
                "type": "i",
                "bias": -0.48413589396579937
            },
            "1": {
                "type": "i",
                "bias": -0.10130250861035214
            },
            "2": {
                "type": "i",
                "bias": 0.11357967120699336
            },
            "3": {
                "type": "o",
                "bias": -1.1061553522080378
            }
        },
        "synapses": {
            "4": {
                "nrn_to": 3,
                "nrn_from": 0,
                "weight": -1.4253515273045494,
                "active": true
            },
            "5": {
                "nrn_to": 3,
                "nrn_from": 1,
                "weight": 0.6236736412044032,
                "active": true
            },
            "6": {
                "nrn_to": 3,
                "nrn_from": 2,
                "weight": 0.0643797567632454,
                "active": true
            }
        }
    }
}