{
    "Num species": 1,
    "Species 0 num animals": 60,
    "Species 0 top fitness": -1719.2522499475617,
    "Species 0 mean fitness": -1786.7440539468514,
    "Species 0 std fitness": 86.59418890376772,
    "Species 0 top animal N hidden neurons": 0,
    "Species 0 top animal N synapses": 3,
    "Species 0 top animal": {
        "neurons": {
            "0": {
                "type": "i",
                "bias": -0.013708718109627439
            },
            "1": {
                "type": "i",
                "bias": -0.06926239237984108
            },
            "2": {
                "type": "i",
                "bias": 0.020597457324590705
            },
            "3": {
                "type": "o",
                "bias": 0.04847356384469801
            }
        },
        "synapses": {
            "4": {
                "nrn_to": 3,
                "nrn_from": 0,
                "weight": -0.16679128415741923,
                "active": true
            },
            "5": {
                "nrn_to": 3,
                "nrn_from": 1,
                "weight": 0.27232205315613417,
                "active": true
            },
            "6": {
                "nrn_to": 3,
                "nrn_from": 2,
                "weight": 0.0732781710787217,
                "active": true
            }
        }
    }
}