{
    "Num species": 1,
    "Species 0 num animals": 60,
    "Species 0 top fitness": -1554.9892089793545,
    "Species 0 mean fitness": -1594.0774753014462,
    "Species 0 std fitness": 34.44156674367253,
    "Species 0 top animal N hidden neurons": 0,
    "Species 0 top animal N synapses": 3,
    "Species 0 top animal": {
        "neurons": {
            "0": {
                "type": "i",
                "bias": -0.19065669126338786
            },
            "1": {
                "type": "i",
                "bias": -0.022753709772346177
            },
            "2": {
                "type": "i",
                "bias": -0.07000641974837567
            },
            "3": {
                "type": "o",
                "bias": -0.6306560665734822
            }
        },
        "synapses": {
            "4": {
                "nrn_to": 3,
                "nrn_from": 0,
                "weight": -0.667915694693864,
                "active": true
            },
            "5": {
                "nrn_to": 3,
                "nrn_from": 1,
                "weight": 0.4775340599257067,
                "active": true
            },
            "6": {
                "nrn_to": 3,
                "nrn_from": 2,
                "weight": 0.03233140198592049,
                "active": true
            }
        }
    }
}