{
    "Num species": 1,
    "Species 0 num animals": 60,
    "Species 0 top fitness": -1604.369565284339,
    "Species 0 mean fitness": -1686.5898803000537,
    "Species 0 std fitness": 76.48428530259285,
    "Species 0 top animal N hidden neurons": 0,
    "Species 0 top animal N synapses": 3,
    "Species 0 top animal": {
        "neurons": {
            "0": {
                "type": "i",
                "bias": -0.06742079950937921
            },
            "1": {
                "type": "i",
                "bias": 0.15572673165480444
            },
            "2": {
                "type": "i",
                "bias": -0.09585914541906607
            },
            "3": {
                "type": "o",
                "bias": -0.39420817037429023
            }
        },
        "synapses": {
            "4": {
                "nrn_to": 3,
                "nrn_from": 1,
                "weight": 0.7527928722182284,
                "active": true
            },
            "5": {
                "nrn_to": 3,
                "nrn_from": 2,
                "weight": 0.11416525410260757,
                "active": true
            },
            "6": {
                "nrn_to": 3,
                "nrn_from": 0,
                "weight": -0.5691338862563139,
                "active": true
            }
        }
    }
}