{
    "Num species": 1,
    "Species 0 num animals": 60,
    "Species 0 top fitness": -1523.6470504693584,
    "Species 0 mean fitness": -1563.6514490830334,
    "Species 0 std fitness": 34.531113380800235,
    "Species 0 top animal N hidden neurons": 0,
    "Species 0 top animal N synapses": 3,
    "Species 0 top animal": {
        "neurons": {
            "0": {
                "type": "i",
                "bias": -0.0034463257402868944
            },
            "1": {
                "type": "i",
                "bias": 0.6202533974942789
            },
            "2": {
                "type": "i",
                "bias": 0.36009171181502514
            },
            "3": {
                "type": "o",
                "bias": -1.6903575810654614
            }
        },
        "synapses": {
            "4": {
                "nrn_to": 3,
                "nrn_from": 0,
                "weight": -1.6810042549848525,
                "active": true
            },
            "5": {
                "nrn_to": 3,
                "nrn_from": 1,
                "weight": 1.6744388887519353,
                "active": true
            },
            "6": {
                "nrn_to": 3,
                "nrn_from": 2,
                "weight": 0.10597977555740125,
                "active": true
            }
        }
    }
}