{
    "Num species": 1,
    "Species 0 num animals": 60,
    "Species 0 top fitness": -1755.5039399752766,
    "Species 0 mean fitness": -1813.993476638844,
    "Species 0 std fitness": 73.06891199207938,
    "Species 0 top animal N hidden neurons": 0,
    "Species 0 top animal N synapses": 3,
    "Species 0 top animal": {
        "neurons": {
            "0": {
                "type": "i",
                "bias": 0.4372110455196008
            },
            "1": {
                "type": "i",
                "bias": 0.22927310353474284
            },
            "2": {
                "type": "i",
                "bias": -0.20728442440880807
            },
            "3": {
                "type": "o",
                "bias": -0.34697279676563597
            }
        },
        "synapses": {
            "4": {
                "nrn_to": 3,
                "nrn_from": 0,
                "weight": -0.6471624199338288,
                "active": true
            },
            "5": {
                "nrn_to": 3,
                "nrn_from": 1,
                "weight": 0.41758094714464083,
                "active": true
            },
            "6": {
                "nrn_to": 3,
                "nrn_from": 2,
                "weight": 0.10356212544793915,
                "active": true
            }
        }
    }
}