{
    "Num species": 1,
    "Species 0 num animals": 60,
    "Species 0 top fitness": -1593.5227702847972,
    "Species 0 mean fitness": -1626.890290814573,
    "Species 0 std fitness": 42.01000369257367,
    "Species 0 top animal N hidden neurons": 0,
    "Species 0 top animal N synapses": 3,
    "Species 0 top animal": {
        "neurons": {
            "0": {
                "type": "i",
                "bias": 0.07436621267579255
            },
            "1": {
                "type": "i",
                "bias": 0.35073872017823254
            },
            "2": {
                "type": "i",
                "bias": 0.12590696718947464
            },
            "3": {
                "type": "o",
                "bias": -0.7376822705021626
            }
        },
        "synapses": {
            "4": {
                "nrn_to": 3,
                "nrn_from": 2,
                "weight": 0.13517764973510604,
                "active": true
            },
            "5": {
                "nrn_to": 3,
                "nrn_from": 0,
                "weight": -1.107830289753727,
                "active": true
            },
            "6": {
                "nrn_to": 3,
                "nrn_from": 1,
                "weight": 1.163509992910888,
                "active": true
            }
        }
    }
}