{
    "Num species": 1,
    "Species 0 num animals": 60,
    "Species 0 top fitness": -1668.0977555350605,
    "Species 0 mean fitness": -1712.418413243351,
    "Species 0 std fitness": 53.75983006174472,
    "Species 0 top animal N hidden neurons": 0,
    "Species 0 top animal N synapses": 3,
    "Species 0 top animal": {
        "neurons": {
            "0": {
                "type": "i",
                "bias": 0.31537307561061734
            },
            "1": {
                "type": "i",
                "bias": 0.2485760213619132
            },
            "2": {
                "type": "i",
                "bias": 0.10616189197804357
            },
            "3": {
                "type": "o",
                "bias": -0.4496259561912375
            }
        },
        "synapses": {
            "4": {
                "nrn_to": 3,
                "nrn_from": 0,
                "weight": -0.833932489709872,
                "active": true
            },
            "5": {
                "nrn_to": 3,
                "nrn_from": 1,
                "weight": 1.0108011696743513,
                "active": true
            },
            "6": {
                "nrn_to": 3,
                "nrn_from": 2,
                "weight": 0.14472611319857606,
                "active": true
            }
        }
    }
}