{
    "Num species": 1,
    "Species 0 num animals": 60,
    "Species 0 top fitness": -1619.642966220712,
    "Species 0 mean fitness": -1774.5391260430386,
    "Species 0 std fitness": 100.86848866254743,
    "Species 0 top animal N hidden neurons": 1,
    "Species 0 top animal N synapses": 7,
    "Species 0 top animal": {
        "neurons": {
            "0": {
                "type": "i",
                "bias": 0.5324136539616756
            },
            "1": {
                "type": "i",
                "bias": -0.012012771318965915
            },
            "2": {
                "type": "i",
                "bias": 0.1681794966907868
            },
            "3": {
                "type": "o",
                "bias": -0.008727506016928083
            },
            "41": {
                "type": "h",
                "bias": 0.05610266050961787
            }
        },
        "synapses": {
            "4": {
                "nrn_to": 3,
                "nrn_from": 1,
                "weight": 0.3504378741479552,
                "active": true
            },
            "5": {
                "nrn_to": 3,
                "nrn_from": 0,
                "weight": -0.3907533179269527,
                "active": true
            },
            "6": {
                "nrn_to": 3,
                "nrn_from": 2,
                "weight": 0.1389243628542193,
                "active": true
            },
            "56": {
                "nrn_to": 41,
                "nrn_from": 2,
                "weight": 0.3381180936282735,
                "active": true
            },
            "42": {
                "active": true,
                "nrn_to": 41,
                "nrn_from": 0,
                "weight": 1.0371971881709672
            },
            "43": {
                "active": true,
                "nrn_to": 3,
                "nrn_from": 41,
                "weight": -0.2532380992964749
            },
            "51": {
                "nrn_to": 41,
                "nrn_from": 1,
                "weight": -0.2695498619031908,
                "active": true
            }
        }
    }
}