{
    "Num species": 1,
    "Species 0 num animals": 60,
    "Species 0 top fitness": -1598.662968856454,
    "Species 0 mean fitness": -1658.7410263078802,
    "Species 0 std fitness": 68.85137205340368,
    "Species 0 top animal N hidden neurons": 0,
    "Species 0 top animal N synapses": 3,
    "Species 0 top animal": {
        "neurons": {
            "0": {
                "type": "i",
                "bias": -0.14246819174241243
            },
            "1": {
                "type": "i",
                "bias": 1.2673089383575427
            },
            "2": {
                "type": "i",
                "bias": 0.3952811096067788
            },
            "3": {
                "type": "o",
                "bias": -1.6938102742283998
            }
        },
        "synapses": {
            "4": {
                "nrn_to": 3,
                "nrn_from": 0,
                "weight": -1.8190383437638622,
                "active": true
            },
            "5": {
                "nrn_to": 3,
                "nrn_from": 1,
                "weight": 1.7814129634247051,
                "active": true
            },
            "6": {
                "nrn_to": 3,
                "nrn_from": 2,
                "weight": 0.1760687545372255,
                "active": true
            }
        }
    }
}