{
    "Num species": 1,
    "Species 0 num animals": 60,
    "Species 0 top fitness": -1630.881628121485,
    "Species 0 mean fitness": -1679.3652391537519,
    "Species 0 std fitness": 48.24958980386435,
    "Species 0 top animal N hidden neurons": 0,
    "Species 0 top animal N synapses": 3,
    "Species 0 top animal": {
        "neurons": {
            "0": {
                "type": "i",
                "bias": 0.3425669247289294
            },
            "1": {
                "type": "i",
                "bias": 0.06426856203390431
            },
            "2": {
                "type": "i",
                "bias": 0.003102698108794849
            },
            "3": {
                "type": "o",
                "bias": -0.40525309629841455
            }
        },
        "synapses": {
            "4": {
                "nrn_to": 3,
                "nrn_from": 0,
                "weight": -0.72067075814474,
                "active": true
            },
            "5": {
                "nrn_to": 3,
                "nrn_from": 1,
                "weight": 0.5102512192129236,
                "active": true
            },
            "6": {
                "nrn_to": 3,
                "nrn_from": 2,
                "weight": 0.10356212544793915,
                "active": true
            }
        }
    }
}