{
    "Num species": 1,
    "Species 0 num animals": 60,
    "Species 0 top fitness": -1565.3494348695976,
    "Species 0 mean fitness": -1610.750443792151,
    "Species 0 std fitness": 51.00114970545788,
    "Species 0 top animal N hidden neurons": 0,
    "Species 0 top animal N synapses": 3,
    "Species 0 top animal": {
        "neurons": {
            "0": {
                "type": "i",
                "bias": -0.011759621993960873
            },
            "1": {
                "type": "i",
                "bias": 0.7607483811332254
            },
            "2": {
                "type": "i",
                "bias": 0.5373518299862943
            },
            "3": {
                "type": "o",
                "bias": -2.768595920516039
            }
        },
        "synapses": {
            "4": {
                "nrn_to": 3,
                "nrn_from": 0,
                "weight": -3.0,
                "active": true
            },
            "5": {
                "nrn_to": 3,
                "nrn_from": 1,
                "weight": 2.9352636168862722,
                "active": true
            },
            "6": {
                "nrn_to": 3,
                "nrn_from": 2,
                "weight": 0.21354955221753427,
                "active": true
            }
        }
    }
}