{
    "Num species": 1,
    "Species 0 num animals": 60,
    "Species 0 top fitness": -1633.6352977193758,
    "Species 0 mean fitness": -1685.571212969748,
    "Species 0 std fitness": 47.52685108236201,
    "Species 0 top animal N hidden neurons": 0,
    "Species 0 top animal N synapses": 3,
    "Species 0 top animal": {
        "neurons": {
            "0": {
                "type": "i",
                "bias": -0.043664364934014446
            },
            "1": {
                "type": "i",
                "bias": -0.2363569771469468
            },
            "2": {
                "type": "i",
                "bias": 0.0683629233908291
            },
            "3": {
                "type": "o",
                "bias": -0.17879715863059156
            }
        },
        "synapses": {
            "4": {
                "nrn_to": 3,
                "nrn_from": 0,
                "weight": -0.3522164916105851,
                "active": true
            },
            "5": {
                "nrn_to": 3,
                "nrn_from": 1,
                "weight": 0.48548178114058854,
                "active": true
            },
            "6": {
                "nrn_to": 3,
                "nrn_from": 2,
                "weight": 0.09616937643311965,
                "active": true
            }
        }
    }
}