{
    "Num species": 1,
    "Species 0 num animals": 60,
    "Species 0 top fitness": -1611.2711825315853,
    "Species 0 mean fitness": -1739.9089570209085,
    "Species 0 std fitness": 159.1637333937194,
    "Species 0 top animal N hidden neurons": 1,
    "Species 0 top animal N synapses": 6,
    "Species 0 top animal": {
        "neurons": {
            "0": {
                "type": "i",
                "bias": 0.5324136539616756
            },
            "1": {
                "type": "i",
                "bias": -0.11444122853840895
            },
            "2": {
                "type": "i",
                "bias": 0.057672571062254194
            },
            "3": {
                "type": "o",
                "bias": -0.008727506016928083
            },
            "41": {
                "type": "h",
                "bias": 0.03578818899201307
            }
        },
        "synapses": {
            "4": {
                "nrn_to": 3,
                "nrn_from": 1,
                "weight": 0.28946106922007375,
                "active": true
            },
            "5": {
                "nrn_to": 3,
                "nrn_from": 0,
                "weight": -0.41074496450641634,
                "active": true
            },
            "6": {
                "nrn_to": 3,
                "nrn_from": 2,
                "weight": 0.12109141781061589,
                "active": true
            },
            "56": {
                "nrn_to": 41,
                "nrn_from": 2,
                "weight": 0.3381180936282735,
                "active": true
            },
            "42": {
                "active": true,
                "nrn_to": 41,
                "nrn_from": 0,
                "weight": 1.0901929325661022
            },
            "43": {
                "active": true,
                "nrn_to": 3,
                "nrn_from": 41,
                "weight": -0.5621724737263365
            }
        }
    }
}