{
    "Num species": 1,
    "Species 0 num animals": 60,
    "Species 0 top fitness": -1529.5846937243598,
    "Species 0 mean fitness": -1588.1041210402325,
    "Species 0 std fitness": 47.03761169435694,
    "Species 0 top animal N hidden neurons": 0,
    "Species 0 top animal N synapses": 3,
    "Species 0 top animal": {
        "neurons": {
            "0": {
                "type": "i",
                "bias": -0.30253116872711516
            },
            "1": {
                "type": "i",
                "bias": 0.9744734854168734
            },
            "2": {
                "type": "i",
                "bias": 0.7784388460713606
            },
            "3": {
                "type": "o",
                "bias": -1.7689796020390722
            }
        },
        "synapses": {
            "4": {
                "nrn_to": 3,
                "nrn_from": 0,
                "weight": -1.9938175936560556,
                "active": true
            },
            "5": {
                "nrn_to": 3,
                "nrn_from": 1,
                "weight": 1.887832246096957,
                "active": true
            },
            "6": {
                "nrn_to": 3,
                "nrn_from": 2,
                "weight": 0.17716120159328047,
                "active": true
            }
        }
    }
}