{
    "Num species": 1,
    "Species 0 num animals": 60,
    "Species 0 top fitness": -1657.5813041803442,
    "Species 0 mean fitness": -1734.3972638833743,
    "Species 0 std fitness": 124.64537990112866,
    "Species 0 top animal N hidden neurons": 0,
    "Species 0 top animal N synapses": 3,
    "Species 0 top animal": {
        "neurons": {
            "0": {
                "type": "i",
                "bias": 0.22623976934181153
            },
            "1": {
                "type": "i",
                "bias": -0.029054324798632673
            },
            "2": {
                "type": "i",
                "bias": -0.06917460431884653
            },
            "3": {
                "type": "o",
                "bias": -0.27814122796031626
            }
        },
        "synapses": {
            "4": {
                "nrn_to": 3,
                "nrn_from": 0,
                "weight": -0.43345403333092913,
                "active": true
            },
            "5": {
                "nrn_to": 3,
                "nrn_from": 1,
                "weight": 0.27659573137569515,
                "active": true
            },
            "6": {
                "nrn_to": 3,
                "nrn_from": 2,
                "weight": 0.051605104853158446,
                "active": true
            }
        }
    }
}