{
    "Num species": 1,
    "Species 0 num animals": 60,
    "Species 0 top fitness": -1597.7576322696113,
    "Species 0 mean fitness": -1625.5268966654612,
    "Species 0 std fitness": 43.09603321116277,
    "Species 0 top animal N hidden neurons": 0,
    "Species 0 top animal N synapses": 3,
    "Species 0 top animal": {
        "neurons": {
            "0": {
                "type": "i",
                "bias": 0.24630675086096795
            },
            "1": {
                "type": "i",
                "bias": 1.0281281741066053
            },
            "2": {
                "type": "i",
                "bias": 0.6986098380527551
            },
            "3": {
                "type": "o",
                "bias": -3.0
            }
        },
        "synapses": {
            "4": {
                "nrn_to": 3,
                "nrn_from": 0,
                "weight": -3.0,
                "active": true
            },
            "5": {
                "nrn_to": 3,
                "nrn_from": 1,
                "weight": 2.9488488061005937,
                "active": true
            },
            "6": {
                "nrn_to": 3,
                "nrn_from": 2,
                "weight": 0.18275980013486515,
                "active": true
            }
        }
    }
}