{
    "Num species": 3,
    "Species 1 num animals": 28,
    "Species 1 top fitness": -1255.929529435939,
    "Species 1 mean fitness": -1363.7735915041717,
    "Species 1 std fitness": 153.86005846581398,
    "Species 1 top animal N hidden neurons": 1,
    "Species 1 top animal N synapses": 7,
    "Species 1 top animal": {
        "neurons": {
            "0": {
                "type": "i",
                "bias": -0.17109929324663004
            },
            "1": {
                "type": "i",
                "bias": 0.44755921796495457
            },
            "2": {
                "type": "i",
                "bias": 0.3079358076322362
            },
            "3": {
                "type": "o",
                "bias": 0.009737162582434691
            },
            "81": {
                "type": "h",
                "bias": 0.07982705566795692
            }
        },
        "synapses": {
            "82": {
                "active": true,
                "nrn_to": 81,
                "nrn_from": 0,
                "weight": 1.938024926478029
            },
            "83": {
                "active": true,
                "nrn_to": 3,
                "nrn_from": 81,
                "weight": -3.0
            },
            "4": {
                "nrn_to": 3,
                "nrn_from": 1,
                "weight": 1.8319352603230652,
                "active": true
            },
            "5": {
                "nrn_to": 3,
                "nrn_from": 2,
                "weight": 0.4658455615583305,
                "active": true
            },
            "6": {
                "nrn_to": 3,
                "nrn_from": 0,
                "weight": 0.2656815914249656,
                "active": false
            },
            "84": {
                "nrn_to": 81,
                "nrn_from": 2,
                "weight": 0.38443316210024403,
                "active": true
            },
            "85": {
                "nrn_to": 81,
                "nrn_from": 1,
                "weight": 0.4171486549033372,
                "active": true
            }
        }
    },
    "Species 2 num animals": 17,
    "Species 2 top fitness": -1272.6802424777236,
    "Species 2 mean fitness": -1477.3985476838252,
    "Species 2 std fitness": 212.93355531031025,
    "Species 2 top animal N hidden neurons": 1,
    "Species 2 top animal N synapses": 7,
    "Species 2 top animal": {
        "neurons": {
            "0": {
                "type": "i",
                "bias": -0.35551506476700245
            },
            "1": {
                "type": "i",
                "bias": -0.03613924908334038
            },
            "2": {
                "type": "i",
                "bias": 0.46821997871806664
            },
            "3": {
                "type": "o",
                "bias": -0.45131883753512814
            },
            "81": {
                "type": "h",
                "bias": -0.09402232874803898
            }
        },
        "synapses": {
            "82": {
                "active": true,
                "nrn_to": 81,
                "nrn_from": 0,
                "weight": 2.0880674398205175
            },
            "83": {
                "active": true,
                "nrn_to": 3,
                "nrn_from": 81,
                "weight": -2.9111313990349243
            },
            "4": {
                "nrn_to": 3,
                "nrn_from": 1,
                "weight": 2.9747195641898077,
                "active": true
            },
            "5": {
                "nrn_to": 3,
                "nrn_from": 2,
                "weight": 0.48203460408121657,
                "active": true
            },
            "6": {
                "nrn_to": 3,
                "nrn_from": 0,
                "weight": -0.28320757403772695,
                "active": true
            },
            "84": {
                "nrn_to": 81,
                "nrn_from": 2,
                "weight": 0.43100062534886474,
                "active": true
            },
            "85": {
                "nrn_to": 81,
                "nrn_from": 1,
                "weight": 0.5244315544663954,
                "active": true
            }
        }
    },
    "Species 0 num animals": 15,
    "Species 0 top fitness": -1535.063428827815,
    "Species 0 mean fitness": -1632.2689580890562,
    "Species 0 std fitness": 216.2831496480729,
    "Species 0 top animal N hidden neurons": 1,
    "Species 0 top animal N synapses": 6,
    "Species 0 top animal": {
        "neurons": {
            "0": {
                "type": "i",
                "bias": -0.013316645690436453
            },
            "1": {
                "type": "i",
                "bias": 0.41709989930604296
            },
            "2": {
                "type": "i",
                "bias": -0.13648315104017913
            },
            "3": {
                "type": "o",
                "bias": -0.26750393572974396
            },
            "111": {
                "type": "h",
                "bias": 0.0
            }
        },
        "synapses": {
            "4": {
                "nrn_to": 3,
                "nrn_from": 1,
                "weight": 0.42781491312951464,
                "active": false
            },
            "5": {
                "nrn_to": 3,
                "nrn_from": 2,
                "weight": -0.20646967799953664,
                "active": false
            },
            "6": {
                "nrn_to": 3,
                "nrn_from": 0,
                "weight": -2.986805775241914,
                "active": false
            },
            "112": {
                "active": true,
                "nrn_to": 111,
                "nrn_from": 1,
                "weight": 1.0
            },
            "113": {
                "active": true,
                "nrn_to": 3,
                "nrn_from": 111,
                "weight": 0.45610495326501915
            },
            "114": {
                "nrn_to": 111,
                "nrn_from": 0,
                "weight": 0.5007414643038414,
                "active": true
            }
        }
    }
}