{
    "Num species": 1,
    "Species 0 num animals": 60,
    "Species 0 top fitness": -1675.8230999372777,
    "Species 0 mean fitness": -1777.8802473216392,
    "Species 0 std fitness": 131.50320935746083,
    "Species 0 top animal N hidden neurons": 0,
    "Species 0 top animal N synapses": 3,
    "Species 0 top animal": {
        "neurons": {
            "0": {
                "type": "i",
                "bias": -0.10360586476935878
            },
            "1": {
                "type": "i",
                "bias": -0.03267933190241214
            },
            "2": {
                "type": "i",
                "bias": 0.011575117544796665
            },
            "3": {
                "type": "o",
                "bias": -0.05498467003895366
            }
        },
        "synapses": {
            "4": {
                "nrn_to": 3,
                "nrn_from": 0,
                "weight": -0.2799141994429632,
                "active": true
            },
            "5": {
                "nrn_to": 3,
                "nrn_from": 2,
                "weight": 0.0920972432284859,
                "active": true
            },
            "6": {
                "nrn_to": 3,
                "nrn_from": 1,
                "weight": 0.5163295787194025,
                "active": true
            }
        }
    }
}