{
    "Num species": 2,
    "Species 1 num animals": 41,
    "Species 1 top fitness": -1674.5037212434297,
    "Species 1 mean fitness": -1726.755406264455,
    "Species 1 std fitness": 38.763823349063,
    "Species 1 top animal N hidden neurons": 0,
    "Species 1 top animal N synapses": 3,
    "Species 1 top animal": {
        "neurons": {
            "0": {
                "type": "i",
                "bias": -0.15498774306482216
            },
            "1": {
                "type": "i",
                "bias": 0.09148905493097695
            },
            "2": {
                "type": "i",
                "bias": 0.07089968746195527
            },
            "3": {
                "type": "o",
                "bias": -2.184529867701397
            }
        },
        "synapses": {
            "4": {
                "nrn_to": 3,
                "nrn_from": 0,
                "weight": -2.882420707994495,
                "active": true
            },
            "5": {
                "nrn_to": 3,
                "nrn_from": 1,
                "weight": 0.9911634934930127,
                "active": true
            },
            "6": {
                "nrn_to": 3,
                "nrn_from": 2,
                "weight": 0.16135592251158878,
                "active": true
            }
        }
    },
    "Species 0 num animals": 19,
    "Species 0 top fitness": -1736.0122094166445,
    "Species 0 mean fitness": -1780.0276422077498,
    "Species 0 std fitness": 94.2701367504257,
    "Species 0 top animal N hidden neurons": 0,
    "Species 0 top animal N synapses": 3,
    "Species 0 top animal": {
        "neurons": {
            "0": {
                "type": "i",
                "bias": -0.21347379991722204
            },
            "1": {
                "type": "i",
                "bias": 0.1262178531773455
            },
            "2": {
                "type": "i",
                "bias": -0.0430259831800992
            },
            "3": {
                "type": "o",
                "bias": -1.0922649338506984
            }
        },
        "synapses": {
            "4": {
                "nrn_to": 3,
                "nrn_from": 0,
                "weight": -1.6398292769636993,
                "active": true
            },
            "5": {
                "nrn_to": 3,
                "nrn_from": 1,
                "weight": 1.0701305646803638,
                "active": true
            },
            "6": {
                "nrn_to": 3,
                "nrn_from": 2,
                "weight": 0.16262570825629444,
                "active": true
            }
        }
    }
}