{
    "Num species": 1,
    "Species 0 num animals": 60,
    "Species 0 top fitness": -1612.9078789266641,
    "Species 0 mean fitness": -1672.2054488516544,
    "Species 0 std fitness": 42.06540606348389,
    "Species 0 top animal N hidden neurons": 0,
    "Species 0 top animal N synapses": 3,
    "Species 0 top animal": {
        "neurons": {
            "0": {
                "type": "i",
                "bias": 0.995719136431441
            },
            "1": {
                "type": "i",
                "bias": 0.21280957735146408
            },
            "2": {
                "type": "i",
                "bias": -0.09007949635999524
            },
            "3": {
                "type": "o",
                "bias": -1.3843058583358336
            }
        },
        "synapses": {
            "4": {
                "nrn_to": 3,
                "nrn_from": 0,
                "weight": -1.5201304616734608,
                "active": true
            },
            "5": {
                "nrn_to": 3,
                "nrn_from": 1,
                "weight": 2.4658881485456243,
                "active": true
            },
            "6": {
                "nrn_to": 3,
                "nrn_from": 2,
                "weight": 0.17399179025085595,
                "active": true
            }
        }
    }
}