{
    "Num species": 1,
    "Species 0 num animals": 60,
    "Species 0 top fitness": -1494.961492775898,
    "Species 0 mean fitness": -1551.9861078808685,
    "Species 0 std fitness": 43.31054794590232,
    "Species 0 top animal N hidden neurons": 0,
    "Species 0 top animal N synapses": 3,
    "Species 0 top animal": {
        "neurons": {
            "0": {
                "type": "i",
                "bias": 0.16542778089720245
            },
            "1": {
                "type": "i",
                "bias": 0.50097408485571
            },
            "2": {
                "type": "i",
                "bias": 0.06483399862419209
            },
            "3": {
                "type": "o",
                "bias": -1.5093955459987214
            }
        },
        "synapses": {
            "4": {
                "nrn_to": 3,
                "nrn_from": 0,
                "weight": -1.5695905619783,
                "active": true
            },
            "5": {
                "nrn_to": 3,
                "nrn_from": 1,
                "weight": 1.2511801616726224,
                "active": true
            },
            "6": {
                "nrn_to": 3,
                "nrn_from": 2,
                "weight": 0.1043940822083719,
                "active": true
            }
        }
    }
}