{
    "Num species": 1,
    "Species 0 num animals": 60,
    "Species 0 top fitness": -1560.780577482981,
    "Species 0 mean fitness": -1605.6175413500205,
    "Species 0 std fitness": 61.95990905192979,
    "Species 0 top animal N hidden neurons": 0,
    "Species 0 top animal N synapses": 3,
    "Species 0 top animal": {
        "neurons": {
            "0": {
                "type": "i",
                "bias": -0.17889380258845958
            },
            "1": {
                "type": "i",
                "bias": 1.3919532861993693
            },
            "2": {
                "type": "i",
                "bias": 0.6202522197087135
            },
            "3": {
                "type": "o",
                "bias": -2.750313189912074
            }
        },
        "synapses": {
            "4": {
                "nrn_to": 3,
                "nrn_from": 0,
                "weight": -3.0,
                "active": true
            },
            "5": {
                "nrn_to": 3,
                "nrn_from": 1,
                "weight": 2.944988523134866,
                "active": true
            },
            "6": {
                "nrn_to": 3,
                "nrn_from": 2,
                "weight": 0.21354955221753427,
                "active": true
            }
        }
    }
}