{
    "Num species": 1,
    "Species 0 num animals": 60,
    "Species 0 top fitness": -1676.6142368467697,
    "Species 0 mean fitness": -1750.8812389038478,
    "Species 0 std fitness": 76.49911701963214,
    "Species 0 top animal N hidden neurons": 0,
    "Species 0 top animal N synapses": 3,
    "Species 0 top animal": {
        "neurons": {
            "0": {
                "type": "i",
                "bias": 0.04562947081083375
            },
            "1": {
                "type": "i",
                "bias": 0.044945278824551446
            },
            "2": {
                "type": "i",
                "bias": 0.0011942658622601052
            },
            "3": {
                "type": "o",
                "bias": -0.23410121713044946
            }
        },
        "synapses": {
            "4": {
                "nrn_to": 3,
                "nrn_from": 0,
                "weight": -0.4022558948118825,
                "active": true
            },
            "5": {
                "nrn_to": 3,
                "nrn_from": 2,
                "weight": 0.10329917933190312,
                "active": true
            },
            "6": {
                "nrn_to": 3,
                "nrn_from": 1,
                "weight": 0.6517906766944904,
                "active": true
            }
        }
    }
}