{
    "Num species": 1,
    "Species 0 num animals": 60,
    "Species 0 top fitness": -1675.5265964619755,
    "Species 0 mean fitness": -1790.3559644601644,
    "Species 0 std fitness": 211.33252625757967,
    "Species 0 top animal N hidden neurons": 0,
    "Species 0 top animal N synapses": 0,
    "Species 0 top animal": {
        "neurons": {
            "0": {
                "type": "i",
                "bias": -0.01916705488855985
            },
            "1": {
                "type": "i",
                "bias": -0.005749347491002563
            },
            "2": {
                "type": "i",
                "bias": 0.01440992966358039
            },
            "3": {
                "type": "o",
                "bias": 0.022296324695282966
            }
        },
        "synapses": {}
    }
}