{
    "Num species": 1,
    "Species 0 num animals": 60,
    "Species 0 top fitness": -1622.8311796362977,
    "Species 0 mean fitness": -1696.8733499460238,
    "Species 0 std fitness": 66.11002082796087,
    "Species 0 top animal N hidden neurons": 0,
    "Species 0 top animal N synapses": 3,
    "Species 0 top animal": {
        "neurons": {
            "0": {
                "type": "i",
                "bias": 0.14694951530342434
            },
            "1": {
                "type": "i",
                "bias": -0.04365573892383706
            },
            "2": {
                "type": "i",
                "bias": 0.021600560831595804
            },
            "3": {
                "type": "o",
                "bias": -0.22037655228823577
            }
        },
        "synapses": {
            "4": {
                "nrn_to": 3,
                "nrn_from": 0,
                "weight": -0.3699568918644647,
                "active": true
            },
            "5": {
                "nrn_to": 3,
                "nrn_from": 1,
                "weight": 0.46163840710055437,
                "active": true
            },
            "6": {
                "nrn_to": 3,
                "nrn_from": 2,
                "weight": 0.059194079666848524,
                "active": true
            }
        }
    }
}