{
    "Num species": 1,
    "Species 0 num animals": 60,
    "Species 0 top fitness": -1607.9061016968078,
    "Species 0 mean fitness": -1688.2581751549556,
    "Species 0 std fitness": 66.50956769637698,
    "Species 0 top animal N hidden neurons": 0,
    "Species 0 top animal N synapses": 3,
    "Species 0 top animal": {
        "neurons": {
            "0": {
                "type": "i",
                "bias": -0.12337109566659285
            },
            "1": {
                "type": "i",
                "bias": -0.02518280922534996
            },
            "2": {
                "type": "i",
                "bias": 0.11955488220123886
            },
            "3": {
                "type": "o",
                "bias": -1.0890860172975174
            }
        },
        "synapses": {
            "4": {
                "nrn_to": 3,
                "nrn_from": 0,
                "weight": -1.536966408619824,
                "active": true
            },
            "5": {
                "nrn_to": 3,
                "nrn_from": 1,
                "weight": 0.6492809851057005,
                "active": true
            },
            "6": {
                "nrn_to": 3,
                "nrn_from": 2,
                "weight": 0.11224243303615888,
                "active": true
            }
        }
    }
}