{
    "Num species": 1,
    "Species 0 num animals": 60,
    "Species 0 top fitness": -1591.3782223973058,
    "Species 0 mean fitness": -1652.166825181381,
    "Species 0 std fitness": 72.35412510075325,
    "Species 0 top animal N hidden neurons": 0,
    "Species 0 top animal N synapses": 3,
    "Species 0 top animal": {
        "neurons": {
            "0": {
                "type": "i",
                "bias": -0.26606853280033144
            },
            "1": {
                "type": "i",
                "bias": 1.022060396578248
            },
            "2": {
                "type": "i",
                "bias": 0.6721305561723335
            },
            "3": {
                "type": "o",
                "bias": -1.7689796020390722
            }
        },
        "synapses": {
            "4": {
                "nrn_to": 3,
                "nrn_from": 0,
                "weight": -1.9868698741770707,
                "active": true
            },
            "5": {
                "nrn_to": 3,
                "nrn_from": 1,
                "weight": 1.887832246096957,
                "active": true
            },
            "6": {
                "nrn_to": 3,
                "nrn_from": 2,
                "weight": 0.14044289289899178,
                "active": true
            }
        }
    }
}