{
    "Num species": 1,
    "Species 0 num animals": 60,
    "Species 0 top fitness": -1696.776067176442,
    "Species 0 mean fitness": -1719.3111884600269,
    "Species 0 std fitness": 29.679264931342487,
    "Species 0 top animal N hidden neurons": 0,
    "Species 0 top animal N synapses": 3,
    "Species 0 top animal": {
        "neurons": {
            "0": {
                "type": "i",
                "bias": -0.3862162291550702
            },
            "1": {
                "type": "i",
                "bias": 2.550257605448024
            },
            "2": {
                "type": "i",
                "bias": 0.7315754995012121
            },
            "3": {
                "type": "o",
                "bias": -2.832410310999186
            }
        },
        "synapses": {
            "4": {
                "nrn_to": 3,
                "nrn_from": 0,
                "weight": -2.976942825373798,
                "active": true
            },
            "5": {
                "nrn_to": 3,
                "nrn_from": 1,
                "weight": 3.0,
                "active": true
            },
            "6": {
                "nrn_to": 3,
                "nrn_from": 2,
                "weight": 0.2744960095581147,
                "active": true
            }
        }
    }
}