{
    "Num species": 1,
    "Species 0 num animals": 60,
    "Species 0 top fitness": -1720.5234391214992,
    "Species 0 mean fitness": -1762.8109298178408,
    "Species 0 std fitness": 29.385055240391367,
    "Species 0 top animal N hidden neurons": 0,
    "Species 0 top animal N synapses": 3,
    "Species 0 top animal": {
        "neurons": {
            "0": {
                "type": "i",
                "bias": -0.045199644917652375
            },
            "1": {
                "type": "i",
                "bias": 0.1324223923620502
            },
            "2": {
                "type": "i",
                "bias": -0.18082592194509775
            },
            "3": {
                "type": "o",
                "bias": -0.4273019877383643
            }
        },
        "synapses": {
            "4": {
                "nrn_to": 3,
                "nrn_from": 0,
                "weight": -0.6301354231940753,
                "active": true
            },
            "5": {
                "nrn_to": 3,
                "nrn_from": 2,
                "weight": 0.10854311325707994,
                "active": true
            },
            "6": {
                "nrn_to": 3,
                "nrn_from": 1,
                "weight": 0.6521841426342345,
                "active": true
            }
        }
    }
}