{
    "Num species": 1,
    "Species 0 num animals": 60,
    "Species 0 top fitness": -1456.0711799460178,
    "Species 0 mean fitness": -1543.1033263211377,
    "Species 0 std fitness": 109.99528220173633,
    "Species 0 top animal N hidden neurons": 0,
    "Species 0 top animal N synapses": 3,
    "Species 0 top animal": {
        "neurons": {
            "0": {
                "type": "i",
                "bias": 0.01168864771716057
            },
            "1": {
                "type": "i",
                "bias": 0.012302097850918663
            },
            "2": {
                "type": "i",
                "bias": -0.04933552367766493
            },
            "3": {
                "type": "o",
                "bias": -0.1936416037035189
            }
        },
        "synapses": {
            "4": {
                "nrn_to": 3,
                "nrn_from": 0,
                "weight": -0.30011343202547724,
                "active": true
            },
            "5": {
                "nrn_to": 3,
                "nrn_from": 1,
                "weight": 0.1798092398790059,
                "active": true
            },
            "6": {
                "nrn_to": 3,
                "nrn_from": 2,
                "weight": 0.04077931598949143,
                "active": true
            }
        }
    }
}