{
    "Num species": 1,
    "Species 0 num animals": 60,
    "Species 0 top fitness": -1592.6917917167075,
    "Species 0 mean fitness": -1635.1496687633407,
    "Species 0 std fitness": 34.42790334639659,
    "Species 0 top animal N hidden neurons": 0,
    "Species 0 top animal N synapses": 3,
    "Species 0 top animal": {
        "neurons": {
            "0": {
                "type": "i",
                "bias": 0.4690192071299583
            },
            "1": {
                "type": "i",
                "bias": 1.6024965272004166
            },
            "2": {
                "type": "i",
                "bias": 0.10776392934570445
            },
            "3": {
                "type": "o",
                "bias": -1.105562957275318
            }
        },
        "synapses": {
            "4": {
                "nrn_to": 3,
                "nrn_from": 2,
                "weight": 0.10127784461384962,
                "active": true
            },
            "5": {
                "nrn_to": 3,
                "nrn_from": 0,
                "weight": -1.2391034000186814,
                "active": true
            },
            "6": {
                "nrn_to": 3,
                "nrn_from": 1,
                "weight": 1.3590794527376453,
                "active": true
            }
        }
    }
}