{
    "Num species": 1,
    "Species 0 num animals": 60,
    "Species 0 top fitness": -1733.940811065242,
    "Species 0 mean fitness": -1816.2120462940788,
    "Species 0 std fitness": 193.29633124755847,
    "Species 0 top animal N hidden neurons": 0,
    "Species 0 top animal N synapses": 0,
    "Species 0 top animal": {
        "neurons": {
            "0": {
                "type": "i",
                "bias": -0.006549742373626215
            },
            "1": {
                "type": "i",
                "bias": -0.005749347491002563
            },
            "2": {
                "type": "i",
                "bias": -0.005588556823953383
            },
            "3": {
                "type": "o",
                "bias": 0.022296324695282966
            }
        },
        "synapses": {}
    }
}