{
    "Num species": 1,
    "Species 0 num animals": 60,
    "Species 0 top fitness": -1658.6626307494994,
    "Species 0 mean fitness": -1711.9256099609584,
    "Species 0 std fitness": 49.35547562270159,
    "Species 0 top animal N hidden neurons": 0,
    "Species 0 top animal N synapses": 3,
    "Species 0 top animal": {
        "neurons": {
            "0": {
                "type": "i",
                "bias": 0.7771596599688032
            },
            "1": {
                "type": "i",
                "bias": 0.06709038036892193
            },
            "2": {
                "type": "i",
                "bias": -0.09450473015307644
            },
            "3": {
                "type": "o",
                "bias": -0.34697279676563597
            }
        },
        "synapses": {
            "4": {
                "nrn_to": 3,
                "nrn_from": 0,
                "weight": -0.797393110853131,
                "active": true
            },
            "5": {
                "nrn_to": 3,
                "nrn_from": 1,
                "weight": 0.47119361283060374,
                "active": true
            },
            "6": {
                "nrn_to": 3,
                "nrn_from": 2,
                "weight": 0.08277834119084108,
                "active": true
            }
        }
    }
}