{
    "Num species": 1,
    "Species 0 num animals": 60,
    "Species 0 top fitness": -1631.5761562698508,
    "Species 0 mean fitness": -1691.3864819697378,
    "Species 0 std fitness": 55.71628839358113,
    "Species 0 top animal N hidden neurons": 0,
    "Species 0 top animal N synapses": 3,
    "Species 0 top animal": {
        "neurons": {
            "0": {
                "type": "i",
                "bias": 0.4495580897655892
            },
            "1": {
                "type": "i",
                "bias": 0.10292960989808486
            },
            "2": {
                "type": "i",
                "bias": -0.16985368756928484
            },
            "3": {
                "type": "o",
                "bias": -0.2760641554476803
            }
        },
        "synapses": {
            "4": {
                "nrn_to": 3,
                "nrn_from": 0,
                "weight": -0.4004063619836684,
                "active": true
            },
            "5": {
                "nrn_to": 3,
                "nrn_from": 1,
                "weight": 0.44701920587180943,
                "active": true
            },
            "6": {
                "nrn_to": 3,
                "nrn_from": 2,
                "weight": 0.05887915372864636,
                "active": true
            }
        }
    }
}