{
    "Num species": 2,
    "Species 1 num animals": 41,
    "Species 1 top fitness": -1449.5674188415676,
    "Species 1 mean fitness": -1527.4006036963615,
    "Species 1 std fitness": 84.66876263914715,
    "Species 1 top animal N hidden neurons": 1,
    "Species 1 top animal N synapses": 7,
    "Species 1 top animal": {
        "neurons": {
            "0": {
                "type": "i",
                "bias": -0.1787969166203043
            },
            "1": {
                "type": "i",
                "bias": 0.590856955608096
            },
            "2": {
                "type": "i",
                "bias": 0.12241932851965603
            },
            "3": {
                "type": "o",
                "bias": -0.5392708169690427
            },
            "81": {
                "type": "h",
                "bias": 0.051148586695622715
            }
        },
        "synapses": {
            "82": {
                "active": true,
                "nrn_to": 81,
                "nrn_from": 0,
                "weight": 1.8994776980897963
            },
            "83": {
                "active": true,
                "nrn_to": 3,
                "nrn_from": 81,
                "weight": -2.9661858870368927
            },
            "4": {
                "nrn_to": 3,
                "nrn_from": 1,
                "weight": 1.7732526821769439,
                "active": true
            },
            "5": {
                "nrn_to": 3,
                "nrn_from": 2,
                "weight": 0.38291654917621853,
                "active": true
            },
            "6": {
                "nrn_to": 3,
                "nrn_from": 0,
                "weight": 0.2656815914249656,
                "active": true
            },
            "84": {
                "nrn_to": 81,
                "nrn_from": 2,
                "weight": 0.303090211277659,
                "active": true
            },
            "85": {
                "nrn_to": 81,
                "nrn_from": 1,
                "weight": 0.17465435700338613,
                "active": false
            }
        }
    },
    "Species 0 num animals": 19,
    "Species 0 top fitness": -1698.5613266277117,
    "Species 0 mean fitness": -1731.1079315069348,
    "Species 0 std fitness": 138.0610682487021,
    "Species 0 top animal N hidden neurons": 1,
    "Species 0 top animal N synapses": 6,
    "Species 0 top animal": {
        "neurons": {
            "0": {
                "type": "i",
                "bias": -0.15083398769574086
            },
            "1": {
                "type": "i",
                "bias": 0.15866257813114854
            },
            "2": {
                "type": "i",
                "bias": -0.1446714342888858
            },
            "3": {
                "type": "o",
                "bias": -0.7023902216199521
            },
            "81": {
                "type": "h",
                "bias": 0.1963079793315529
            }
        },
        "synapses": {
            "82": {
                "active": false,
                "nrn_to": 81,
                "nrn_from": 0,
                "weight": 0.7464648138687215
            },
            "83": {
                "active": true,
                "nrn_to": 3,
                "nrn_from": 81,
                "weight": -0.3785084262192252
            },
            "4": {
                "nrn_to": 3,
                "nrn_from": 1,
                "weight": 0.592698536406552,
                "active": false
            },
            "5": {
                "nrn_to": 3,
                "nrn_from": 2,
                "weight": -0.1980090647576238,
                "active": false
            },
            "6": {
                "nrn_to": 3,
                "nrn_from": 0,
                "weight": -1.2929974251307728,
                "active": false
            },
            "84": {
                "nrn_to": 81,
                "nrn_from": 2,
                "weight": -0.43134493636280136,
                "active": true
            }
        }
    }
}