{
    "Num species": 1,
    "Species 0 num animals": 60,
    "Species 0 top fitness": -1996.8367686074323,
    "Species 0 mean fitness": -2044.6958796956574,
    "Species 0 std fitness": 107.78419955117043,
    "Species 0 top animal N hidden neurons": 0,
    "Species 0 top animal N synapses": 1,
    "Species 0 top animal": {
        "neurons": {
            "0": {
                "type": "i",
                "bias": -0.03404250106122229
            },
            "1": {
                "type": "i",
                "bias": -0.09090982629836711
            },
            "2": {
                "type": "i",
                "bias": 0.020967241514067758
            },
            "3": {
                "type": "o",
                "bias": 0.022296324695282966
            }
        },
        "synapses": {
            "6": {
                "nrn_to": 3,
                "nrn_from": 0,
                "weight": -0.38729281323607934,
                "active": true
            }
        }
    }
}