{
    "Num species": 1,
    "Species 0 num animals": 60,
    "Species 0 top fitness": -1703.3448759417622,
    "Species 0 mean fitness": -1722.1490512226483,
    "Species 0 std fitness": 32.88998333779058,
    "Species 0 top animal N hidden neurons": 0,
    "Species 0 top animal N synapses": 3,
    "Species 0 top animal": {
        "neurons": {
            "0": {
                "type": "i",
                "bias": -0.5256734429513119
            },
            "1": {
                "type": "i",
                "bias": -0.06813476447638771
            },
            "2": {
                "type": "i",
                "bias": -0.051535557373072326
            },
            "3": {
                "type": "o",
                "bias": -0.7161812647393389
            }
        },
        "synapses": {
            "4": {
                "nrn_to": 3,
                "nrn_from": 0,
                "weight": -0.5449904625856714,
                "active": true
            },
            "5": {
                "nrn_to": 3,
                "nrn_from": 1,
                "weight": 0.3331665576850486,
                "active": true
            },
            "6": {
                "nrn_to": 3,
                "nrn_from": 2,
                "weight": 0.043510320736233524,
                "active": true
            }
        }
    }
}