{
    "Num species": 1,
    "Species 0 num animals": 60,
    "Species 0 top fitness": -1705.2179351399786,
    "Species 0 mean fitness": -1768.5599863380828,
    "Species 0 std fitness": 73.27760283657773,
    "Species 0 top animal N hidden neurons": 0,
    "Species 0 top animal N synapses": 3,
    "Species 0 top animal": {
        "neurons": {
            "0": {
                "type": "i",
                "bias": 0.1331038849753087
            },
            "1": {
                "type": "i",
                "bias": -0.04332741170587
            },
            "2": {
                "type": "i",
                "bias": -0.015874839912170927
            },
            "3": {
                "type": "o",
                "bias": -0.051383175404268594
            }
        },
        "synapses": {
            "4": {
                "nrn_to": 3,
                "nrn_from": 0,
                "weight": -0.36917999166348453,
                "active": true
            },
            "5": {
                "nrn_to": 3,
                "nrn_from": 1,
                "weight": 0.15774796913394742,
                "active": true
            },
            "6": {
                "nrn_to": 3,
                "nrn_from": 2,
                "weight": 0.05429886931575556,
                "active": true
            }
        }
    }
}