{
    "Num species": 1,
    "Species 0 num animals": 60,
    "Species 0 top fitness": -1529.303173436911,
    "Species 0 mean fitness": -1568.6789808674307,
    "Species 0 std fitness": 40.476843393360404,
    "Species 0 top animal N hidden neurons": 0,
    "Species 0 top animal N synapses": 3,
    "Species 0 top animal": {
        "neurons": {
            "0": {
                "type": "i",
                "bias": 0.07303994321733309
            },
            "1": {
                "type": "i",
                "bias": 0.5275078064240296
            },
            "2": {
                "type": "i",
                "bias": 0.12034210059095266
            },
            "3": {
                "type": "o",
                "bias": -1.5586093516323476
            }
        },
        "synapses": {
            "4": {
                "nrn_to": 3,
                "nrn_from": 0,
                "weight": -1.5767827677812605,
                "active": true
            },
            "5": {
                "nrn_to": 3,
                "nrn_from": 1,
                "weight": 1.3340267184522872,
                "active": true
            },
            "6": {
                "nrn_to": 3,
                "nrn_from": 2,
                "weight": 0.09577856937325907,
                "active": true
            }
        }
    }
}