{
    "Num species": 1,
    "Species 0 num animals": 60,
    "Species 0 top fitness": -1718.558700948195,
    "Species 0 mean fitness": -1830.4366613160914,
    "Species 0 std fitness": 143.78038900283576,
    "Species 0 top animal N hidden neurons": 0,
    "Species 0 top animal N synapses": 3,
    "Species 0 top animal": {
        "neurons": {
            "0": {
                "type": "i",
                "bias": 0.5122323642263199
            },
            "1": {
                "type": "i",
                "bias": -0.08187363536313569
            },
            "2": {
                "type": "i",
                "bias": 0.1366643097403973
            },
            "3": {
                "type": "o",
                "bias": 0.03832105028931661
            }
        },
        "synapses": {
            "5": {
                "nrn_to": 3,
                "nrn_from": 0,
                "weight": -0.1912100350187257,
                "active": true
            },
            "6": {
                "nrn_to": 3,
                "nrn_from": 2,
                "weight": 0.0654871484033604,
                "active": true
            },
            "4": {
                "nrn_to": 3,
                "nrn_from": 1,
                "weight": 0.35820832736346236,
                "active": true
            }
        }
    }
}