{
    "Num species": 1,
    "Species 0 num animals": 60,
    "Species 0 top fitness": -1469.103555973926,
    "Species 0 mean fitness": -1526.5633618288934,
    "Species 0 std fitness": 70.06263443356134,
    "Species 0 top animal N hidden neurons": 0,
    "Species 0 top animal N synapses": 3,
    "Species 0 top animal": {
        "neurons": {
            "0": {
                "type": "i",
                "bias": -0.3889287947454055
            },
            "1": {
                "type": "i",
                "bias": 1.0096174028653007
            },
            "2": {
                "type": "i",
                "bias": 0.9662585277778856
            },
            "3": {
                "type": "o",
                "bias": -1.7103047331844345
            }
        },
        "synapses": {
            "4": {
                "nrn_to": 3,
                "nrn_from": 0,
                "weight": -1.9380411958022399,
                "active": true
            },
            "5": {
                "nrn_to": 3,
                "nrn_from": 1,
                "weight": 0.9388547673846231,
                "active": true
            },
            "6": {
                "nrn_to": 3,
                "nrn_from": 2,
                "weight": 0.09309639428260928,
                "active": true
            }
        }
    }
}