{
    "Num species": 3,
    "Species 0 num animals": 29,
    "Species 0 top fitness": -20.194097732854186,
    "Species 0 mean fitness": -70.42995452312731,
    "Species 0 std fitness": 37.379236259397985,
    "Species 0 top animal N hidden neurons": 2,
    "Species 0 top animal N synapses": 13,
    "Species 0 top animal": {
        "neurons": {
            "0": {
                "type": "i",
                "bias": -0.017516083345829783
            },
            "1": {
                "type": "i",
                "bias": -0.2530040686399677
            },
            "2": {
                "type": "i",
                "bias": -0.02505707378224717
            },
            "3": {
                "type": "i",
                "bias": -0.21136775150987946
            },
            "4": {
                "type": "i",
                "bias": 0.13426712003609312
            },
            "5": {
                "type": "i",
                "bias": -0.11210844073361059
            },
            "6": {
                "type": "i",
                "bias": 0.04035301839083694
            },
            "7": {
                "type": "i",
                "bias": -0.13335502691041187
            },
            "8": {
                "type": "o",
                "bias": 0.20958928781697955
            },
            "9": {
                "type": "o",
                "bias": -0.056564986901381065
            },
            "10": {
                "type": "o",
                "bias": 0.14798607586859572
            },
            "11": {
                "type": "o",
                "bias": 0.07401579448212925
            },
            "77": {
                "type": "h",
                "bias": 0.04613357565816715
            },
            "48": {
                "type": "h",
                "bias": -0.013585892883912397
            }
        },
        "synapses": {
            "36": {
                "nrn_to": 8,
                "nrn_from": 3,
                "weight": 0.18583481513201622,
                "active": true
            },
            "37": {
                "nrn_to": 11,
                "nrn_from": 5,
                "weight": 2.064213976057963,
                "active": true
            },
            "76": {
                "nrn_to": 48,
                "nrn_from": 6,
                "weight": 0.1232207959840104,
                "active": true
            },
            "14": {
                "nrn_to": 11,
                "nrn_from": 2,
                "weight": -0.5855064034031274,
                "active": true
            },
            "79": {
                "active": false,
                "nrn_to": 48,
                "nrn_from": 77,
                "weight": 0.20871082961540083
            },
            "78": {
                "active": true,
                "nrn_to": 77,
                "nrn_from": 7,
                "weight": 0.994808696834903
            },
            "15": {
                "nrn_to": 10,
                "nrn_from": 6,
                "weight": 0.23616142867323495,
                "active": true
            },
            "49": {
                "active": true,
                "nrn_to": 48,
                "nrn_from": 5,
                "weight": 0.8112676574930843
            },
            "50": {
                "active": true,
                "nrn_to": 11,
                "nrn_from": 48,
                "weight": 0.5362275466445017
            },
            "51": {
                "nrn_to": 48,
                "nrn_from": 7,
                "weight": 0.29957523153840865,
                "active": false
            },
            "22": {
                "nrn_to": 8,
                "nrn_from": 1,
                "weight": 0.1758609672615048,
                "active": true
            },
            "90": {
                "nrn_to": 77,
                "nrn_from": 6,
                "weight": 0.027393550560958997,
                "active": true
            },
            "31": {
                "nrn_to": 9,
                "nrn_from": 0,
                "weight": 0.43637964626998543,
                "active": true
            }
        }
    },
    "Species 1 num animals": 17,
    "Species 1 top fitness": -36.124196232585234,
    "Species 1 mean fitness": -71.47727952597819,
    "Species 1 std fitness": 29.214755785903932,
    "Species 1 top animal N hidden neurons": 2,
    "Species 1 top animal N synapses": 13,
    "Species 1 top animal": {
        "neurons": {
            "0": {
                "type": "i",
                "bias": -0.03996668115238659
            },
            "1": {
                "type": "i",
                "bias": -0.3152147512435611
            },
            "2": {
                "type": "i",
                "bias": 0.03335474844169595
            },
            "3": {
                "type": "i",
                "bias": -0.278334575250538
            },
            "4": {
                "type": "i",
                "bias": 0.1075678486765401
            },
            "5": {
                "type": "i",
                "bias": -0.05755680554600918
            },
            "6": {
                "type": "i",
                "bias": 0.07631127751160122
            },
            "7": {
                "type": "i",
                "bias": -0.14135271930505428
            },
            "8": {
                "type": "o",
                "bias": 0.15931028709044553
            },
            "9": {
                "type": "o",
                "bias": -0.056564986901381065
            },
            "10": {
                "type": "o",
                "bias": 0.07051237290662912
            },
            "11": {
                "type": "o",
                "bias": 0.07401579448212925
            },
            "77": {
                "type": "h",
                "bias": -0.008297770415606621
            },
            "48": {
                "type": "h",
                "bias": 0.0
            }
        },
        "synapses": {
            "36": {
                "nrn_to": 8,
                "nrn_from": 3,
                "weight": 0.3544579464453226,
                "active": true
            },
            "37": {
                "nrn_to": 11,
                "nrn_from": 5,
                "weight": 2.0043699960280246,
                "active": true
            },
            "105": {
                "nrn_to": 10,
                "nrn_from": 77,
                "weight": -0.20745536990711227,
                "active": false
            },
            "76": {
                "nrn_to": 48,
                "nrn_from": 6,
                "weight": -0.03401408512021172,
                "active": true
            },
            "78": {
                "active": true,
                "nrn_to": 77,
                "nrn_from": 7,
                "weight": 1.9428018622298646
            },
            "15": {
                "nrn_to": 10,
                "nrn_from": 6,
                "weight": 0.5538664138510057,
                "active": true
            },
            "14": {
                "nrn_to": 11,
                "nrn_from": 2,
                "weight": -0.32653889461287633,
                "active": true
            },
            "79": {
                "active": false,
                "nrn_to": 48,
                "nrn_from": 77,
                "weight": 0.20871082961540083
            },
            "49": {
                "active": true,
                "nrn_to": 48,
                "nrn_from": 5,
                "weight": 0.7813734628794413
            },
            "50": {
                "active": true,
                "nrn_to": 11,
                "nrn_from": 48,
                "weight": 0.543206644721536
            },
            "51": {
                "nrn_to": 48,
                "nrn_from": 7,
                "weight": 0.4423830860879947,
                "active": true
            },
            "22": {
                "nrn_to": 8,