{
    "Num species": 4,
    "Species 2 num animals": 2,
    "Species 2 top fitness": -127.12842397784361,
    "Species 2 mean fitness": -132.5212768140855,
    "Species 2 std fitness": 5.392852836241893,
    "Species 2 top animal N hidden neurons": 0,
    "Species 2 top animal N synapses": 8,
    "Species 2 top animal": {
        "neurons": {
            "0": {
                "type": "i",
                "bias": 0.2906111958809485
            },
            "1": {
                "type": "i",
                "bias": 0.05433737020972526
            },
            "2": {
                "type": "i",
                "bias": 0.03704750723016835
            },
            "3": {
                "type": "i",
                "bias": 0.049441584926756064
            },
            "4": {
                "type": "i",
                "bias": 0.1514908440213366
            },
            "5": {
                "type": "i",
                "bias": -0.15252872179935742
            },
            "6": {
                "type": "i",
                "bias": -0.0330840617761169
            },
            "7": {
                "type": "i",
                "bias": 0.1329696188613345
            },
            "8": {
                "type": "o",
                "bias": 0.25330168261782926
            },
            "9": {
                "type": "o",
                "bias": 0.2710950050697213
            },
            "10": {
                "type": "o",
                "bias": -0.04695324366136179
            },
            "11": {
                "type": "o",
                "bias": -0.2476265488159196
            }
        },
        "synapses": {
            "36": {
                "nrn_to": 10,
                "nrn_from": 5,
                "weight": -0.37363424859086,
                "active": true
            },
            "37": {
                "nrn_to": 8,
                "nrn_from": 2,
                "weight": 0.20255365401284445,
                "active": false
            },
            "41": {
                "nrn_to": 10,
                "nrn_from": 7,
                "weight": 1.2293841179186675,
                "active": true
            },
            "12": {
                "nrn_to": 10,
                "nrn_from": 3,
                "weight": -0.5961536236713615,
                "active": true
            },
            "51": {
                "nrn_to": 9,
                "nrn_from": 4,
                "weight": -0.11701637863210075,
                "active": false
            },
            "20": {
                "nrn_to": 11,
                "nrn_from": 0,
                "weight": 0.3646559662436131,
                "active": true
            },
            "26": {
                "nrn_to": 9,
                "nrn_from": 2,
                "weight": 0.08892709713121397,
                "active": false
            },
            "30": {
                "nrn_to": 9,
                "nrn_from": 5,
                "weight": -2.3954233573014645,
                "active": true
            }
        }
    },
    "Species 0 num animals": 41,
    "Species 0 top fitness": -57.66589545708583,
    "Species 0 mean fitness": -96.82470803712391,
    "Species 0 std fitness": 61.71997465765569,
    "Species 0 top animal N hidden neurons": 0,
    "Species 0 top animal N synapses": 7,
    "Species 0 top animal": {
        "neurons": {
            "0": {
                "type": "i",
                "bias": 0.2593778489407774
            },
            "1": {
                "type": "i",
                "bias": -0.04105995881841425
            },
            "2": {
                "type": "i",
                "bias": 0.10320875258303153
            },
            "3": {
                "type": "i",
                "bias": 0.001885561128310842
            },
            "4": {
                "type": "i",
                "bias": 0.33654690327177156
            },
            "5": {
                "type": "i",
                "bias": -0.20601008899297021
            },
            "6": {
                "type": "i",
                "bias": 0.0746646765213585
            },
            "7": {
                "type": "i",
                "bias": 0.1317742996155528
            },
            "8": {
                "type": "o",
                "bias": 0.33834975212578305
            },
            "9": {
                "type": "o",
                "bias": 0.2365586619826174
            },
            "10": {
                "type": "o",
                "bias": -0.12457118613327649
            },
            "11": {
                "type": "o",
                "bias": -0.2021332521181008
            }
        },
        "synapses": {
            "51": {
                "nrn_to": 9,
                "nrn_from": 4,
                "weight": 0.09260613552029293,
                "active": false
            },
            "36": {
                "nrn_to": 10,
                "nrn_from": 5,
                "weight": -0.27073933872837813,
                "active": true
            },
            "37": {
                "nrn_to": 8,
                "nrn_from": 2,
                "weight": 0.21334655725332125,
                "active": false
            },
            "20": {
                "nrn_to": 11,
                "nrn_from": 0,
                "weight": 0.625457384831826,
                "active": true
            },
            "41": {
                "nrn_to": 10,
                "nrn_from": 7,
                "weight": 0.39293276887930406,
                "active": true
            },
            "12": {
                "nrn_to": 10,
                "nrn_from": 3,
                "weight": -0.6434241922188045,
                "active": true
            },
            "30": {
                "nrn_to": 9,
                "nrn_from": 5,
                "weight": -1.2299300302723255,
                "active": true
            }
        }
    },
    "Species 1 num animals": 13,
    "Species 1 top fitness": -89.37068346544167,
    "Species 1 mean fitness": -138.45577265949277,
    "Species 1 std fitness": 122.28610038639533,
    "Species 1 top animal N hidden neurons": 1,
    "Species 1 top animal N synapses": 11,
    "Species 1 top animal": {
        "neurons": {
            "0": {
                "type": "i",
                "bias": 5.2743816827585666e-05
            },
            "1": {
                "type": "i",
                "bias": -0.19093175081500668
            },
            "2": {
                "type": "i",
                "bias": -0.02428740961825103
            },
            "3": {
                "type": "i",
                "bias": -0.032316574754145885
            },
            "4": {
                "type": "i",
                "bias": -0.038503133593123795
            },
            "5": {
                "type": "i",
                "bias": 0.8322203561769036
            },
            "6": {
                "type": "i",
                "bias": 0.1416965779987706
            },
            "7": {
                "type": "i",
                "bias": 0.26814653787903564
            },
            "8": {
                "type": "o",
                "bias": 0.44954542214237025
            },
            "9": {
                "type": "o",
                "bias": 0.04733834974674017
            },
            "10": {
                "type": "o",
                "bias": -0.03611007190833139
            },
            "11": {
                "type": "o",
                "bias": 0.04898975402442654
            },
            "84": {
                "type": "h",
                "bias": 0.13677404505562749
            }
        },
        "synapses": {
            "36": {
                "nrn_to": 10,
                "nrn_from": 5,
                "weight": -0.30216898001183357,
                "active": true
            },
            "37": {
                "nrn_to": 8,
                "nrn_from": 2,
                "weight": -0.003730515971363056,