{
    "Num species": 2,
    "Species 1 num animals": 51,
    "Species 1 top fitness": 95.85891023114513,
    "Species 1 mean fitness": -33.912341053516194,
    "Species 1 std fitness": 72.957063418372,
    "Species 1 top animal N hidden neurons": 0,
    "Species 1 top animal N synapses": 6,
    "Species 1 top animal": {
        "neurons": {
            "0": {
                "type": "i",
                "bias": 0.2523781674650014
            },
            "1": {
                "type": "i",
                "bias": -0.08940058762132018
            },
            "2": {
                "type": "i",
                "bias": 0.707915593984784
            },
            "3": {
                "type": "i",
                "bias": -0.14954916016789585
            },
            "4": {
                "type": "i",
                "bias": 0.23863281253126511
            },
            "5": {
                "type": "i",
                "bias": -0.13001208012139848
            },
            "6": {
                "type": "i",
                "bias": -0.022602325858830995
            },
            "7": {
                "type": "i",
                "bias": 0.1315525626998061
            },
            "8": {
                "type": "o",
                "bias": -0.11945244875415727
            },
            "9": {
                "type": "o",
                "bias": -0.11330439879779275
            },
            "10": {
                "type": "o",
                "bias": -0.02769627851031145
            },
            "11": {
                "type": "o",
                "bias": 0.01816942343982171
            }
        },
        "synapses": {
            "16": {
                "nrn_to": 9,
                "nrn_from": 1,
                "weight": 0.207532051748199,
                "active": true
            },
            "33": {
                "nrn_to": 11,
                "nrn_from": 0,
                "weight": -0.043544496165240615,
                "active": true
            },
            "34": {
                "nrn_to": 11,
                "nrn_from": 7,
                "weight": 0.0917462385782341,
                "active": false
            },
            "39": {
                "nrn_to": 11,
                "nrn_from": 4,
                "weight": 1.0030874223266315,
                "active": true
            },
            "24": {
                "nrn_to": 10,
                "nrn_from": 3,
                "weight": -0.2305934535954825,
                "active": true
            },
            "29": {
                "nrn_to": 9,
                "nrn_from": 5,
                "weight": -0.4426833017283199,
                "active": true
            }
        }
    },
    "Species 0 num animals": 9,
    "Species 0 top fitness": -10.268091509706865,
    "Species 0 mean fitness": -51.45853467087784,
    "Species 0 std fitness": 36.4360288887565,
    "Species 0 top animal N hidden neurons": 0,
    "Species 0 top animal N synapses": 8,
    "Species 0 top animal": {
        "neurons": {
            "0": {
                "type": "i",
                "bias": 0.037175367565823736
            },
            "1": {
                "type": "i",
                "bias": -0.0782595984813795
            },
            "2": {
                "type": "i",
                "bias": 0.1714082538278639
            },
            "3": {
                "type": "i",
                "bias": -0.4530906845882283
            },
            "4": {
                "type": "i",
                "bias": 0.23242763936399585
            },
            "5": {
                "type": "i",
                "bias": -0.13125513084367066
            },
            "6": {
                "type": "i",
                "bias": 0.0150869164318694
            },
            "7": {
                "type": "i",
                "bias": -0.21157683527566037
            },
            "8": {
                "type": "o",
                "bias": 0.03510204706648905
            },
            "9": {
                "type": "o",
                "bias": -0.18232230139252623
            },
            "10": {
                "type": "o",
                "bias": -0.1818896088564944
            },
            "11": {
                "type": "o",
                "bias": -0.06182707932644277
            }
        },
        "synapses": {
            "32": {
                "nrn_to": 11,
                "nrn_from": 1,
                "weight": 0.06903306949765173,
                "active": true
            },
            "16": {
                "nrn_to": 9,
                "nrn_from": 1,
                "weight": 0.3474483969703276,
                "active": true
            },
            "34": {
                "nrn_to": 11,
                "nrn_from": 7,
                "weight": 0.3081469956283593,
                "active": true
            },
            "39": {
                "nrn_to": 11,
                "nrn_from": 4,
                "weight": 0.522216063260651,
                "active": true
            },
            "24": {
                "nrn_to": 10,
                "nrn_from": 3,
                "weight": -0.37724246087417845,
                "active": true
            },
            "27": {
                "nrn_to": 10,
                "nrn_from": 0,
                "weight": 0.4973812708304074,
                "active": true
            },
            "29": {
                "nrn_to": 9,
                "nrn_from": 5,
                "weight": -0.4946436959565735,
                "active": true
            },
            "12": {
                "nrn_to": 8,
                "nrn_from": 7,
                "weight": 0.29426044576946514,
                "active": true
            }
        }
    }
}