{
    "Num species": 1,
    "Species 0 num animals": 60,
    "Species 0 top fitness": -94.56890597070888,
    "Species 0 mean fitness": -181.79079223039827,
    "Species 0 std fitness": 136.70565707605545,
    "Species 0 top animal N hidden neurons": 0,
    "Species 0 top animal N synapses": 4,
    "Species 0 top animal": {
        "neurons": {
            "0": {
                "type": "i",
                "bias": 0.0849273187037945
            },
            "1": {
                "type": "i",
                "bias": -0.044400178887709425
            },
            "2": {
                "type": "i",
                "bias": -0.05653939182055734
            },
            "3": {
                "type": "i",
                "bias": 0.03654470174064786
            },
            "4": {
                "type": "i",
                "bias": 0.021906838357527263
            },
            "5": {
                "type": "i",
                "bias": 0.016395459269574583
            },
            "6": {
                "type": "i",
                "bias": 0.039836791516355365
            },
            "7": {
                "type": "i",
                "bias": 0.15857037981831362
            },
            "8": {
                "type": "o",
                "bias": 0.5094372894584884
            },
            "9": {
                "type": "o",
                "bias": 0.03980714734027889
            },
            "10": {
                "type": "o",
                "bias": -0.13881796998694756
            },
            "11": {
                "type": "o",
                "bias": -0.22808092863226864
            }
        },
        "synapses": {
            "12": {
                "nrn_to": 10,
                "nrn_from": 3,
                "weight": -0.4706906904641601,
                "active": true
            },
            "20": {
                "nrn_to": 11,
                "nrn_from": 0,
                "weight": 0.43727686669623367,
                "active": true
            },
            "36": {
                "nrn_to": 10,
                "nrn_from": 5,
                "weight": -0.43999930689562916,
                "active": true
            },
            "37": {
                "nrn_to": 8,
                "nrn_from": 2,
                "weight": 0.13429567211462418,
                "active": true
            }
        }
    }
}