{
    "Num species": 4,
    "Species 0 num animals": 12,
    "Species 0 top fitness": -38.77080354092452,
    "Species 0 mean fitness": -94.87650151476483,
    "Species 0 std fitness": 48.22087120972123,
    "Species 0 top animal N hidden neurons": 0,
    "Species 0 top animal N synapses": 12,
    "Species 0 top animal": {
        "neurons": {
            "0": {
                "type": "i",
                "bias": 0.2266803460297624
            },
            "1": {
                "type": "i",
                "bias": -0.12300585221549543
            },
            "2": {
                "type": "i",
                "bias": 0.1894701958163877
            },
            "3": {
                "type": "i",
                "bias": 0.10680664425281412
            },
            "4": {
                "type": "i",
                "bias": 0.6007758867986942
            },
            "5": {
                "type": "i",
                "bias": -0.08941617222866821
            },
            "6": {
                "type": "i",
                "bias": -0.6086788361025394
            },
            "7": {
                "type": "i",
                "bias": -0.11571373931391511
            },
            "8": {
                "type": "o",
                "bias": -0.09318755720897887
            },
            "9": {
                "type": "o",
                "bias": -0.18768179154475398
            },
            "10": {
                "type": "o",
                "bias": 0.10381611684280512
            },
            "11": {
                "type": "o",
                "bias": 0.09968161949629104
            }
        },
        "synapses": {
            "33": {
                "nrn_to": 11,
                "nrn_from": 5,
                "weight": 0.2594303367032954,
                "active": true
            },
            "37": {
                "nrn_to": 10,
                "nrn_from": 6,
                "weight": -0.1205520605425037,
                "active": true
            },
            "38": {
                "nrn_to": 9,
                "nrn_from": 3,
                "weight": -0.14540264554149562,
                "active": false
            },
            "39": {
                "nrn_to": 10,
                "nrn_from": 5,
                "weight": -0.3729949694439608,
                "active": true
            },
            "43": {
                "nrn_to": 8,
                "nrn_from": 0,
                "weight": -0.018341527535695915,
                "active": false
            },
            "12": {
                "nrn_to": 9,
                "nrn_from": 4,
                "weight": -0.8844941135146664,
                "active": true
            },
            "13": {
                "nrn_to": 9,
                "nrn_from": 2,
                "weight": 0.5035813097817611,
                "active": true
            },
            "17": {
                "nrn_to": 8,
                "nrn_from": 6,
                "weight": -0.526366304782891,
                "active": false
            },
            "21": {
                "nrn_to": 8,
                "nrn_from": 1,
                "weight": 0.26483461216808085,
                "active": true
            },
            "53": {
                "nrn_to": 11,
                "nrn_from": 7,
                "weight": 0.46016360144672536,
                "active": true
            },
            "23": {
                "nrn_to": 8,
                "nrn_from": 7,
                "weight": -0.6303574491018528,
                "active": true
            },
            "29": {
                "nrn_to": 11,
                "nrn_from": 4,
                "weight": 0.531852759848217,
                "active": true
            }
        }
    },
    "Species 3 num animals": 21,
    "Species 3 top fitness": -28.132780605972126,
    "Species 3 mean fitness": -87.615432795739,
    "Species 3 std fitness": 90.00600707555698,
    "Species 3 top animal N hidden neurons": 0,
    "Species 3 top animal N synapses": 14,
    "Species 3 top animal": {
        "neurons": {
            "0": {
                "type": "i",
                "bias": -0.0692868099021581
            },
            "1": {
                "type": "i",
                "bias": -0.01562636483546791
            },
            "2": {
                "type": "i",
                "bias": 0.4135810223143102
            },
            "3": {
                "type": "i",
                "bias": -0.4733038126944954
            },
            "4": {
                "type": "i",
                "bias": 0.13629185039943312
            },
            "5": {
                "type": "i",
                "bias": -0.4295890833239386
            },
            "6": {
                "type": "i",
                "bias": -0.10783598981208078
            },
            "7": {
                "type": "i",
                "bias": 0.15131008116601963
            },
            "8": {
                "type": "o",
                "bias": -0.11258166508813953
            },
            "9": {
                "type": "o",
                "bias": -0.18269961287008188
            },
            "10": {
                "type": "o",
                "bias": 0.22873517427737625
            },
            "11": {
                "type": "o",
                "bias": 0.3945315144497858
            }
        },
        "synapses": {
            "32": {
                "nrn_to": 9,
                "nrn_from": 5,
                "weight": -0.6821504125112372,
                "active": true
            },
            "33": {
                "nrn_to": 11,
                "nrn_from": 5,
                "weight": 0.36143341213158464,
                "active": true
            },
            "39": {
                "nrn_to": 10,
                "nrn_from": 5,
                "weight": -0.10575037241675772,
                "active": true
            },
            "43": {
                "nrn_to": 8,
                "nrn_from": 0,
                "weight": 0.48708992621268254,
                "active": false
            },
            "12": {
                "nrn_to": 9,
                "nrn_from": 4,
                "weight": -1.7532215459502107,
                "active": true
            },
            "13": {
                "nrn_to": 9,
                "nrn_from": 2,
                "weight": 0.005691698017501759,
                "active": false
            },
            "77": {
                "nrn_to": 10,
                "nrn_from": 2,
                "weight": -0.07906357558636404,
                "active": false
            },
            "17": {
                "nrn_to": 8,
                "nrn_from": 6,
                "weight": -0.10111158022809799,
                "active": true
            },
            "21": {
                "nrn_to": 8,
                "nrn_from": 1,
                "weight": 0.4010153720729829,
                "active": true
            },
            "53": {
                "nrn_to": 11,
                "nrn_from": 7,
                "weight": 0.8652230253860174,
                "active": true
            },
            "23": {
                "nrn_to": 8,
                "nrn_from": 7,
                "weight": -1.6109182831864466,
                "active": true
            },
            "24": {
                "nrn_to": 11,
                "nrn_from": 1,
                "weight": 0.1606217602309341,
                "active": true
            },
            "58": {
                "nrn_to": 8,
                "nrn_from": 5,
                "weight": -0.3061584217538308,
                "active": false
            },
            "29": {
                "nrn_to": 11,
                "nrn_from": 4,
                "weight": 1.7584565056199577,
                "active": true
            }
        }
    },
    "Species 1 num animals": 7,
    "Species 1 top fitness": -35.19904395389967,
    "Species 1 mean fitness": -61.58400384226456,