{
    "Num species": 2,
    "Species 1 num animals": 44,
    "Species 1 top fitness": 28.50207746072167,
    "Species 1 mean fitness": -30.198772604435305,
    "Species 1 std fitness": 55.09370262709972,
    "Species 1 top animal N hidden neurons": 0,
    "Species 1 top animal N synapses": 6,
    "Species 1 top animal": {
        "neurons": {
            "0": {
                "type": "i",
                "bias": 0.314690629941568
            },
            "1": {
                "type": "i",
                "bias": -0.07391412006483211
            },
            "2": {
                "type": "i",
                "bias": 0.7447014629011741
            },
            "3": {
                "type": "i",
                "bias": -0.18694037021850338
            },
            "4": {
                "type": "i",
                "bias": 0.23863281253126511
            },
            "5": {
                "type": "i",
                "bias": -0.07145893899752931
            },
            "6": {
                "type": "i",
                "bias": -0.028112106760878303
            },
            "7": {
                "type": "i",
                "bias": 0.13175484007814178
            },
            "8": {
                "type": "o",
                "bias": -0.11904812251029473
            },
            "9": {
                "type": "o",
                "bias": -0.11330439879779275
            },
            "10": {
                "type": "o",
                "bias": -0.02769627851031145
            },
            "11": {
                "type": "o",
                "bias": 0.01816942343982171
            }
        },
        "synapses": {
            "16": {
                "nrn_to": 9,
                "nrn_from": 1,
                "weight": 0.207532051748199,
                "active": true
            },
            "34": {
                "nrn_to": 11,
                "nrn_from": 7,
                "weight": 0.0917462385782341,
                "active": false
            },
            "39": {
                "nrn_to": 11,
                "nrn_from": 4,
                "weight": 1.0030874223266315,
                "active": true
            },
            "24": {
                "nrn_to": 10,
                "nrn_from": 3,
                "weight": -0.2305934535954825,
                "active": true
            },
            "29": {
                "nrn_to": 9,
                "nrn_from": 5,
                "weight": -0.4426833017283199,
                "active": true
            },
            "33": {
                "nrn_to": 11,
                "nrn_from": 0,
                "weight": -0.13954969018403993,
                "active": true
            }
        }
    },
    "Species 0 num animals": 16,
    "Species 0 top fitness": -17.332707801628544,
    "Species 0 mean fitness": -30.8235757099245,
    "Species 0 std fitness": 6.661484702354329,
    "Species 0 top animal N hidden neurons": 0,
    "Species 0 top animal N synapses": 3,
    "Species 0 top animal": {
        "neurons": {
            "0": {
                "type": "i",
                "bias": 0.07579801801179838
            },
            "1": {
                "type": "i",
                "bias": -0.17290235770808607
            },
            "2": {
                "type": "i",
                "bias": 1.0696626841141608
            },
            "3": {
                "type": "i",
                "bias": -0.47320356144518855
            },
            "4": {
                "type": "i",
                "bias": 0.08259317472798827
            },
            "5": {
                "type": "i",
                "bias": -0.030403911033477737
            },
            "6": {
                "type": "i",
                "bias": 0.050630268345837046
            },
            "7": {
                "type": "i",
                "bias": -0.2504788092483907
            },
            "8": {
                "type": "o",
                "bias": -0.023363594265227862
            },
            "9": {
                "type": "o",
                "bias": 0.04238854510269279
            },
            "10": {
                "type": "o",
                "bias": -0.15881385931548067
            },
            "11": {
                "type": "o",
                "bias": -0.016882439024804324
            }
        },
        "synapses": {
            "24": {
                "nrn_to": 10,
                "nrn_from": 3,
                "weight": -0.37419691147135997,
                "active": true
            },
            "29": {
                "nrn_to": 9,
                "nrn_from": 5,
                "weight": -0.9915870740595707,
                "active": true
            },
            "39": {
                "nrn_to": 11,
                "nrn_from": 4,
                "weight": 0.8678668509806445,
                "active": true
            }
        }
    }
}