{
    "Num species": 4,
    "Species 1 num animals": 6,
    "Species 1 top fitness": 159.11550261133385,
    "Species 1 mean fitness": -44.39980462969183,
    "Species 1 std fitness": 143.08196424339545,
    "Species 1 top animal N hidden neurons": 0,
    "Species 1 top animal N synapses": 12,
    "Species 1 top animal": {
        "neurons": {
            "0": {
                "type": "i",
                "bias": 0.23560610918481062
            },
            "1": {
                "type": "i",
                "bias": -0.07922700609231076
            },
            "2": {
                "type": "i",
                "bias": -0.3612353812097294
            },
            "3": {
                "type": "i",
                "bias": 0.43777947689096475
            },
            "4": {
                "type": "i",
                "bias": 0.7538810011809808
            },
            "5": {
                "type": "i",
                "bias": 0.29765553537566003
            },
            "6": {
                "type": "i",
                "bias": -0.11141911858927386
            },
            "7": {
                "type": "i",
                "bias": -0.10531643941607888
            },
            "8": {
                "type": "o",
                "bias": -0.5548161428600142
            },
            "9": {
                "type": "o",
                "bias": -0.005027515663696932
            },
            "10": {
                "type": "o",
                "bias": 0.11662907480861968
            },
            "11": {
                "type": "o",
                "bias": 0.17567379274949366
            }
        },
        "synapses": {
            "13": {
                "nrn_to": 11,
                "nrn_from": 0,
                "weight": -0.6457526149639705,
                "active": false
            },
            "15": {
                "nrn_to": 11,
                "nrn_from": 5,
                "weight": 0.1954208539274421,
                "active": false
            },
            "16": {
                "nrn_to": 8,
                "nrn_from": 1,
                "weight": 0.3949325075438227,
                "active": false
            },
            "49": {
                "nrn_to": 8,
                "nrn_from": 7,
                "weight": 0.11487124592297039,
                "active": false
            },
            "22": {
                "nrn_to": 9,
                "nrn_from": 0,
                "weight": 0.9839055949004998,
                "active": true
            },
            "23": {
                "nrn_to": 9,
                "nrn_from": 7,
                "weight": -0.4746482404312904,
                "active": true
            },
            "24": {
                "nrn_to": 9,
                "nrn_from": 4,
                "weight": -3.0,
                "active": true
            },
            "25": {
                "nrn_to": 10,
                "nrn_from": 5,
                "weight": -0.044467110266917326,
                "active": false
            },
            "27": {
                "nrn_to": 9,
                "nrn_from": 3,
                "weight": -0.03572885962812925,
                "active": true
            },
            "28": {
                "nrn_to": 11,
                "nrn_from": 3,
                "weight": 0.3164767030771332,
                "active": true
            },
            "30": {
                "nrn_to": 9,
                "nrn_from": 5,
                "weight": -0.6144311999160312,
                "active": true
            },
            "35": {
                "nrn_to": 10,
                "nrn_from": 6,
                "weight": 0.003180963804185713,
                "active": true
            }
        }
    },
    "Species 2 num animals": 7,
    "Species 2 top fitness": 6.826931989084371,
    "Species 2 mean fitness": -44.13979380836195,
    "Species 2 std fitness": 36.75106855416261,
    "Species 2 top animal N hidden neurons": 1,
    "Species 2 top animal N synapses": 13,
    "Species 2 top animal": {
        "neurons": {
            "0": {
                "type": "i",
                "bias": 0.2032873330450753
            },
            "1": {
                "type": "i",
                "bias": 0.02174456582271296
            },
            "2": {
                "type": "i",
                "bias": -0.45090521219481566
            },
            "3": {
                "type": "i",
                "bias": 0.45120105518795506
            },
            "4": {
                "type": "i",
                "bias": 0.07109093362371577
            },
            "5": {
                "type": "i",
                "bias": 0.16000735093765747
            },
            "6": {
                "type": "i",
                "bias": -0.14953348270110392
            },
            "7": {
                "type": "i",
                "bias": -0.35470599298540295
            },
            "8": {
                "type": "o",
                "bias": -0.16193066649833449
            },
            "9": {
                "type": "o",
                "bias": -0.07845573791051311
            },
            "10": {
                "type": "o",
                "bias": 0.08146212709772394
            },
            "11": {
                "type": "o",
                "bias": -0.06820841676243738
            },
            "147": {
                "type": "h",
                "bias": 0.0
            }
        },
        "synapses": {
            "161": {
                "nrn_to": 10,
                "nrn_from": 147,
                "weight": 0.0034949413720047626,
                "active": true
            },
            "34": {
                "nrn_to": 10,
                "nrn_from": 7,
                "weight": 0.22576996007185696,
                "active": true
            },
            "35": {
                "nrn_to": 10,
                "nrn_from": 6,
                "weight": -1.2435326448056319,
                "active": true
            },
            "36": {
                "nrn_to": 11,
                "nrn_from": 4,
                "weight": 2.745538279636468,
                "active": true
            },
            "163": {
                "nrn_to": 147,
                "nrn_from": 4,
                "weight": 0.0051538526298033245,
                "active": false
            },
            "41": {
                "nrn_to": 8,
                "nrn_from": 5,
                "weight": -0.027373123181949042,
                "active": false
            },
            "13": {
                "nrn_to": 11,
                "nrn_from": 0,
                "weight": -0.22356067202450977,
                "active": false
            },
            "15": {
                "nrn_to": 11,
                "nrn_from": 5,
                "weight": 0.6891605015850133,
                "active": true
            },
            "16": {
                "nrn_to": 8,
                "nrn_from": 1,
                "weight": 0.2651021320045288,
                "active": true
            },
            "148": {
                "active": true,
                "nrn_to": 147,
                "nrn_from": 5,
                "weight": 1.103063143145651
            },
            "149": {
                "active": false,
                "nrn_to": 8,
                "nrn_from": 147,
                "weight": -0.5501264128211207
            },
            "23": {
                "nrn_to": 9,
                "nrn_from": 7,
                "weight": 0.2804242512969941,
                "active": false
            },
            "24": {
                "nrn_to": 9,
                "nrn_from": 4,
                "weight": -2.471537061819215,
                "active": true
            }
        }
    },
    "Species 0 num animals": 19,
    "Species 0 top fitness": 211.69843219398746,
    "Species 0 mean fitness": 111.16249744919239,
    "Species 0 std fitness": 76.3078507297083,