{
    "Num species": 2,
    "Species 1 num animals": 9,
    "Species 1 top fitness": -22.399074369986216,
    "Species 1 mean fitness": -91.29510511535332,
    "Species 1 std fitness": 86.77873015149646,
    "Species 1 top animal N hidden neurons": 0,
    "Species 1 top animal N synapses": 8,
    "Species 1 top animal": {
        "neurons": {
            "0": {
                "type": "i",
                "bias": -0.2805191598717948
            },
            "1": {
                "type": "i",
                "bias": 0.11178326307534746
            },
            "2": {
                "type": "i",
                "bias": -0.022634393051542953
            },
            "3": {
                "type": "i",
                "bias": 0.06998802611132024
            },
            "4": {
                "type": "i",
                "bias": -0.03638902210184526
            },
            "5": {
                "type": "i",
                "bias": 0.09395531402909899
            },
            "6": {
                "type": "i",
                "bias": -0.280565804728223
            },
            "7": {
                "type": "i",
                "bias": 0.14698289225931208
            },
            "8": {
                "type": "o",
                "bias": 0.13497039400667887
            },
            "9": {
                "type": "o",
                "bias": -0.02178694065063924
            },
            "10": {
                "type": "o",
                "bias": 0.0685990177876973
            },
            "11": {
                "type": "o",
                "bias": 0.020817183290195225
            }
        },
        "synapses": {
            "40": {
                "nrn_to": 8,
                "nrn_from": 3,
                "weight": 0.5291135981020856,
                "active": true
            },
            "12": {
                "nrn_to": 9,
                "nrn_from": 2,
                "weight": 0.2523696149275151,
                "active": true
            },
            "13": {
                "nrn_to": 8,
                "nrn_from": 7,
                "weight": 0.13591039782830272,
                "active": false
            },
            "18": {
                "nrn_to": 8,
                "nrn_from": 5,
                "weight": 0.2216388498389648,
                "active": true
            },
            "19": {
                "nrn_to": 8,
                "nrn_from": 6,
                "weight": 0.30738288103076594,
                "active": true
            },
            "21": {
                "nrn_to": 8,
                "nrn_from": 1,
                "weight": 0.22482290288604248,
                "active": true
            },
            "22": {
                "nrn_to": 9,
                "nrn_from": 4,
                "weight": -2.4317533582558415,
                "active": true
            },
            "30": {
                "nrn_to": 11,
                "nrn_from": 5,
                "weight": 0.20322807549833227,
                "active": true
            }
        }
    },
    "Species 0 num animals": 51,
    "Species 0 top fitness": 240.57679024893332,
    "Species 0 mean fitness": 100.54851780134688,
    "Species 0 std fitness": 99.156117956026,
    "Species 0 top animal N hidden neurons": 1,
    "Species 0 top animal N synapses": 14,
    "Species 0 top animal": {
        "neurons": {
            "0": {
                "type": "i",
                "bias": 0.44226473553902995
            },
            "1": {
                "type": "i",
                "bias": 0.09990698625840166
            },
            "2": {
                "type": "i",
                "bias": 0.07593262694936306
            },
            "3": {
                "type": "i",
                "bias": 0.10029011932566342
            },
            "4": {
                "type": "i",
                "bias": 0.14846503910487013
            },
            "5": {
                "type": "i",
                "bias": -0.14942410198615053
            },
            "6": {
                "type": "i",
                "bias": -0.054665132194116575
            },
            "7": {
                "type": "i",
                "bias": 0.273564767100038
            },
            "8": {
                "type": "o",
                "bias": 0.101207170607619
            },
            "9": {
                "type": "o",
                "bias": 0.027562658682148113
            },
            "10": {
                "type": "o",
                "bias": -0.019747448966813942
            },
            "11": {
                "type": "o",
                "bias": 0.04619744948201093
            },
            "88": {
                "type": "h",
                "bias": 0.0
            }
        },
        "synapses": {
            "90": {
                "active": true,
                "nrn_to": 11,
                "nrn_from": 88,
                "weight": 0.4600465185287985
            },
            "37": {
                "nrn_to": 11,
                "nrn_from": 2,
                "weight": -0.49334702370813366,
                "active": true
            },
            "40": {
                "nrn_to": 8,
                "nrn_from": 3,
                "weight": 0.2892654685646564,
                "active": true
            },
            "105": {
                "nrn_to": 88,
                "nrn_from": 7,
                "weight": -0.1782325198724023,
                "active": true
            },
            "13": {
                "nrn_to": 8,
                "nrn_from": 7,
                "weight": 0.1561763725801863,
                "active": false
            },
            "15": {
                "nrn_to": 8,
                "nrn_from": 2,
                "weight": -0.3905054069089354,
                "active": true
            },
            "19": {
                "nrn_to": 8,
                "nrn_from": 6,
                "weight": 0.2573766139303882,
                "active": false
            },
            "21": {
                "nrn_to": 8,
                "nrn_from": 1,
                "weight": 0.3210134152579173,
                "active": false
            },
            "22": {
                "nrn_to": 9,
                "nrn_from": 4,
                "weight": -1.1424113737068164,
                "active": true
            },
            "30": {
                "nrn_to": 11,
                "nrn_from": 5,
                "weight": 0.2816163925213166,
                "active": true
            },
            "24": {
                "nrn_to": 10,
                "nrn_from": 3,
                "weight": -0.6131099925058703,
                "active": true
            },
            "89": {
                "active": true,
                "nrn_to": 88,
                "nrn_from": 5,
                "weight": 0.5731944985457157
            },
            "26": {
                "nrn_to": 9,
                "nrn_from": 0,
                "weight": 0.327775520385981,
                "active": true
            },
            "94": {
                "nrn_to": 88,
                "nrn_from": 4,
                "weight": 0.03925181764203069,
                "active": true
            }
        }
    }
}