{
    "Num species": 2,
    "Species 0 num animals": 16,
    "Species 0 top fitness": -42.66185675166847,
    "Species 0 mean fitness": -112.0168312205779,
    "Species 0 std fitness": 58.60753020309429,
    "Species 0 top animal N hidden neurons": 0,
    "Species 0 top animal N synapses": 9,
    "Species 0 top animal": {
        "neurons": {
            "0": {
                "type": "i",
                "bias": 0.5072108805190918
            },
            "1": {
                "type": "i",
                "bias": -0.04593037947505046
            },
            "2": {
                "type": "i",
                "bias": -0.4004824866026164
            },
            "3": {
                "type": "i",
                "bias": 0.3892030869263717
            },
            "4": {
                "type": "i",
                "bias": -0.052826695489507525
            },
            "5": {
                "type": "i",
                "bias": -0.40918534235473364
            },
            "6": {
                "type": "i",
                "bias": 0.11194296476837301
            },
            "7": {
                "type": "i",
                "bias": 0.03780430619927898
            },
            "8": {
                "type": "o",
                "bias": -0.06561811649576445
            },
            "9": {
                "type": "o",
                "bias": 0.03045832989724732
            },
            "10": {
                "type": "o",
                "bias": 0.08917466921690856
            },
            "11": {
                "type": "o",
                "bias": 0.018147446614957728
            }
        },
        "synapses": {
            "32": {
                "nrn_to": 8,
                "nrn_from": 1,
                "weight": 0.19202651405006907,
                "active": true
            },
            "33": {
                "nrn_to": 10,
                "nrn_from": 5,
                "weight": 0.16782215482388507,
                "active": true
            },
            "34": {
                "nrn_to": 8,
                "nrn_from": 6,
                "weight": -0.26825777632977166,
                "active": true
            },
            "36": {
                "nrn_to": 11,
                "nrn_from": 3,
                "weight": -0.04359325526651587,
                "active": false
            },
            "13": {
                "nrn_to": 9,
                "nrn_from": 4,
                "weight": -0.1829054974368311,
                "active": true
            },
            "14": {
                "nrn_to": 8,
                "nrn_from": 5,
                "weight": 0.7300077509662074,
                "active": true
            },
            "22": {
                "nrn_to": 11,
                "nrn_from": 0,
                "weight": -0.3651273993908086,
                "active": true
            },
            "31": {
                "nrn_to": 11,
                "nrn_from": 5,
                "weight": 0.879928879163697,
                "active": true
            },
            "27": {
                "nrn_to": 8,
                "nrn_from": 4,
                "weight": 0.23856051180669283,
                "active": true
            }
        }
    },
    "Species 1 num animals": 44,
    "Species 1 top fitness": 2.218980548435636,
    "Species 1 mean fitness": -69.35477120980892,
    "Species 1 std fitness": 73.1154505928873,
    "Species 1 top animal N hidden neurons": 0,
    "Species 1 top animal N synapses": 11,
    "Species 1 top animal": {
        "neurons": {
            "0": {
                "type": "i",
                "bias": 0.1059507190518927
            },
            "1": {
                "type": "i",
                "bias": 0.026580231714088798
            },
            "2": {
                "type": "i",
                "bias": -0.14233701364720158
            },
            "3": {
                "type": "i",
                "bias": 0.09569795230877341
            },
            "4": {
                "type": "i",
                "bias": -0.3692421037824097
            },
            "5": {
                "type": "i",
                "bias": -0.23261738464961748
            },
            "6": {
                "type": "i",
                "bias": 0.07916267979219568
            },
            "7": {
                "type": "i",
                "bias": -0.03256154393074939
            },
            "8": {
                "type": "o",
                "bias": -0.1447661947885538
            },
            "9": {
                "type": "o",
                "bias": 0.035842521157714954
            },
            "10": {
                "type": "o",
                "bias": 0.08991284711248722
            },
            "11": {
                "type": "o",
                "bias": 0.17021260212043543
            }
        },
        "synapses": {
            "32": {
                "nrn_to": 8,
                "nrn_from": 1,
                "weight": 0.33210333833167877,
                "active": true
            },
            "34": {
                "nrn_to": 8,
                "nrn_from": 6,
                "weight": -0.22529423257118708,
                "active": true
            },
            "37": {
                "nrn_to": 8,
                "nrn_from": 2,
                "weight": 0.06051015206034209,
                "active": true
            },
            "39": {
                "nrn_to": 10,
                "nrn_from": 1,
                "weight": 0.05595778328372718,
                "active": true
            },
            "43": {
                "nrn_to": 9,
                "nrn_from": 1,
                "weight": 0.22132941803328499,
                "active": true
            },
            "13": {
                "nrn_to": 9,
                "nrn_from": 4,
                "weight": -0.3954764005472972,
                "active": true
            },
            "14": {
                "nrn_to": 8,
                "nrn_from": 5,
                "weight": 0.2876921955702949,
                "active": true
            },
            "18": {
                "nrn_to": 9,
                "nrn_from": 3,
                "weight": 0.2182073856494115,
                "active": true
            },
            "24": {
                "nrn_to": 10,
                "nrn_from": 7,
                "weight": 0.0384240814596112,
                "active": true
            },
            "26": {
                "nrn_to": 11,
                "nrn_from": 7,
                "weight": 0.1887631842838111,
                "active": true
            },
            "31": {
                "nrn_to": 11,
                "nrn_from": 5,
                "weight": 1.043334559890347,
                "active": true
            }
        }
    }
}