{
    "Num species": 4,
    "Species 2 num animals": 6,
    "Species 2 top fitness": 198.21404461658958,
    "Species 2 mean fitness": 172.95657145632188,
    "Species 2 std fitness": 12.803176391472283,
    "Species 2 top animal N hidden neurons": 0,
    "Species 2 top animal N synapses": 14,
    "Species 2 top animal": {
        "neurons": {
            "0": {
                "type": "i",
                "bias": 0.23840990267735857
            },
            "1": {
                "type": "i",
                "bias": -0.1463641675956203
            },
            "2": {
                "type": "i",
                "bias": 0.24001175419960669
            },
            "3": {
                "type": "i",
                "bias": -0.1939073716321759
            },
            "4": {
                "type": "i",
                "bias": 0.0007211034551923012
            },
            "5": {
                "type": "i",
                "bias": -0.17226700302830333
            },
            "6": {
                "type": "i",
                "bias": 0.029877330814175984
            },
            "7": {
                "type": "i",
                "bias": -0.43169229848876856
            },
            "8": {
                "type": "o",
                "bias": 0.08907911588788284
            },
            "9": {
                "type": "o",
                "bias": 0.12496075880541191
            },
            "10": {
                "type": "o",
                "bias": -0.08948217500464997
            },
            "11": {
                "type": "o",
                "bias": 0.017563878741812713
            }
        },
        "synapses": {
            "33": {
                "nrn_to": 10,
                "nrn_from": 7,
                "weight": 0.3048278775890387,
                "active": true
            },
            "34": {
                "nrn_to": 8,
                "nrn_from": 4,
                "weight": 0.6231357070367741,
                "active": true
            },
            "36": {
                "nrn_to": 10,
                "nrn_from": 2,
                "weight": 0.2149908700481095,
                "active": true
            },
            "39": {
                "nrn_to": 9,
                "nrn_from": 2,
                "weight": 1.4819713348849985,
                "active": true
            },
            "12": {
                "nrn_to": 8,
                "nrn_from": 0,
                "weight": 0.05322147712343325,
                "active": false
            },
            "14": {
                "nrn_to": 10,
                "nrn_from": 3,
                "weight": -2.0737703428535137,
                "active": true
            },
            "15": {
                "nrn_to": 8,
                "nrn_from": 2,
                "weight": 0.24330104225184992,
                "active": false
            },
            "20": {
                "nrn_to": 8,
                "nrn_from": 6,
                "weight": 0.30869282262343645,
                "active": true
            },
            "21": {
                "nrn_to": 11,
                "nrn_from": 6,
                "weight": -1.3182898176023536,
                "active": true
            },
            "22": {
                "nrn_to": 9,
                "nrn_from": 5,
                "weight": -0.048122027970016204,
                "active": false
            },
            "26": {
                "nrn_to": 11,
                "nrn_from": 4,
                "weight": 2.9719937233312157,
                "active": true
            },
            "27": {
                "nrn_to": 10,
                "nrn_from": 6,
                "weight": 0.11680988294630748,
                "active": false
            },
            "30": {
                "nrn_to": 9,
                "nrn_from": 6,
                "weight": -0.0024831645113622125,
                "active": false
            },
            "31": {
                "nrn_to": 9,
                "nrn_from": 4,
                "weight": -0.1570292036966448,
                "active": true
            }
        }
    },
    "Species 4 num animals": 18,
    "Species 4 top fitness": 233.03334092088997,
    "Species 4 mean fitness": 148.66039823041316,
    "Species 4 std fitness": 85.48274719693609,
    "Species 4 top animal N hidden neurons": 0,
    "Species 4 top animal N synapses": 14,
    "Species 4 top animal": {
        "neurons": {
            "0": {
                "type": "i",
                "bias": 0.3298660330280545
            },
            "1": {
                "type": "i",
                "bias": 0.06312388708669799
            },
            "2": {
                "type": "i",
                "bias": 0.2913663259177451
            },
            "3": {
                "type": "i",
                "bias": -0.44933985364312107
            },
            "4": {
                "type": "i",
                "bias": 0.084418290126732
            },
            "5": {
                "type": "i",
                "bias": -0.12423468655914226
            },
            "6": {
                "type": "i",
                "bias": 0.17524873252265694
            },
            "7": {
                "type": "i",
                "bias": -0.2891741881141793
            },
            "8": {
                "type": "o",
                "bias": -0.09306312818941506
            },
            "9": {
                "type": "o",
                "bias": 0.13998397653225722
            },
            "10": {
                "type": "o",
                "bias": -0.0885354736916299
            },
            "11": {
                "type": "o",
                "bias": 0.12999237249005724
            }
        },
        "synapses": {
            "33": {
                "nrn_to": 10,
                "nrn_from": 7,
                "weight": -0.022607434541585612,
                "active": false
            },
            "34": {
                "nrn_to": 8,
                "nrn_from": 4,
                "weight": 0.3049851613606463,
                "active": true
            },
            "36": {
                "nrn_to": 10,
                "nrn_from": 2,
                "weight": 0.2049654594719013,
                "active": false
            },
            "39": {
                "nrn_to": 9,
                "nrn_from": 2,
                "weight": 0.6423830296048558,
                "active": true
            },
            "41": {
                "nrn_to": 11,
                "nrn_from": 0,
                "weight": -0.13014971152002322,
                "active": true
            },
            "14": {
                "nrn_to": 10,
                "nrn_from": 3,
                "weight": -1.0647703276673917,
                "active": true
            },
            "18": {
                "nrn_to": 9,
                "nrn_from": 0,
                "weight": 0.4486554714072158,
                "active": true
            },
            "20": {
                "nrn_to": 8,
                "nrn_from": 6,
                "weight": 0.2922216410735522,
                "active": true
            },
            "21": {
                "nrn_to": 11,
                "nrn_from": 6,
                "weight": -0.40597550116684517,
                "active": true
            },
            "22": {
                "nrn_to": 9,
                "nrn_from": 5,
                "weight": -0.24168838488058175,
                "active": false
            },
            "55": {
                "nrn_to": 11,
                "nrn_from": 5,
                "weight": 0.29368715190750194,
                "active": true
            },
            "26": {
                "nrn_to": 11,
                "nrn_from": 4,
                "weight": 1.8941869107407248,
                "active": true
            },
            "27": {
                "nrn_to": 10,
                "nrn_from": 6,
                "weight": 0.19408742719443367,