{
    "Num species": 2,
    "Species 1 num animals": 17,
    "Species 1 top fitness": -3.877365382622194,
    "Species 1 mean fitness": -95.13562845472318,
    "Species 1 std fitness": 98.92767790570747,
    "Species 1 top animal N hidden neurons": 0,
    "Species 1 top animal N synapses": 7,
    "Species 1 top animal": {
        "neurons": {
            "0": {
                "type": "i",
                "bias": -0.20890582916908293
            },
            "1": {
                "type": "i",
                "bias": 0.29093116577244427
            },
            "2": {
                "type": "i",
                "bias": -0.15636442329556594
            },
            "3": {
                "type": "i",
                "bias": 0.07942861678336417
            },
            "4": {
                "type": "i",
                "bias": -0.03638902210184526
            },
            "5": {
                "type": "i",
                "bias": -0.038664950888395416
            },
            "6": {
                "type": "i",
                "bias": -0.16827012099181277
            },
            "7": {
                "type": "i",
                "bias": 0.14143965025949976
            },
            "8": {
                "type": "o",
                "bias": 0.14658591573611476
            },
            "9": {
                "type": "o",
                "bias": -0.06787471859439273
            },
            "10": {
                "type": "o",
                "bias": 0.0685990177876973
            },
            "11": {
                "type": "o",
                "bias": 0.012679389835659475
            }
        },
        "synapses": {
            "18": {
                "nrn_to": 8,
                "nrn_from": 5,
                "weight": -0.0050633890361630185,
                "active": true
            },
            "19": {
                "nrn_to": 8,
                "nrn_from": 6,
                "weight": 0.18908290271194161,
                "active": false
            },
            "21": {
                "nrn_to": 8,
                "nrn_from": 1,
                "weight": 0.17837370122015925,
                "active": true
            },
            "22": {
                "nrn_to": 9,
                "nrn_from": 4,
                "weight": -2.4029192596496287,
                "active": true
            },
            "40": {
                "nrn_to": 8,
                "nrn_from": 3,
                "weight": 0.4411444058947332,
                "active": true
            },
            "12": {
                "nrn_to": 9,
                "nrn_from": 2,
                "weight": 0.3964892347536461,
                "active": true
            },
            "30": {
                "nrn_to": 11,
                "nrn_from": 5,
                "weight": 0.33057030807300153,
                "active": true
            }
        }
    },
    "Species 0 num animals": 43,
    "Species 0 top fitness": 190.41150390204353,
    "Species 0 mean fitness": 74.07009422636271,
    "Species 0 std fitness": 93.24404726172418,
    "Species 0 top animal N hidden neurons": 1,
    "Species 0 top animal N synapses": 13,
    "Species 0 top animal": {
        "neurons": {
            "0": {
                "type": "i",
                "bias": 0.4736112686850726
            },
            "1": {
                "type": "i",
                "bias": 0.09990698625840166
            },
            "2": {
                "type": "i",
                "bias": 0.07593262694936306
            },
            "3": {
                "type": "i",
                "bias": 0.07261725283536527
            },
            "4": {
                "type": "i",
                "bias": 0.10170401711019243
            },
            "5": {
                "type": "i",
                "bias": -0.14942410198615053
            },
            "6": {
                "type": "i",
                "bias": -0.013131953688432313
            },
            "7": {
                "type": "i",
                "bias": 0.22413647976947543
            },
            "8": {
                "type": "o",
                "bias": 0.09621440620271224
            },
            "9": {
                "type": "o",
                "bias": 0.027562658682148113
            },
            "10": {
                "type": "o",
                "bias": -0.009873724483406971
            },
            "11": {
                "type": "o",
                "bias": 0.04619744948201093
            },
            "88": {
                "type": "h",
                "bias": -0.041727830048410075
            }
        },
        "synapses": {
            "37": {
                "nrn_to": 11,
                "nrn_from": 2,
                "weight": -0.49334702370813366,
                "active": true
            },
            "40": {
                "nrn_to": 8,
                "nrn_from": 3,
                "weight": 0.2892654685646564,
                "active": true
            },
            "105": {
                "nrn_to": 88,
                "nrn_from": 7,
                "weight": -0.10176756187650182,
                "active": true
            },
            "13": {
                "nrn_to": 8,
                "nrn_from": 7,
                "weight": 0.00271646228792638,
                "active": false
            },
            "15": {
                "nrn_to": 8,
                "nrn_from": 2,
                "weight": -0.3680733732174022,
                "active": true
            },
            "19": {
                "nrn_to": 8,
                "nrn_from": 6,
                "weight": 0.2467537413673841,
                "active": false
            },
            "21": {
                "nrn_to": 8,
                "nrn_from": 1,
                "weight": 0.3210134152579173,
                "active": false
            },
            "22": {
                "nrn_to": 9,
                "nrn_from": 4,
                "weight": -1.1781483151693581,
                "active": true
            },
            "30": {
                "nrn_to": 11,
                "nrn_from": 5,
                "weight": 0.14524365378038018,
                "active": true
            },
            "24": {
                "nrn_to": 10,
                "nrn_from": 3,
                "weight": -0.522168389920688,
                "active": true
            },
            "89": {
                "active": true,
                "nrn_to": 88,
                "nrn_from": 5,
                "weight": 1.1567483992271799
            },
            "90": {
                "active": true,
                "nrn_to": 11,
                "nrn_from": 88,
                "weight": 0.5991953364776081
            },
            "94": {
                "nrn_to": 88,
                "nrn_from": 4,
                "weight": 0.16813004726243982,
                "active": true
            }
        }
    }
}