{
    "Num species": 4,
    "Species 0 num animals": 13,
    "Species 0 top fitness": -37.6325760930228,
    "Species 0 mean fitness": -66.90344788901052,
    "Species 0 std fitness": 33.50858230921825,
    "Species 0 top animal N hidden neurons": 0,
    "Species 0 top animal N synapses": 10,
    "Species 0 top animal": {
        "neurons": {
            "0": {
                "type": "i",
                "bias": 0.22739938654474884
            },
            "1": {
                "type": "i",
                "bias": 0.24463240402005682
            },
            "2": {
                "type": "i",
                "bias": 0.34269062291469266
            },
            "3": {
                "type": "i",
                "bias": -0.09310320578418546
            },
            "4": {
                "type": "i",
                "bias": 0.3465584403860327
            },
            "5": {
                "type": "i",
                "bias": -0.13746859483179216
            },
            "6": {
                "type": "i",
                "bias": -0.6216997953769096
            },
            "7": {
                "type": "i",
                "bias": 0.08571794800287483
            },
            "8": {
                "type": "o",
                "bias": -0.13833296095808298
            },
            "9": {
                "type": "o",
                "bias": -0.39613390835845796
            },
            "10": {
                "type": "o",
                "bias": 0.07730251976019163
            },
            "11": {
                "type": "o",
                "bias": 0.06273262272019299
            }
        },
        "synapses": {
            "38": {
                "nrn_to": 9,
                "nrn_from": 3,
                "weight": 0.0030131171469170155,
                "active": false
            },
            "39": {
                "nrn_to": 10,
                "nrn_from": 5,
                "weight": -0.36913897025813336,
                "active": true
            },
            "43": {
                "nrn_to": 8,
                "nrn_from": 0,
                "weight": 0.05315041731993156,
                "active": false
            },
            "12": {
                "nrn_to": 9,
                "nrn_from": 4,
                "weight": -0.8726237851042205,
                "active": true
            },
            "13": {
                "nrn_to": 9,
                "nrn_from": 2,
                "weight": 0.1391613904461289,
                "active": true
            },
            "17": {
                "nrn_to": 8,
                "nrn_from": 6,
                "weight": -0.20280836028470986,
                "active": false
            },
            "21": {
                "nrn_to": 8,
                "nrn_from": 1,
                "weight": 0.3411546130229584,
                "active": true
            },
            "53": {
                "nrn_to": 11,
                "nrn_from": 7,
                "weight": 0.584553949845368,
                "active": true
            },
            "23": {
                "nrn_to": 8,
                "nrn_from": 7,
                "weight": -0.5178852741820535,
                "active": true
            },
            "29": {
                "nrn_to": 11,
                "nrn_from": 4,
                "weight": 0.9203771833825265,
                "active": true
            }
        }
    },
    "Species 2 num animals": 7,
    "Species 2 top fitness": -42.32208845949362,
    "Species 2 mean fitness": -153.964652177626,
    "Species 2 std fitness": 88.96747328763256,
    "Species 2 top animal N hidden neurons": 0,
    "Species 2 top animal N synapses": 9,
    "Species 2 top animal": {
        "neurons": {
            "0": {
                "type": "i",
                "bias": 0.09237648966676845
            },
            "1": {
                "type": "i",
                "bias": 0.11549274028346185
            },
            "2": {
                "type": "i",
                "bias": 0.38998654154159584
            },
            "3": {
                "type": "i",
                "bias": -0.016941817972193296
            },
            "4": {
                "type": "i",
                "bias": 0.036259508595358356
            },
            "5": {
                "type": "i",
                "bias": -0.13746859483179216
            },
            "6": {
                "type": "i",
                "bias": -0.38293068246781625
            },
            "7": {
                "type": "i",
                "bias": -0.009695769545552388
            },
            "8": {
                "type": "o",
                "bias": -0.1382450899167449
            },
            "9": {
                "type": "o",
                "bias": -0.31068356135816466
            },
            "10": {
                "type": "o",
                "bias": 0.11126508145275463
            },
            "11": {
                "type": "o",
                "bias": 0.10586343517128333
            }
        },
        "synapses": {
            "39": {
                "nrn_to": 10,
                "nrn_from": 5,
                "weight": -1.0787195298246188,
                "active": true
            },
            "43": {
                "nrn_to": 8,
                "nrn_from": 0,
                "weight": 0.06844203686369182,
                "active": false
            },
            "12": {
                "nrn_to": 9,
                "nrn_from": 4,
                "weight": -1.7298205122926464,
                "active": true
            },
            "13": {
                "nrn_to": 9,
                "nrn_from": 2,
                "weight": 0.06367452702695028,
                "active": false
            },
            "17": {
                "nrn_to": 8,
                "nrn_from": 6,
                "weight": -0.35911367705915687,
                "active": true
            },
            "21": {
                "nrn_to": 8,
                "nrn_from": 1,
                "weight": 0.37577430417725977,
                "active": true
            },
            "53": {
                "nrn_to": 11,
                "nrn_from": 7,
                "weight": 0.584553949845368,
                "active": true
            },
            "23": {
                "nrn_to": 8,
                "nrn_from": 7,
                "weight": -2.006851692468717,
                "active": true
            },
            "29": {
                "nrn_to": 11,
                "nrn_from": 4,
                "weight": 1.059413565423847,
                "active": true
            }
        }
    },
    "Species 1 num animals": 29,
    "Species 1 top fitness": -38.470747032229056,
    "Species 1 mean fitness": -85.22007432263658,
    "Species 1 std fitness": 39.616161282260535,
    "Species 1 top animal N hidden neurons": 0,
    "Species 1 top animal N synapses": 8,
    "Species 1 top animal": {
        "neurons": {
            "0": {
                "type": "i",
                "bias": 0.09237648966676845
            },
            "1": {
                "type": "i",
                "bias": 0.15789036509810508
            },
            "2": {
                "type": "i",
                "bias": -0.049541354225721146
            },
            "3": {
                "type": "i",
                "bias": -0.07467671359333156
            },
            "4": {
                "type": "i",
                "bias": 0.07898498217223729
            },
            "5": {
                "type": "i",
                "bias": 0.13295213470656836
            },
            "6": {
                "type": "i",
                "bias": -0.02570724290709308
            },
            "7": {
                "type": "i",
                "bias": 0.16711599637869318
            },
            "8": {
                "type": "o",
                "bias": -0.21090298564530338
            },
            "9": {
                "type": "o",