{
    "Num species": 1,
    "Species 0 num animals": 30,
    "Species 0 top fitness": -37.27616428852041,
    "Species 0 mean fitness": -157.12493104403944,
    "Species 0 std fitness": 81.41354953284835,
    "Species 0 top animal N hidden neurons": 0,
    "Species 0 top animal N synapses": 10,
    "Species 0 top animal": {
        "neurons": {
            "0": {
                "type": "i",
                "bias": 0.1587507566736036
            },
            "1": {
                "type": "i",
                "bias": -0.04960306424617321
            },
            "2": {
                "type": "i",
                "bias": 0.13571907126734378
            },
            "3": {
                "type": "i",
                "bias": -0.15115188873145236
            },
            "4": {
                "type": "i",
                "bias": 0.36318341021404216
            },
            "5": {
                "type": "i",
                "bias": 0.3012590518269279
            },
            "6": {
                "type": "i",
                "bias": 0.004100563079038604
            },
            "7": {
                "type": "i",
                "bias": 0.07757943669081795
            },
            "8": {
                "type": "o",
                "bias": -0.21078489071857714
            },
            "9": {
                "type": "o",
                "bias": -0.07993864050428905
            },
            "10": {
                "type": "o",
                "bias": 0.1534218419796282
            },
            "11": {
                "type": "o",
                "bias": -0.23131482993664765
            }
        },
        "synapses": {
            "36": {
                "nrn_to": 11,
                "nrn_from": 2,
                "weight": -0.5892087841037852,
                "active": true
            },
            "41": {
                "nrn_to": 11,
                "nrn_from": 7,
                "weight": -0.0333915589379301,
                "active": false
            },
            "12": {
                "nrn_to": 10,
                "nrn_from": 6,
                "weight": -0.8048009217810838,
                "active": true
            },
            "13": {
                "nrn_to": 8,
                "nrn_from": 1,
                "weight": 0.4564342658630655,
                "active": true
            },
            "46": {
                "nrn_to": 9,
                "nrn_from": 0,
                "weight": 0.6149514622218546,
                "active": true
            },
            "45": {
                "nrn_to": 11,
                "nrn_from": 0,
                "weight": 0.31625695636029505,
                "active": true
            },
            "16": {
                "nrn_to": 8,
                "nrn_from": 6,
                "weight": -0.3998692025841081,
                "active": true
            },
            "27": {
                "nrn_to": 10,
                "nrn_from": 1,
                "weight": 0.054843395504782566,
                "active": false
            },
            "31": {
                "nrn_to": 11,
                "nrn_from": 1,
                "weight": 0.19060320097862893,
                "active": true
            },
            "25": {
                "nrn_to": 10,
                "nrn_from": 7,
                "weight": 0.23224270137031927,
                "active": true
            }
        }
    }
}