{
    "Num species": 2,
    "Species 0 num animals": 45,
    "Species 0 top fitness": -51.494212919305944,
    "Species 0 mean fitness": -76.06561397648211,
    "Species 0 std fitness": 43.21579983941983,
    "Species 0 top animal N hidden neurons": 0,
    "Species 0 top animal N synapses": 7,
    "Species 0 top animal": {
        "neurons": {
            "0": {
                "type": "i",
                "bias": 0.3096193658934364
            },
            "1": {
                "type": "i",
                "bias": -0.04946459002202094
            },
            "2": {
                "type": "i",
                "bias": -0.03354727977001665
            },
            "3": {
                "type": "i",
                "bias": 0.12302678395146352
            },
            "4": {
                "type": "i",
                "bias": 0.10134089934213682
            },
            "5": {
                "type": "i",
                "bias": -0.15252872179935742
            },
            "6": {
                "type": "i",
                "bias": 0.012092714235255576
            },
            "7": {
                "type": "i",
                "bias": -0.0037835249842420454
            },
            "8": {
                "type": "o",
                "bias": 0.3557401290085981
            },
            "9": {
                "type": "o",
                "bias": 0.2942036980373748
            },
            "10": {
                "type": "o",
                "bias": -0.11343580722937338
            },
            "11": {
                "type": "o",
                "bias": -0.2507421343370557
            }
        },
        "synapses": {
            "51": {
                "nrn_to": 9,
                "nrn_from": 4,
                "weight": -0.1296216696558577,
                "active": false
            },
            "36": {
                "nrn_to": 10,
                "nrn_from": 5,
                "weight": -0.3438454159106823,
                "active": true
            },
            "37": {
                "nrn_to": 8,
                "nrn_from": 2,
                "weight": 0.22946084336750083,
                "active": false
            },
            "20": {
                "nrn_to": 11,
                "nrn_from": 0,
                "weight": 0.37127577007809226,
                "active": true
            },
            "12": {
                "nrn_to": 10,
                "nrn_from": 3,
                "weight": -0.557840596509987,
                "active": true
            },
            "30": {
                "nrn_to": 9,
                "nrn_from": 5,
                "weight": -1.216527803674426,
                "active": true
            },
            "41": {
                "nrn_to": 10,
                "nrn_from": 7,
                "weight": 0.8467167977125817,
                "active": true
            }
        }
    },
    "Species 1 num animals": 15,
    "Species 1 top fitness": -76.03795214186724,
    "Species 1 mean fitness": -107.85923808417765,
    "Species 1 std fitness": 35.98120820262177,
    "Species 1 top animal N hidden neurons": 1,
    "Species 1 top animal N synapses": 11,
    "Species 1 top animal": {
        "neurons": {
            "0": {
                "type": "i",
                "bias": 0.12395965572748353
            },
            "1": {
                "type": "i",
                "bias": -0.30730590853016615
            },
            "2": {
                "type": "i",
                "bias": -0.041704708837384814
            },
            "3": {
                "type": "i",
                "bias": 0.03223120991433172
            },
            "4": {
                "type": "i",
                "bias": -0.0028978405265726245
            },
            "5": {
                "type": "i",
                "bias": 0.12330688750241717
            },
            "6": {
                "type": "i",
                "bias": 0.08856804533899951
            },
            "7": {
                "type": "i",
                "bias": 0.22436950609995068
            },
            "8": {
                "type": "o",
                "bias": 0.44857594096424785
            },
            "9": {
                "type": "o",
                "bias": 0.08104180318806042
            },
            "10": {
                "type": "o",
                "bias": -0.08639621111574099
            },
            "11": {
                "type": "o",
                "bias": -0.07455750790129403
            },
            "84": {
                "type": "h",
                "bias": -0.02401675480977418
            }
        },
        "synapses": {
            "36": {
                "nrn_to": 10,
                "nrn_from": 5,
                "weight": -0.3003314171826809,
                "active": true
            },
            "37": {
                "nrn_to": 8,
                "nrn_from": 2,
                "weight": 0.031075805759098775,
                "active": false
            },
            "40": {
                "nrn_to": 11,
                "nrn_from": 1,
                "weight": -1.2935979118647052,
                "active": true
            },
            "41": {
                "nrn_to": 10,
                "nrn_from": 7,
                "weight": -0.17722237285954245,
                "active": true
            },
            "12": {
                "nrn_to": 10,
                "nrn_from": 3,
                "weight": -0.5190492797858905,
                "active": true
            },
            "14": {
                "nrn_to": 11,
                "nrn_from": 7,
                "weight": 0.5135391065682688,
                "active": true
            },
            "112": {
                "nrn_to": 84,
                "nrn_from": 1,
                "weight": -0.04241164232292472,
                "active": true
            },
            "18": {
                "nrn_to": 8,
                "nrn_from": 7,
                "weight": -0.006812570053857742,
                "active": true
            },
            "20": {
                "nrn_to": 11,
                "nrn_from": 0,
                "weight": -0.65022208876007,
                "active": true
            },
            "85": {
                "active": true,
                "nrn_to": 84,
                "nrn_from": 2,
                "weight": 0.3707345389016846
            },
            "86": {
                "active": false,
                "nrn_to": 8,
                "nrn_from": 84,
                "weight": 0.1540814920389664
            }
        }
    }
}