{
    "Num species": 1,
    "Species 0 num animals": 60,
    "Species 0 top fitness": -108.06411303125287,
    "Species 0 mean fitness": -167.61851213401994,
    "Species 0 std fitness": 75.45170966277595,
    "Species 0 top animal N hidden neurons": 1,
    "Species 0 top animal N synapses": 6,
    "Species 0 top animal": {
        "neurons": {
            "0": {
                "type": "i",
                "bias": -0.19058718813140818
            },
            "1": {
                "type": "i",
                "bias": 0.10722592023578251
            },
            "2": {
                "type": "i",
                "bias": 0.2227431068789412
            },
            "3": {
                "type": "i",
                "bias": 0.04644941287222357
            },
            "4": {
                "type": "i",
                "bias": 0.19375981776519818
            },
            "5": {
                "type": "i",
                "bias": 0.04774879639400877
            },
            "6": {
                "type": "i",
                "bias": -0.4166703387393962
            },
            "7": {
                "type": "i",
                "bias": -0.1778783607274862
            },
            "8": {
                "type": "o",
                "bias": -0.07890842823955602
            },
            "9": {
                "type": "o",
                "bias": -0.18953009855676425
            },
            "10": {
                "type": "o",
                "bias": 0.01936486504290932
            },
            "11": {
                "type": "o",
                "bias": -0.06916831148350867
            },
            "56": {
                "type": "h",
                "bias": 0.14265608312432335
            }
        },
        "synapses": {
            "16": {
                "nrn_to": 11,
                "nrn_from": 5,
                "weight": 0.3187290089740464,
                "active": false
            },
            "66": {
                "nrn_to": 56,
                "nrn_from": 7,
                "weight": 0.05249798408790933,
                "active": false
            },
            "37": {
                "nrn_to": 8,
                "nrn_from": 3,
                "weight": 0.1070273137429208,
                "active": true
            },
            "57": {
                "active": true,
                "nrn_to": 56,
                "nrn_from": 5,
                "weight": 1.247724189145659
            },
            "58": {
                "active": true,
                "nrn_to": 11,
                "nrn_from": 56,
                "weight": 0.14638408091432203
            },
            "13": {
                "nrn_to": 8,
                "nrn_from": 1,
                "weight": 0.26058244770463895,
                "active": true
            }
        }
    }
}