{
    "Num species": 2,
    "Species 0 num animals": 59,
    "Species 0 top fitness": -70.31599377568476,
    "Species 0 mean fitness": -133.02443354727333,
    "Species 0 std fitness": 72.66403774668788,
    "Species 0 top animal N hidden neurons": 0,
    "Species 0 top animal N synapses": 4,
    "Species 0 top animal": {
        "neurons": {
            "0": {
                "type": "i",
                "bias": 0.1315071387060597
            },
            "1": {
                "type": "i",
                "bias": 0.09986458484047325
            },
            "2": {
                "type": "i",
                "bias": -0.3364678389648271
            },
            "3": {
                "type": "i",
                "bias": 0.2960381650091913
            },
            "4": {
                "type": "i",
                "bias": -0.1882658615413911
            },
            "5": {
                "type": "i",
                "bias": -0.17545947885688207
            },
            "6": {
                "type": "i",
                "bias": 0.06782034964643552
            },
            "7": {
                "type": "i",
                "bias": 0.08610130417642739
            },
            "8": {
                "type": "o",
                "bias": 0.004292255355942281
            },
            "9": {
                "type": "o",
                "bias": -0.061394320331414946
            },
            "10": {
                "type": "o",
                "bias": 0.0815534183797622
            },
            "11": {
                "type": "o",
                "bias": 0.08920012939941149
            }
        },
        "synapses": {
            "32": {
                "nrn_to": 8,
                "nrn_from": 1,
                "weight": 0.13898337156254995,
                "active": true
            },
            "13": {
                "nrn_to": 9,
                "nrn_from": 4,
                "weight": -0.39273835241121563,
                "active": true
            },
            "14": {
                "nrn_to": 8,
                "nrn_from": 5,
                "weight": 0.06017379852783278,
                "active": true
            },
            "31": {
                "nrn_to": 11,
                "nrn_from": 5,
                "weight": 1.8862011258563043,
                "active": true
            }
        }
    },
    "Species 1 num animals": 1,
    "Species 1 top fitness": -193.88404781177292,
    "Species 1 mean fitness": -193.88404781177292,
    "Species 1 std fitness": 0.0,
    "Species 1 top animal N hidden neurons": 0,
    "Species 1 top animal N synapses": 5,
    "Species 1 top animal": {
        "neurons": {
            "0": {
                "type": "i",
                "bias": -0.05431276798965502
            },
            "1": {
                "type": "i",
                "bias": 0.09986458484047325
            },
            "2": {
                "type": "i",
                "bias": -0.3030868221774254
            },
            "3": {
                "type": "i",
                "bias": 0.2541265082539177
            },
            "4": {
                "type": "i",
                "bias": -0.1496504126471109
            },
            "5": {
                "type": "i",
                "bias": -0.2231915646297378
            },
            "6": {
                "type": "i",
                "bias": 0.07433280539324233
            },
            "7": {
                "type": "i",
                "bias": 0.03992759946349083
            },
            "8": {
                "type": "o",
                "bias": 0.07110612478727396
            },
            "9": {
                "type": "o",
                "bias": -0.16645981381123925
            },
            "10": {
                "type": "o",
                "bias": 0.0815534183797622
            },
            "11": {
                "type": "o",
                "bias": 0.08920012939941149
            }
        },
        "synapses": {
            "32": {
                "nrn_to": 8,
                "nrn_from": 1,
                "weight": 0.12412404666631238,
                "active": true
            },
            "13": {
                "nrn_to": 9,
                "nrn_from": 4,
                "weight": -0.3803448050922527,
                "active": true
            },
            "14": {
                "nrn_to": 8,
                "nrn_from": 5,
                "weight": 0.28236527718809323,
                "active": true
            },
            "31": {
                "nrn_to": 11,
                "nrn_from": 5,
                "weight": 2.1478225085253797,
                "active": true
            },
            "41": {
                "nrn_to": 10,
                "nrn_from": 4,
                "weight": -0.2062557446241848,
                "active": true
            }
        }
    }
}