{
    "Num species": 1,
    "Species 0 num animals": 60,
    "Species 0 top fitness": -52.66046958082858,
    "Species 0 mean fitness": -132.8263715005109,
    "Species 0 std fitness": 75.88073927533149,
    "Species 0 top animal N hidden neurons": 0,
    "Species 0 top animal N synapses": 3,
    "Species 0 top animal": {
        "neurons": {
            "0": {
                "type": "i",
                "bias": 0.03890813432428745
            },
            "1": {
                "type": "i",
                "bias": 0.022797789693500672
            },
            "2": {
                "type": "i",
                "bias": -0.10502510761015321
            },
            "3": {
                "type": "i",
                "bias": 0.016809977238075865
            },
            "4": {
                "type": "i",
                "bias": 0.11722604194197381
            },
            "5": {
                "type": "i",
                "bias": -0.030254277877733608
            },
            "6": {
                "type": "i",
                "bias": 0.04127322549145758
            },
            "7": {
                "type": "i",
                "bias": 0.026843189194948953
            },
            "8": {
                "type": "o",
                "bias": 0.0
            },
            "9": {
                "type": "o",
                "bias": -0.1312401626014162
            },
            "10": {
                "type": "o",
                "bias": 0.02086424972435196
            },
            "11": {
                "type": "o",
                "bias": 0.03869600845819545
            }
        },
        "synapses": {
            "48": {
                "nrn_to": 10,
                "nrn_from": 3,
                "weight": -0.06295727090607042,
                "active": true
            },
            "24": {
                "nrn_to": 11,
                "nrn_from": 7,
                "weight": 0.21797181755138176,
                "active": true
            },
            "22": {
                "nrn_to": 8,
                "nrn_from": 1,
                "weight": 0.2795810382364056,
                "active": true
            }
        }
    }
}