{
    "Num species": 1,
    "Species 0 num animals": 60,
    "Species 0 top fitness": -85.23936618638642,
    "Species 0 mean fitness": -137.6297093512906,
    "Species 0 std fitness": 53.741380173544094,
    "Species 0 top animal N hidden neurons": 0,
    "Species 0 top animal N synapses": 2,
    "Species 0 top animal": {
        "neurons": {
            "0": {
                "type": "i",
                "bias": 0.018199638365517277
            },
            "1": {
                "type": "i",
                "bias": 0.10401286946568661
            },
            "2": {
                "type": "i",
                "bias": -0.18995071014933984
            },
            "3": {
                "type": "i",
                "bias": -0.019544110156595823
            },
            "4": {
                "type": "i",
                "bias": 0.03878295040665229
            },
            "5": {
                "type": "i",
                "bias": -0.1144199844951404
            },
            "6": {
                "type": "i",
                "bias": -0.06618015124467505
            },
            "7": {
                "type": "i",
                "bias": -0.07911569517148481
            },
            "8": {
                "type": "o",
                "bias": 0.1120925455303751
            },
            "9": {
                "type": "o",
                "bias": -0.1033751505467364
            },
            "10": {
                "type": "o",
                "bias": -0.026280588017228337
            },
            "11": {
                "type": "o",
                "bias": 0.008475068602653867
            }
        },
        "synapses": {
            "12": {
                "nrn_to": 10,
                "nrn_from": 6,
                "weight": 0.05243743585080682,
                "active": true
            },
            "14": {
                "nrn_to": 8,
                "nrn_from": 5,
                "weight": -0.42391333441344425,
                "active": true
            }
        }
    }
}