{
    "Num species": 3,
    "Species 2 num animals": 5,
    "Species 2 top fitness": -50.693871558484474,
    "Species 2 mean fitness": -94.75407772924622,
    "Species 2 std fitness": 32.08296506000797,
    "Species 2 top animal N hidden neurons": 2,
    "Species 2 top animal N synapses": 24,
    "Species 2 top animal": {
        "neurons": {
            "0": {
                "type": "i",
                "bias": -0.017095837907689565
            },
            "1": {
                "type": "i",
                "bias": 0.12894545511649486
            },
            "2": {
                "type": "i",
                "bias": 0.10345295625209956
            },
            "3": {
                "type": "i",
                "bias": -0.46598129826541446
            },
            "4": {
                "type": "i",
                "bias": 0.21278931045476962
            },
            "5": {
                "type": "i",
                "bias": 0.37450975983740176
            },
            "6": {
                "type": "i",
                "bias": -0.29144963468402685
            },
            "7": {
                "type": "i",
                "bias": 0.2079983434689479
            },
            "8": {
                "type": "o",
                "bias": -0.032708912642903834
            },
            "9": {
                "type": "o",
                "bias": -0.14909110736205555
            },
            "10": {
                "type": "o",
                "bias": 0.4330871650162474
            },
            "11": {
                "type": "o",
                "bias": -0.10592681089210321
            },
            "87": {
                "type": "h",
                "bias": -0.103251842827709
            },
            "103": {
                "type": "h",
                "bias": 0.03308669814035397
            }
        },
        "synapses": {
            "12": {
                "nrn_to": 10,
                "nrn_from": 6,
                "weight": -2.9244118015909644,
                "active": true
            },
            "13": {
                "nrn_to": 8,
                "nrn_from": 1,
                "weight": 0.9373789098845395,
                "active": true
            },
            "14": {
                "nrn_to": 9,
                "nrn_from": 1,
                "weight": 0.3757512071319315,
                "active": true
            },
            "15": {
                "nrn_to": 9,
                "nrn_from": 5,
                "weight": 0.37420683207507527,
                "active": true
            },
            "16": {
                "nrn_to": 8,
                "nrn_from": 6,
                "weight": -0.2691950005548407,
                "active": true
            },
            "17": {
                "nrn_to": 10,
                "nrn_from": 3,
                "weight": -0.056533002484924266,
                "active": true
            },
            "88": {
                "active": true,
                "nrn_to": 87,
                "nrn_from": 5,
                "weight": 0.9608666553943375
            },
            "25": {
                "nrn_to": 10,
                "nrn_from": 7,
                "weight": 0.42184829040745747,
                "active": true
            },
            "89": {
                "active": true,
                "nrn_to": 11,
                "nrn_from": 87,
                "weight": 0.5049949525510153
            },
            "27": {
                "nrn_to": 10,
                "nrn_from": 1,
                "weight": 0.12098376798630867,
                "active": false
            },
            "90": {
                "nrn_to": 8,
                "nrn_from": 87,
                "weight": -0.26458905375999814,
                "active": true
            },
            "30": {
                "nrn_to": 11,
                "nrn_from": 5,
                "weight": 0.2398983291139327,
                "active": false
            },
            "31": {
                "nrn_to": 11,
                "nrn_from": 1,
                "weight": 0.18221112860274696,
                "active": false
            },
            "98": {
                "nrn_to": 87,
                "nrn_from": 7,
                "weight": 0.059120627103016084,
                "active": true
            },
            "36": {
                "nrn_to": 11,
                "nrn_from": 2,
                "weight": -0.6409039022011969,
                "active": true
            },
            "37": {
                "nrn_to": 9,
                "nrn_from": 6,
                "weight": 0.13085605983148776,
                "active": false
            },
            "38": {
                "nrn_to": 8,
                "nrn_from": 0,
                "weight": 0.40548795608708293,
                "active": true
            },
            "104": {
                "active": true,
                "nrn_to": 103,
                "nrn_from": 6,
                "weight": 1.9670917785619477
            },
            "41": {
                "nrn_to": 11,
                "nrn_from": 7,
                "weight": -0.003479261408116552,
                "active": false
            },
            "105": {
                "active": true,
                "nrn_to": 9,
                "nrn_from": 103,
                "weight": 0.2877876819213161
            },
            "45": {
                "nrn_to": 11,
                "nrn_from": 0,
                "weight": 0.35542441039222383,
                "active": false
            },
            "46": {
                "nrn_to": 9,
                "nrn_from": 0,
                "weight": 0.736194626205298,
                "active": true
            },
            "115": {
                "nrn_to": 87,
                "nrn_from": 2,
                "weight": -0.08550180207358056,
                "active": true
            },
            "117": {
                "nrn_to": 8,
                "nrn_from": 103,
                "weight": 0.6213123696953174,
                "active": true
            }
        }
    },
    "Species 1 num animals": 6,
    "Species 1 top fitness": -40.01064123134417,
    "Species 1 mean fitness": -86.06846381782485,
    "Species 1 std fitness": 94.8275044373372,
    "Species 1 top animal N hidden neurons": 1,
    "Species 1 top animal N synapses": 21,
    "Species 1 top animal": {
        "neurons": {
            "0": {
                "type": "i",
                "bias": -0.05532757144591315
            },
            "1": {
                "type": "i",
                "bias": 0.15640845061952627
            },
            "2": {
                "type": "i",
                "bias": 0.18070694218684707
            },
            "3": {
                "type": "i",
                "bias": -0.8917878272269162
            },
            "4": {
                "type": "i",
                "bias": 0.15137178509606222
            },
            "5": {
                "type": "i",
                "bias": 0.38179732243313874
            },
            "6": {
                "type": "i",
                "bias": -0.05772749633653322
            },
            "7": {
                "type": "i",
                "bias": 0.022098494605898383
            },
            "8": {
                "type": "o",
                "bias": -0.04767969149803578
            },
            "9": {
                "type": "o",
                "bias": -0.15970311311280988
            },
            "10": {
                "type": "o",
                "bias": 0.2887479842821221
            },
            "11": {
                "type": "o",
                "bias": -0.1668860236436269
            },
            "87": {
                "type": "h",
                "bias": 0.11390575387119395
            }
        },
        "synapses": {
            "12": {
                "nrn_to": 10,
                "nrn_from": 6,
                "weight": -1.668750152258715,