{
    "Num species": 1,
    "Species 0 num animals": 60,
    "Species 0 top fitness": -55.683749531518046,
    "Species 0 mean fitness": -134.84358899097404,
    "Species 0 std fitness": 61.774058241673984,
    "Species 0 top animal N hidden neurons": 1,
    "Species 0 top animal N synapses": 8,
    "Species 0 top animal": {
        "neurons": {
            "0": {
                "type": "i",
                "bias": -0.11874107169596985
            },
            "1": {
                "type": "i",
                "bias": 0.0011263727955524439
            },
            "2": {
                "type": "i",
                "bias": 0.12811684675021193
            },
            "3": {
                "type": "i",
                "bias": 0.1745943568125572
            },
            "4": {
                "type": "i",
                "bias": 0.263567673878565
            },
            "5": {
                "type": "i",
                "bias": 0.008984925768857455
            },
            "6": {
                "type": "i",
                "bias": -0.09570104181052846
            },
            "7": {
                "type": "i",
                "bias": 0.02930225399151789
            },
            "8": {
                "type": "o",
                "bias": -0.03080916018827371
            },
            "9": {
                "type": "o",
                "bias": -0.4425486925363889
            },
            "10": {
                "type": "o",
                "bias": 0.12256473547590428
            },
            "11": {
                "type": "o",
                "bias": 0.029409514376879498
            },
            "44": {
                "type": "h",
                "bias": -0.07006593855984927
            }
        },
        "synapses": {
            "37": {
                "nrn_to": 8,
                "nrn_from": 6,
                "weight": 0.45121316381223,
                "active": true
            },
            "12": {
                "nrn_to": 9,
                "nrn_from": 6,
                "weight": 0.2970514340994018,
                "active": true
            },
            "45": {
                "active": true,
                "nrn_to": 44,
                "nrn_from": 6,
                "weight": 1.1576988337592424
            },
            "46": {
                "active": true,
                "nrn_to": 11,
                "nrn_from": 44,
                "weight": 0.4373280238876859
            },
            "51": {
                "nrn_to": 44,
                "nrn_from": 4,
                "weight": 0.6426902058519797,
                "active": true
            },
            "19": {
                "nrn_to": 11,
                "nrn_from": 6,
                "weight": 0.23807324267206656,
                "active": false
            },
            "26": {
                "nrn_to": 8,
                "nrn_from": 1,
                "weight": 0.2036024984009742,
                "active": true
            },
            "28": {
                "nrn_to": 9,
                "nrn_from": 1,
                "weight": 0.5071497330333913,
                "active": true
            }
        }
    }
}