{
    "Num species": 7,
    "Species 0 num animals": 5,
    "Species 0 top fitness": -117.26145803589822,
    "Species 0 mean fitness": -241.3029492327684,
    "Species 0 std fitness": 175.63468394533157,
    "Species 0 top animal N hidden neurons": 0,
    "Species 0 top animal N synapses": 1,
    "Species 0 top animal": {
        "neurons": {
            "0": {
                "type": "i",
                "bias": 0.05962452222559241
            },
            "1": {
                "type": "i",
                "bias": -0.23473224207040763
            },
            "2": {
                "type": "i",
                "bias": -1.5920409387227612
            },
            "3": {
                "type": "i",
                "bias": 0.00830761516415263
            },
            "4": {
                "type": "i",
                "bias": 0.3962632765547289
            },
            "5": {
                "type": "i",
                "bias": 0.3052729549177262
            },
            "6": {
                "type": "i",
                "bias": 0.07983149576152099
            },
            "7": {
                "type": "i",
                "bias": -0.3637904273284497
            },
            "8": {
                "type": "o",
                "bias": -0.7441806929059811
            },
            "9": {
                "type": "o",
                "bias": 0.21983693422074846
            },
            "10": {
                "type": "o",
                "bias": 0.14601391058013408
            },
            "11": {
                "type": "o",
                "bias": 0.08912638706024079
            }
        },
        "synapses": {
            "27": {
                "nrn_to": 11,
                "nrn_from": 4,
                "weight": 0.5745195632095602,
                "active": true
            }
        }
    },
    "Species 1 num animals": 6,
    "Species 1 top fitness": -114.18677222306036,
    "Species 1 mean fitness": -135.4525799229061,
    "Species 1 std fitness": 15.792339884263102,
    "Species 1 top animal N hidden neurons": 2,
    "Species 1 top animal N synapses": 6,
    "Species 1 top animal": {
        "neurons": {
            "0": {
                "type": "i",
                "bias": -0.03336805582306381
            },
            "1": {
                "type": "i",
                "bias": -0.11425480223084347
            },
            "2": {
                "type": "i",
                "bias": 0.0970674082762723
            },
            "3": {
                "type": "i",
                "bias": 1.3915107932829545
            },
            "4": {
                "type": "i",
                "bias": 2.374862081002783
            },
            "5": {
                "type": "i",
                "bias": -0.04380238848300833
            },
            "6": {
                "type": "i",
                "bias": 0.23434257221608604
            },
            "7": {
                "type": "i",
                "bias": -0.07530461467523711
            },
            "8": {
                "type": "o",
                "bias": 0.21058319996799774
            },
            "9": {
                "type": "o",
                "bias": 0.17912064706572228
            },
            "10": {
                "type": "o",
                "bias": 0.035254084928531035
            },
            "11": {
                "type": "o",
                "bias": -0.07264931969242612
            },
            "158": {
                "type": "h",
                "bias": -0.02563508509068997
            },
            "249": {
                "type": "h",
                "bias": 0.03860151340999115
            }
        },
        "synapses": {
            "160": {
                "active": true,
                "nrn_to": 11,
                "nrn_from": 158,
                "weight": 2.101064562270866
            },
            "27": {
                "nrn_to": 11,
                "nrn_from": 4,
                "weight": 2.9500348566629646,
                "active": false
            },
            "250": {
                "active": true,
                "nrn_to": 249,
                "nrn_from": 4,
                "weight": 0.9490778340947209
            },
            "251": {
                "active": true,
                "nrn_to": 158,
                "nrn_from": 249,
                "weight": 2.3191538103196088
            },
            "13": {
                "nrn_to": 10,
                "nrn_from": 6,
                "weight": -0.42440846695723367,
                "active": true
            },
            "159": {
                "active": false,
                "nrn_to": 158,
                "nrn_from": 4,
                "weight": 3.0
            }
        }
    },
    "Species 5 num animals": 9,
    "Species 5 top fitness": -73.04696048129001,
    "Species 5 mean fitness": -274.47232982129975,
    "Species 5 std fitness": 331.1383417192855,
    "Species 5 top animal N hidden neurons": 2,
    "Species 5 top animal N synapses": 6,
    "Species 5 top animal": {
        "neurons": {
            "0": {
                "type": "i",
                "bias": 0.3630066403550496
            },
            "1": {
                "type": "i",
                "bias": -0.2518990698520295
            },
            "2": {
                "type": "i",
                "bias": -0.04350576230295315
            },
            "3": {
                "type": "i",
                "bias": 0.24543242704362003
            },
            "4": {
                "type": "i",
                "bias": 2.4462327285909256
            },
            "5": {
                "type": "i",
                "bias": -0.04154452465786811
            },
            "6": {
                "type": "i",
                "bias": -0.05773954282995199
            },
            "7": {
                "type": "i",
                "bias": 0.009993658583083327
            },
            "8": {
                "type": "o",
                "bias": -0.015749107947996072
            },
            "9": {
                "type": "o",
                "bias": 0.1650386106400119
            },
            "10": {
                "type": "o",
                "bias": 0.16984783946816948
            },
            "11": {
                "type": "o",
                "bias": 0.010780937529766818
            },
            "214": {
                "type": "h",
                "bias": -0.03478144721961954
            },
            "158": {
                "type": "h",
                "bias": 0.10997677611152304
            }
        },
        "synapses": {
            "160": {
                "active": false,
                "nrn_to": 11,
                "nrn_from": 158,
                "weight": 0.3785214493833953
            },
            "33": {
                "nrn_to": 9,
                "nrn_from": 6,
                "weight": -0.26254194363007893,
                "active": true
            },
            "215": {
                "active": true,
                "nrn_to": 214,
                "nrn_from": 158,
                "weight": 1.9774525073660785
            },
            "216": {
                "active": true,
                "nrn_to": 11,
                "nrn_from": 214,
                "weight": 0.7197318387905328
            },
            "27": {
                "nrn_to": 11,
                "nrn_from": 4,
                "weight": 1.4862266439180918,
                "active": false
            },
            "159": {
                "active": true,
                "nrn_to": 158,
                "nrn_from": 4,
                "weight": 0.5822461466673821
            }
        }
    },
    "Species 3 num animals": 8,
    "Species 3 top fitness": -48.02198836706821,
    "Species 3 mean fitness": -280.1248462640127,
    "Species 3 std fitness": 342.3243857088608,
    "Species 3 top animal N hidden neurons": 2,
    "Species 3 top animal N synapses": 7,