{
    "Num species": 1,
    "Species 1 num animals": 60,
    "Species 1 top fitness": 194.73256968315155,
    "Species 1 mean fitness": 74.44429368928061,
    "Species 1 std fitness": 81.061808082283,
    "Species 1 top animal N hidden neurons": 0,
    "Species 1 top animal N synapses": 11,
    "Species 1 top animal": {
        "neurons": {
            "0": {
                "type": "i",
                "bias": 0.26045412284077085
            },
            "1": {
                "type": "i",
                "bias": -0.17879236353883354
            },
            "2": {
                "type": "i",
                "bias": 0.15850651088800333
            },
            "3": {
                "type": "i",
                "bias": -0.1263191674066512
            },
            "4": {
                "type": "i",
                "bias": 0.005840034252438168
            },
            "5": {
                "type": "i",
                "bias": -0.04677139432365292
            },
            "6": {
                "type": "i",
                "bias": 0.012615226854491873
            },
            "7": {
                "type": "i",
                "bias": -0.17908077464687944
            },
            "8": {
                "type": "o",
                "bias": 0.06809625424474187
            },
            "9": {
                "type": "o",
                "bias": 0.19656900514695835
            },
            "10": {
                "type": "o",
                "bias": -0.058994378773004154
            },
            "11": {
                "type": "o",
                "bias": 0.07345371250477302
            }
        },
        "synapses": {
            "33": {
                "nrn_to": 10,
                "nrn_from": 7,
                "weight": 0.13102861979907643,
                "active": true
            },
            "34": {
                "nrn_to": 8,
                "nrn_from": 4,
                "weight": 0.21965422932837794,
                "active": true
            },
            "36": {
                "nrn_to": 10,
                "nrn_from": 2,
                "weight": 0.19901735085114836,
                "active": true
            },
            "39": {
                "nrn_to": 9,
                "nrn_from": 2,
                "weight": 0.7961875228382601,
                "active": true
            },
            "14": {
                "nrn_to": 10,
                "nrn_from": 3,
                "weight": -0.9824363421379299,
                "active": true
            },
            "20": {
                "nrn_to": 8,
                "nrn_from": 6,
                "weight": 0.3040800709623835,
                "active": true
            },
            "21": {
                "nrn_to": 11,
                "nrn_from": 6,
                "weight": -0.546697264663915,
                "active": true
            },
            "22": {
                "nrn_to": 9,
                "nrn_from": 5,
                "weight": -0.1685389264756355,
                "active": false
            },
            "26": {
                "nrn_to": 11,
                "nrn_from": 4,
                "weight": 1.6959532193420936,
                "active": true
            },
            "27": {
                "nrn_to": 10,
                "nrn_from": 6,
                "weight": 0.24086019205045572,
                "active": true
            },
            "30": {
                "nrn_to": 9,
                "nrn_from": 6,
                "weight": -0.0007472201916638652,
                "active": false
            }
        }
    }
}