{
    "Num species": 3,
    "Species 2 num animals": 10,
    "Species 2 top fitness": 124.47972142286424,
    "Species 2 mean fitness": 31.747910192827305,
    "Species 2 std fitness": 90.60989929181713,
    "Species 2 top animal N hidden neurons": 0,
    "Species 2 top animal N synapses": 13,
    "Species 2 top animal": {
        "neurons": {
            "0": {
                "type": "i",
                "bias": 0.2579278877413052
            },
            "1": {
                "type": "i",
                "bias": -0.1463641675956203
            },
            "2": {
                "type": "i",
                "bias": 0.2876101284749436
            },
            "3": {
                "type": "i",
                "bias": -0.1939073716321759
            },
            "4": {
                "type": "i",
                "bias": -0.06045072837387591
            },
            "5": {
                "type": "i",
                "bias": -0.045443659669821015
            },
            "6": {
                "type": "i",
                "bias": 0.05503241585228772
            },
            "7": {
                "type": "i",
                "bias": -0.37237718912074136
            },
            "8": {
                "type": "o",
                "bias": 0.06208281998379456
            },
            "9": {
                "type": "o",
                "bias": 0.13034941897843078
            },
            "10": {
                "type": "o",
                "bias": -0.058994378773004154
            },
            "11": {
                "type": "o",
                "bias": 0.09700383023495845
            }
        },
        "synapses": {
            "33": {
                "nrn_to": 10,
                "nrn_from": 7,
                "weight": 0.23304956066456034,
                "active": true
            },
            "34": {
                "nrn_to": 8,
                "nrn_from": 4,
                "weight": 0.48634944775655486,
                "active": true
            },
            "36": {
                "nrn_to": 10,
                "nrn_from": 2,
                "weight": 0.19901735085114836,
                "active": true
            },
            "39": {
                "nrn_to": 9,
                "nrn_from": 2,
                "weight": 1.4819713348849985,
                "active": true
            },
            "14": {
                "nrn_to": 10,
                "nrn_from": 3,
                "weight": -2.0737703428535137,
                "active": true
            },
            "15": {
                "nrn_to": 8,
                "nrn_from": 2,
                "weight": 0.12165052112592496,
                "active": true
            },
            "20": {
                "nrn_to": 8,
                "nrn_from": 6,
                "weight": 0.15434641131171822,
                "active": true
            },
            "21": {
                "nrn_to": 11,
                "nrn_from": 6,
                "weight": -1.381678469968888,
                "active": true
            },
            "22": {
                "nrn_to": 9,
                "nrn_from": 5,
                "weight": -0.048122027970016204,
                "active": false
            },
            "26": {
                "nrn_to": 11,
                "nrn_from": 4,
                "weight": 3.0,
                "active": true
            },
            "27": {
                "nrn_to": 10,
                "nrn_from": 6,
                "weight": 0.10852201056584677,
                "active": false
            },
            "30": {
                "nrn_to": 9,
                "nrn_from": 6,
                "weight": -0.04341563179063096,
                "active": false
            },
            "31": {
                "nrn_to": 9,
                "nrn_from": 4,
                "weight": -0.3140584073932896,
                "active": true
            }
        }
    },
    "Species 1 num animals": 49,
    "Species 1 top fitness": 217.14316577112336,
    "Species 1 mean fitness": 107.61894239039168,
    "Species 1 std fitness": 66.98790672976965,
    "Species 1 top animal N hidden neurons": 0,
    "Species 1 top animal N synapses": 13,
    "Species 1 top animal": {
        "neurons": {
            "0": {
                "type": "i",
                "bias": 0.1963106391289817
            },
            "1": {
                "type": "i",
                "bias": -0.09660807050571893
            },
            "2": {
                "type": "i",
                "bias": 0.2876101284749436
            },
            "3": {
                "type": "i",
                "bias": -0.1263191674066512
            },
            "4": {
                "type": "i",
                "bias": -0.09934738237016674
            },
            "5": {
                "type": "i",
                "bias": -0.045443659669821015
            },
            "6": {
                "type": "i",
                "bias": 0.08221177017453332
            },
            "7": {
                "type": "i",
                "bias": -0.1505518201397903
            },
            "8": {
                "type": "o",
                "bias": 0.08388558821260571
            },
            "9": {
                "type": "o",
                "bias": 0.16829817139818892
            },
            "10": {
                "type": "o",
                "bias": -0.058994378773004154
            },
            "11": {
                "type": "o",
                "bias": 0.09929237143932484
            }
        },
        "synapses": {
            "33": {
                "nrn_to": 10,
                "nrn_from": 7,
                "weight": 0.24396773957372522,
                "active": true
            },
            "34": {
                "nrn_to": 8,
                "nrn_from": 4,
                "weight": 0.1699722370023623,
                "active": true
            },
            "36": {
                "nrn_to": 10,
                "nrn_from": 2,
                "weight": 0.2228068755061684,
                "active": true
            },
            "39": {
                "nrn_to": 9,
                "nrn_from": 2,
                "weight": 0.7961875228382601,
                "active": true
            },
            "14": {
                "nrn_to": 10,
                "nrn_from": 3,
                "weight": -1.139281340787489,
                "active": true
            },
            "15": {
                "nrn_to": 8,
                "nrn_from": 2,
                "weight": 0.0692035217174185,
                "active": true
            },
            "20": {
                "nrn_to": 8,
                "nrn_from": 6,
                "weight": 0.2634946861267886,
                "active": true
            },
            "21": {
                "nrn_to": 11,
                "nrn_from": 6,
                "weight": -1.329129894902138,
                "active": true
            },
            "22": {
                "nrn_to": 9,
                "nrn_from": 5,
                "weight": -0.08463220321206537,
                "active": false
            },
            "26": {
                "nrn_to": 11,
                "nrn_from": 4,
                "weight": 1.648948551498859,
                "active": true
            },
            "27": {
                "nrn_to": 10,
                "nrn_from": 6,
                "weight": 0.14719337146339886,
                "active": false
            },
            "30": {
                "nrn_to": 9,
                "nrn_from": 6,
                "weight": 0.030570250303845706,
                "active": false
            },
            "31": {
                "nrn_to": 9,
                "nrn_from": 4,
                "weight": -0.01688009274958529,
                "active": false
            }
        }
    },
    "Species 3 num animals": 1,
    "Species 3 top fitness": -315.65139452176436,
    "Species 3 mean fitness": -315.65139452176436,