{
    "Num species": 2,
    "Species 0 num animals": 48,
    "Species 0 top fitness": -83.40660853925212,
    "Species 0 mean fitness": -102.81683855066376,
    "Species 0 std fitness": 11.313961426547486,
    "Species 0 top animal N hidden neurons": 0,
    "Species 0 top animal N synapses": 8,
    "Species 0 top animal": {
        "neurons": {
            "0": {
                "type": "i",
                "bias": -0.019104699132660236
            },
            "1": {
                "type": "i",
                "bias": -0.01883881805473441
            },
            "2": {
                "type": "i",
                "bias": 0.0022410465965956652
            },
            "3": {
                "type": "i",
                "bias": 0.25111355525300005
            },
            "4": {
                "type": "i",
                "bias": -0.04830327298666114
            },
            "5": {
                "type": "i",
                "bias": 0.09479905501324624
            },
            "6": {
                "type": "i",
                "bias": -0.09483612134514025
            },
            "7": {
                "type": "i",
                "bias": -0.008375605581554868
            },
            "8": {
                "type": "o",
                "bias": 0.16922335723690735
            },
            "9": {
                "type": "o",
                "bias": -0.09098093835890739
            },
            "10": {
                "type": "o",
                "bias": -0.30223743538134623
            },
            "11": {
                "type": "o",
                "bias": -0.02527247185014477
            }
        },
        "synapses": {
            "34": {
                "nrn_to": 10,
                "nrn_from": 4,
                "weight": -0.20010137814415174,
                "active": true
            },
            "19": {
                "nrn_to": 9,
                "nrn_from": 2,
                "weight": 0.2089107561414465,
                "active": true
            },
            "22": {
                "nrn_to": 11,
                "nrn_from": 4,
                "weight": 0.8566196455125056,
                "active": true
            },
            "23": {
                "nrn_to": 8,
                "nrn_from": 7,
                "weight": -0.21525510685967908,
                "active": false
            },
            "24": {
                "nrn_to": 8,
                "nrn_from": 6,
                "weight": 0.6284116783848607,
                "active": true
            },
            "42": {
                "nrn_to": 8,
                "nrn_from": 3,
                "weight": 0.28448678847491937,
                "active": true
            },
            "15": {
                "nrn_to": 10,
                "nrn_from": 5,
                "weight": -0.16082465595514372,
                "active": true
            },
            "21": {
                "nrn_to": 11,
                "nrn_from": 6,
                "weight": -0.2292237112532793,
                "active": true
            }
        }
    },
    "Species 1 num animals": 12,
    "Species 1 top fitness": -89.07696227064864,
    "Species 1 mean fitness": -116.82841587805213,
    "Species 1 std fitness": 25.206244524277835,
    "Species 1 top animal N hidden neurons": 0,
    "Species 1 top animal N synapses": 7,
    "Species 1 top animal": {
        "neurons": {
            "0": {
                "type": "i",
                "bias": 0.11832050678447074
            },
            "1": {
                "type": "i",
                "bias": -0.031376047707812334
            },
            "2": {
                "type": "i",
                "bias": 0.05455820322359952
            },
            "3": {
                "type": "i",
                "bias": 0.2443507662980517
            },
            "4": {
                "type": "i",
                "bias": 0.011394699702500594
            },
            "5": {
                "type": "i",
                "bias": -0.25516608039680844
            },
            "6": {
                "type": "i",
                "bias": -0.1515666626105354
            },
            "7": {
                "type": "i",
                "bias": 0.05028594620046218
            },
            "8": {
                "type": "o",
                "bias": 0.14425154482616565
            },
            "9": {
                "type": "o",
                "bias": -0.08490849204296182
            },
            "10": {
                "type": "o",
                "bias": -0.2718054633543542
            },
            "11": {
                "type": "o",
                "bias": 0.01862092295076878
            }
        },
        "synapses": {
            "34": {
                "nrn_to": 10,
                "nrn_from": 4,
                "weight": -0.12546775431846346,
                "active": true
            },
            "18": {
                "nrn_to": 8,
                "nrn_from": 2,
                "weight": -0.3778481850385927,
                "active": true
            },
            "19": {
                "nrn_to": 9,
                "nrn_from": 2,
                "weight": 0.23390400392264551,
                "active": true
            },
            "22": {
                "nrn_to": 11,
                "nrn_from": 4,
                "weight": 2.9735221778379914,
                "active": true
            },
            "23": {
                "nrn_to": 8,
                "nrn_from": 7,
                "weight": -0.005907905332924138,
                "active": true
            },
            "42": {
                "nrn_to": 8,
                "nrn_from": 3,
                "weight": 0.6758392778600443,
                "active": true
            },
            "15": {
                "nrn_to": 10,
                "nrn_from": 5,
                "weight": -0.4604244958350368,
                "active": true
            }
        }
    }
}