{
    "Num species": 2,
    "Species 0 num animals": 48,
    "Species 0 top fitness": -48.218063642649824,
    "Species 0 mean fitness": -156.823816204232,
    "Species 0 std fitness": 236.82023914753276,
    "Species 0 top animal N hidden neurons": 0,
    "Species 0 top animal N synapses": 6,
    "Species 0 top animal": {
        "neurons": {
            "0": {
                "type": "i",
                "bias": 0.5891996963056451
            },
            "1": {
                "type": "i",
                "bias": 0.06644117104606809
            },
            "2": {
                "type": "i",
                "bias": -0.23064024201670535
            },
            "3": {
                "type": "i",
                "bias": 0.22374368055291707
            },
            "4": {
                "type": "i",
                "bias": -0.2993008252942218
            },
            "5": {
                "type": "i",
                "bias": -0.5269844499481536
            },
            "6": {
                "type": "i",
                "bias": 0.12819197352276968
            },
            "7": {
                "type": "i",
                "bias": 0.2161471484610244
            },
            "8": {
                "type": "o",
                "bias": -0.0424683076320459
            },
            "9": {
                "type": "o",
                "bias": 0.06607098539117431
            },
            "10": {
                "type": "o",
                "bias": 0.05608688227060937
            },
            "11": {
                "type": "o",
                "bias": -0.039035494570111635
            }
        },
        "synapses": {
            "32": {
                "nrn_to": 8,
                "nrn_from": 1,
                "weight": 0.04691999314222359,
                "active": true
            },
            "34": {
                "nrn_to": 8,
                "nrn_from": 6,
                "weight": -0.23485583082580225,
                "active": true
            },
            "22": {
                "nrn_to": 11,
                "nrn_from": 0,
                "weight": -0.5151541618157751,
                "active": true
            },
            "13": {
                "nrn_to": 9,
                "nrn_from": 4,
                "weight": -0.23367853892481522,
                "active": true
            },
            "14": {
                "nrn_to": 8,
                "nrn_from": 5,
                "weight": 0.6728920424251595,
                "active": true
            },
            "31": {
                "nrn_to": 11,
                "nrn_from": 5,
                "weight": 1.874615545649526,
                "active": true
            }
        }
    },
    "Species 1 num animals": 12,
    "Species 1 top fitness": -34.86691545686109,
    "Species 1 mean fitness": -66.98758345261774,
    "Species 1 std fitness": 24.214880968548105,
    "Species 1 top animal N hidden neurons": 0,
    "Species 1 top animal N synapses": 7,
    "Species 1 top animal": {
        "neurons": {
            "0": {
                "type": "i",
                "bias": 0.13871382933508872
            },
            "1": {
                "type": "i",
                "bias": 0.12810616813739734
            },
            "2": {
                "type": "i",
                "bias": -0.3978400013858503
            },
            "3": {
                "type": "i",
                "bias": 0.1974333612371022
            },
            "4": {
                "type": "i",
                "bias": -0.17956220177311202
            },
            "5": {
                "type": "i",
                "bias": -0.09024099966924573
            },
            "6": {
                "type": "i",
                "bias": 0.09835306197690007
            },
            "7": {
                "type": "i",
                "bias": -0.014180670480346325
            },
            "8": {
                "type": "o",
                "bias": -0.17407841690453726
            },
            "9": {
                "type": "o",
                "bias": -0.09564801896529052
            },
            "10": {
                "type": "o",
                "bias": 0.08991284711248722
            },
            "11": {
                "type": "o",
                "bias": 0.17021260212043543
            }
        },
        "synapses": {
            "32": {
                "nrn_to": 8,
                "nrn_from": 1,
                "weight": 0.3713634661389631,
                "active": true
            },
            "24": {
                "nrn_to": 10,
                "nrn_from": 7,
                "weight": 0.15687569977200505,
                "active": true
            },
            "26": {
                "nrn_to": 11,
                "nrn_from": 7,
                "weight": 0.2182789587399491,
                "active": true
            },
            "13": {
                "nrn_to": 9,
                "nrn_from": 4,
                "weight": -0.33990582814486914,
                "active": true
            },
            "14": {
                "nrn_to": 8,
                "nrn_from": 5,
                "weight": 0.28236527718809323,
                "active": true
            },
            "31": {
                "nrn_to": 11,
                "nrn_from": 5,
                "weight": 1.043334559890347,
                "active": true
            },
            "43": {
                "nrn_to": 9,
                "nrn_from": 1,
                "weight": 0.3215021148073669,
                "active": true
            }
        }
    }
}