{
    "Num species": 1,
    "Species 0 num animals": 60,
    "Species 0 top fitness": -66.62753688793931,
    "Species 0 mean fitness": -153.36139098643235,
    "Species 0 std fitness": 177.8960921911576,
    "Species 0 top animal N hidden neurons": 0,
    "Species 0 top animal N synapses": 3,
    "Species 0 top animal": {
        "neurons": {
            "0": {
                "type": "i",
                "bias": 0.009404906927495862
            },
            "1": {
                "type": "i",
                "bias": 0.0819318490267382
            },
            "2": {
                "type": "i",
                "bias": -0.3364678389648271
            },
            "3": {
                "type": "i",
                "bias": 0.1366797883275635
            },
            "4": {
                "type": "i",
                "bias": -0.15995466804337555
            },
            "5": {
                "type": "i",
                "bias": -0.2167771805885724
            },
            "6": {
                "type": "i",
                "bias": 0.06782034964643552
            },
            "7": {
                "type": "i",
                "bias": 0.08610130417642739
            },
            "8": {
                "type": "o",
                "bias": -0.03397355730310388
            },
            "9": {
                "type": "o",
                "bias": -0.09205461053905323
            },
            "10": {
                "type": "o",
                "bias": 0.0815534183797622
            },
            "11": {
                "type": "o",
                "bias": 0.14176121895613525
            }
        },
        "synapses": {
            "32": {
                "nrn_to": 8,
                "nrn_from": 1,
                "weight": 0.25702175407365835,
                "active": true
            },
            "14": {
                "nrn_to": 8,
                "nrn_from": 5,
                "weight": 0.17314252288324117,
                "active": true
            },
            "31": {
                "nrn_to": 11,
                "nrn_from": 5,
                "weight": 0.45890593121315504,
                "active": true
            }
        }
    }
}