{
    "Num species": 4,
    "Species 2 num animals": 18,
    "Species 2 top fitness": -122.28466934113966,
    "Species 2 mean fitness": -156.67065258981157,
    "Species 2 std fitness": 42.39586239573709,
    "Species 2 top animal N hidden neurons": 0,
    "Species 2 top animal N synapses": 10,
    "Species 2 top animal": {
        "neurons": {
            "0": {
                "type": "i",
                "bias": 1.36112984171362
            },
            "1": {
                "type": "i",
                "bias": -0.27831795626363415
            },
            "2": {
                "type": "i",
                "bias": 0.0906807121635897
            },
            "3": {
                "type": "i",
                "bias": -0.05618850381738739
            },
            "4": {
                "type": "i",
                "bias": 0.12460633327201698
            },
            "5": {
                "type": "i",
                "bias": 0.024505935782958767
            },
            "6": {
                "type": "i",
                "bias": -0.4859958033210877
            },
            "7": {
                "type": "i",
                "bias": 0.057274712164842874
            },
            "8": {
                "type": "o",
                "bias": 0.042277224028692696
            },
            "9": {
                "type": "o",
                "bias": -0.3058108398647348
            },
            "10": {
                "type": "o",
                "bias": 0.12054143711591694
            },
            "11": {
                "type": "o",
                "bias": 0.22026286314894652
            }
        },
        "synapses": {
            "32": {
                "nrn_to": 10,
                "nrn_from": 6,
                "weight": 0.0698255181999679,
                "active": true
            },
            "37": {
                "nrn_to": 8,
                "nrn_from": 0,
                "weight": 0.4803513148792604,
                "active": true
            },
            "38": {
                "nrn_to": 10,
                "nrn_from": 0,
                "weight": -0.5590753873078461,
                "active": true
            },
            "44": {
                "nrn_to": 11,
                "nrn_from": 3,
                "weight": -0.30336960338060037,
                "active": true
            },
            "13": {
                "nrn_to": 8,
                "nrn_from": 1,
                "weight": 1.078927958344722,
                "active": true
            },
            "15": {
                "nrn_to": 9,
                "nrn_from": 7,
                "weight": -0.10613319397811237,
                "active": true
            },
            "48": {
                "nrn_to": 9,
                "nrn_from": 0,
                "weight": -0.22635127573883496,
                "active": false
            },
            "17": {
                "nrn_to": 11,
                "nrn_from": 7,
                "weight": -0.05623330767183125,
                "active": true
            },
            "19": {
                "nrn_to": 9,
                "nrn_from": 1,
                "weight": 0.1200997229640331,
                "active": true
            },
            "20": {
                "nrn_to": 10,
                "nrn_from": 4,
                "weight": -0.04391440989623253,
                "active": false
            }
        }
    },
    "Species 3 num animals": 21,
    "Species 3 top fitness": -122.69435009786896,
    "Species 3 mean fitness": -142.91315837698056,
    "Species 3 std fitness": 17.448084196105473,
    "Species 3 top animal N hidden neurons": 0,
    "Species 3 top animal N synapses": 8,
    "Species 3 top animal": {
        "neurons": {
            "0": {
                "type": "i",
                "bias": -0.03958029961519356
            },
            "1": {
                "type": "i",
                "bias": -0.08425044767799802
            },
            "2": {
                "type": "i",
                "bias": 0.16877736077148095
            },
            "3": {
                "type": "i",
                "bias": -0.10177689562174823
            },
            "4": {
                "type": "i",
                "bias": 0.49567963844087387
            },
            "5": {
                "type": "i",
                "bias": 0.011960539650783992
            },
            "6": {
                "type": "i",
                "bias": -0.0448015254608903
            },
            "7": {
                "type": "i",
                "bias": -0.20837916439796808
            },
            "8": {
                "type": "o",
                "bias": 0.033878221947415285
            },
            "9": {
                "type": "o",
                "bias": -0.04588637812158225
            },
            "10": {
                "type": "o",
                "bias": 0.11197493882837849
            },
            "11": {
                "type": "o",
                "bias": 0.3299610541812572
            }
        },
        "synapses": {
            "35": {
                "nrn_to": 8,
                "nrn_from": 4,
                "weight": 0.07815723263729377,
                "active": true
            },
            "37": {
                "nrn_to": 8,
                "nrn_from": 0,
                "weight": 0.5639369609000888,
                "active": true
            },
            "40": {
                "nrn_to": 8,
                "nrn_from": 5,
                "weight": -0.2871565919637553,
                "active": true
            },
            "44": {
                "nrn_to": 11,
                "nrn_from": 3,
                "weight": -0.4503749885918338,
                "active": true
            },
            "13": {
                "nrn_to": 8,
                "nrn_from": 1,
                "weight": 1.0351254422334673,
                "active": true
            },
            "22": {
                "nrn_to": 9,
                "nrn_from": 6,
                "weight": 0.4187775127387468,
                "active": true
            },
            "25": {
                "nrn_to": 9,
                "nrn_from": 3,
                "weight": -0.06014189570807875,
                "active": true
            },
            "26": {
                "nrn_to": 11,
                "nrn_from": 1,
                "weight": -0.6364697276870093,
                "active": true
            }
        }
    },
    "Species 0 num animals": 12,
    "Species 0 top fitness": -136.1269049678569,
    "Species 0 mean fitness": -141.43122266576924,
    "Species 0 std fitness": 2.433996658572638,
    "Species 0 top animal N hidden neurons": 0,
    "Species 0 top animal N synapses": 6,
    "Species 0 top animal": {
        "neurons": {
            "0": {
                "type": "i",
                "bias": 0.7896380794699958
            },
            "1": {
                "type": "i",
                "bias": -0.03339266264391769
            },
            "2": {
                "type": "i",
                "bias": -0.11677405270662951
            },
            "3": {
                "type": "i",
                "bias": -0.07001106422453904
            },
            "4": {
                "type": "i",
                "bias": 0.3809495955488638
            },
            "5": {
                "type": "i",
                "bias": -0.09222269329487415
            },
            "6": {
                "type": "i",
                "bias": 0.022386582877419292
            },
            "7": {
                "type": "i",
                "bias": -0.20868522565814063
            },
            "8": {
                "type": "o",
                "bias": 0.22086423899984586
            },
            "9": {
                "type": "o",
                "bias": -0.2226007157928333
            },
            "10": {
                "type": "o",
                "bias": 0.09509161106920386
            },