{
    "Num species": 1,
    "Species 0 num animals": 60,
    "Species 0 top fitness": -81.49549057599936,
    "Species 0 mean fitness": -177.8482469927265,
    "Species 0 std fitness": 60.508983234588285,
    "Species 0 top animal N hidden neurons": 0,
    "Species 0 top animal N synapses": 4,
    "Species 0 top animal": {
        "neurons": {
            "0": {
                "type": "i",
                "bias": -0.014789246947603005
            },
            "1": {
                "type": "i",
                "bias": 0.0029057573124712383
            },
            "2": {
                "type": "i",
                "bias": -0.000688566668612306
            },
            "3": {
                "type": "i",
                "bias": 0.01430900651934151
            },
            "4": {
                "type": "i",
                "bias": 0.07727164771963639
            },
            "5": {
                "type": "i",
                "bias": -0.042000250570367506
            },
            "6": {
                "type": "i",
                "bias": 0.040678950942074285
            },
            "7": {
                "type": "i",
                "bias": 0.09010953498177447
            },
            "8": {
                "type": "o",
                "bias": 0.1487978116746369
            },
            "9": {
                "type": "o",
                "bias": 0.03184803791059525
            },
            "10": {
                "type": "o",
                "bias": 0.022574085871842307
            },
            "11": {
                "type": "o",
                "bias": -0.056933366249963736
            }
        },
        "synapses": {
            "26": {
                "nrn_to": 10,
                "nrn_from": 7,
                "weight": 0.3608965498692799,
                "active": true
            },
            "19": {
                "nrn_to": 8,
                "nrn_from": 3,
                "weight": 0.2835882308389631,
                "active": true
            },
            "21": {
                "nrn_to": 11,
                "nrn_from": 7,
                "weight": 0.3922829007334896,
                "active": true
            },
            "22": {
                "nrn_to": 11,
                "nrn_from": 5,
                "weight": 1.037308328400359,
                "active": true
            }
        }
    }
}