{
    "Num species": 3,
    "Species 1 num animals": 10,
    "Species 1 top fitness": 117.50836553926993,
    "Species 1 mean fitness": 66.95953853592404,
    "Species 1 std fitness": 33.43458863291109,
    "Species 1 top animal N hidden neurons": 0,
    "Species 1 top animal N synapses": 9,
    "Species 1 top animal": {
        "neurons": {
            "0": {
                "type": "i",
                "bias": 0.18949652868217015
            },
            "1": {
                "type": "i",
                "bias": -0.13382765029960256
            },
            "2": {
                "type": "i",
                "bias": -0.23943461778309022
            },
            "3": {
                "type": "i",
                "bias": 0.5411259332529875
            },
            "4": {
                "type": "i",
                "bias": 0.7189896450203317
            },
            "5": {
                "type": "i",
                "bias": 0.23247764105865465
            },
            "6": {
                "type": "i",
                "bias": -0.02818831572444514
            },
            "7": {
                "type": "i",
                "bias": -0.2703829196547834
            },
            "8": {
                "type": "o",
                "bias": -0.5548161428600142
            },
            "9": {
                "type": "o",
                "bias": -0.0008638074345771116
            },
            "10": {
                "type": "o",
                "bias": 0.0991448615037615
            },
            "11": {
                "type": "o",
                "bias": 0.15826651339663436
            }
        },
        "synapses": {
            "13": {
                "nrn_to": 11,
                "nrn_from": 0,
                "weight": -0.30603401471356073,
                "active": false
            },
            "15": {
                "nrn_to": 11,
                "nrn_from": 5,
                "weight": 0.20439777981495091,
                "active": false
            },
            "16": {
                "nrn_to": 8,
                "nrn_from": 1,
                "weight": 0.3080376370905851,
                "active": false
            },
            "22": {
                "nrn_to": 9,
                "nrn_from": 0,
                "weight": 0.8097256704844197,
                "active": true
            },
            "23": {
                "nrn_to": 9,
                "nrn_from": 7,
                "weight": -0.4303825498082425,
                "active": true
            },
            "24": {
                "nrn_to": 9,
                "nrn_from": 4,
                "weight": -3.0,
                "active": true
            },
            "25": {
                "nrn_to": 10,
                "nrn_from": 5,
                "weight": -0.054121691644647994,
                "active": false
            },
            "28": {
                "nrn_to": 11,
                "nrn_from": 3,
                "weight": 0.3489769573348365,
                "active": true
            },
            "30": {
                "nrn_to": 9,
                "nrn_from": 5,
                "weight": -0.5694355881068038,
                "active": true
            }
        }
    },
    "Species 2 num animals": 15,
    "Species 2 top fitness": 4.771622578109272,
    "Species 2 mean fitness": -87.40713322371974,
    "Species 2 std fitness": 82.33955508012768,
    "Species 2 top animal N hidden neurons": 1,
    "Species 2 top animal N synapses": 12,
    "Species 2 top animal": {
        "neurons": {
            "0": {
                "type": "i",
                "bias": 0.3803767319024563
            },
            "1": {
                "type": "i",
                "bias": 0.11454829690574699
            },
            "2": {
                "type": "i",
                "bias": -0.292910955554626
            },
            "3": {
                "type": "i",
                "bias": 0.4286052023675853
            },
            "4": {
                "type": "i",
                "bias": 0.23942923193471158
            },
            "5": {
                "type": "i",
                "bias": 0.17688452659290999
            },
            "6": {
                "type": "i",
                "bias": 0.014681447472163656
            },
            "7": {
                "type": "i",
                "bias": -0.36604108330276375
            },
            "8": {
                "type": "o",
                "bias": -0.12811597296013366
            },
            "9": {
                "type": "o",
                "bias": 0.013290616897492082
            },
            "10": {
                "type": "o",
                "bias": 0.06317409378524666
            },
            "11": {
                "type": "o",
                "bias": -0.057799454951892135
            },
            "147": {
                "type": "h",
                "bias": -0.03671794945676843
            }
        },
        "synapses": {
            "34": {
                "nrn_to": 10,
                "nrn_from": 7,
                "weight": 0.09888657795071262,
                "active": true
            },
            "35": {
                "nrn_to": 10,
                "nrn_from": 6,
                "weight": -0.501676866210574,
                "active": true
            },
            "36": {
                "nrn_to": 11,
                "nrn_from": 4,
                "weight": 1.8187935587283657,
                "active": true
            },
            "163": {
                "nrn_to": 147,
                "nrn_from": 4,
                "weight": 0.05298280191999842,
                "active": false
            },
            "41": {
                "nrn_to": 8,
                "nrn_from": 5,
                "weight": -0.12160835700234798,
                "active": false
            },
            "13": {
                "nrn_to": 11,
                "nrn_from": 0,
                "weight": -0.06252413286530922,
                "active": false
            },
            "15": {
                "nrn_to": 11,
                "nrn_from": 5,
                "weight": 0.6397951016768573,
                "active": true
            },
            "16": {
                "nrn_to": 8,
                "nrn_from": 1,
                "weight": 0.20419314094495883,
                "active": true
            },
            "148": {
                "active": true,
                "nrn_to": 147,
                "nrn_from": 5,
                "weight": 1.0776543516304888
            },
            "149": {
                "active": false,
                "nrn_to": 8,
                "nrn_from": 147,
                "weight": -0.6325693235431181
            },
            "23": {
                "nrn_to": 9,
                "nrn_from": 7,
                "weight": 0.1666757235192193,
                "active": false
            },
            "24": {
                "nrn_to": 9,
                "nrn_from": 4,
                "weight": -1.2369380908060523,
                "active": true
            }
        }
    },
    "Species 0 num animals": 35,
    "Species 0 top fitness": 144.9850580560868,
    "Species 0 mean fitness": 32.272774522261194,
    "Species 0 std fitness": 123.85450511280652,
    "Species 0 top animal N hidden neurons": 0,
    "Species 0 top animal N synapses": 10,
    "Species 0 top animal": {
        "neurons": {
            "0": {
                "type": "i",
                "bias": 0.23014169342557989
            },
            "1": {
                "type": "i",
                "bias": -0.034821704786880056
            },
            "2": {
                "type": "i",
                "bias": -0.3052444576379384
            },
            "3": {
                "type": "i",
                "bias": 0.996661197113888
            },
            "4": {
                "type": "i",
                "bias": 0.48389792646755897
            },
            "5": {
                "type": "i",