{
    "Num species": 1,
    "Species 0 num animals": 60,
    "Species 0 top fitness": -46.27582274004097,
    "Species 0 mean fitness": -141.49332536288276,
    "Species 0 std fitness": 100.99645761331678,
    "Species 0 top animal N hidden neurons": 1,
    "Species 0 top animal N synapses": 4,
    "Species 0 top animal": {
        "neurons": {
            "0": {
                "type": "i",
                "bias": -0.0939398411831405
            },
            "1": {
                "type": "i",
                "bias": 0.02818892649487577
            },
            "2": {
                "type": "i",
                "bias": 0.168083871271604
            },
            "3": {
                "type": "i",
                "bias": -0.11239472085245726
            },
            "4": {
                "type": "i",
                "bias": 0.12892325341030958
            },
            "5": {
                "type": "i",
                "bias": 0.08762274474516928
            },
            "6": {
                "type": "i",
                "bias": -0.18144684085322407
            },
            "7": {
                "type": "i",
                "bias": -0.09895607381449643
            },
            "8": {
                "type": "o",
                "bias": 0.046325194893365625
            },
            "9": {
                "type": "o",
                "bias": 0.014352449935277733
            },
            "10": {
                "type": "o",
                "bias": 0.016330755800446788
            },
            "11": {
                "type": "o",
                "bias": 0.029737770249215142
            },
            "56": {
                "type": "h",
                "bias": 0.08784849445652325
            }
        },
        "synapses": {
            "16": {
                "nrn_to": 11,
                "nrn_from": 5,
                "weight": 0.33451980922439056,
                "active": false
            },
            "57": {
                "active": true,
                "nrn_to": 56,
                "nrn_from": 5,
                "weight": 0.5005450794265713
            },
            "58": {
                "active": true,
                "nrn_to": 11,
                "nrn_from": 56,
                "weight": 0.33451980922439056
            },
            "13": {
                "nrn_to": 8,
                "nrn_from": 1,
                "weight": 0.26058244770463895,
                "active": true
            }
        }
    }
}