{
    "Num species": 1,
    "Species 0 num animals": 60,
    "Species 0 top fitness": -89.16128169076745,
    "Species 0 mean fitness": -148.49342653855868,
    "Species 0 std fitness": 90.82077972751725,
    "Species 0 top animal N hidden neurons": 0,
    "Species 0 top animal N synapses": 2,
    "Species 0 top animal": {
        "neurons": {
            "0": {
                "type": "i",
                "bias": 0.0
            },
            "1": {
                "type": "i",
                "bias": 0.0045828561570649805
            },
            "2": {
                "type": "i",
                "bias": 0.0
            },
            "3": {
                "type": "i",
                "bias": 0.06549241842882518
            },
            "4": {
                "type": "i",
                "bias": 0.0
            },
            "5": {
                "type": "i",
                "bias": -0.06036414806287522
            },
            "6": {
                "type": "i",
                "bias": -0.06182704653379261
            },
            "7": {
                "type": "i",
                "bias": -0.028433205195463298
            },
            "8": {
                "type": "o",
                "bias": 0.0
            },
            "9": {
                "type": "o",
                "bias": -0.053379848382165834
            },
            "10": {
                "type": "o",
                "bias": -0.033372576639427436
            },
            "11": {
                "type": "o",
                "bias": 0.006555054892761239
            }
        },
        "synapses": {
            "16": {
                "nrn_to": 8,
                "nrn_from": 1,
                "weight": 0.2362657629808249,
                "active": true
            },
            "17": {
                "nrn_to": 11,
                "nrn_from": 1,
                "weight": 0.1116521733504511,
                "active": true
            }
        }
    }
}