{
    "Num species": 2,
    "Species 0 num animals": 14,
    "Species 0 top fitness": -49.823432986309,
    "Species 0 mean fitness": -98.43669770528213,
    "Species 0 std fitness": 49.28761749751032,
    "Species 0 top animal N hidden neurons": 0,
    "Species 0 top animal N synapses": 8,
    "Species 0 top animal": {
        "neurons": {
            "0": {
                "type": "i",
                "bias": 0.5072108805190918
            },
            "1": {
                "type": "i",
                "bias": 0.012257795770783786
            },
            "2": {
                "type": "i",
                "bias": -0.4004824866026164
            },
            "3": {
                "type": "i",
                "bias": 0.3892030869263717
            },
            "4": {
                "type": "i",
                "bias": -0.06251197872855477
            },
            "5": {
                "type": "i",
                "bias": -0.48919874809088726
            },
            "6": {
                "type": "i",
                "bias": 0.11194296476837301
            },
            "7": {
                "type": "i",
                "bias": 0.07560861239855796
            },
            "8": {
                "type": "o",
                "bias": -0.1312362329915289
            },
            "9": {
                "type": "o",
                "bias": 0.03045832989724732
            },
            "10": {
                "type": "o",
                "bias": 0.05608688227060937
            },
            "11": {
                "type": "o",
                "bias": -0.024550377379191392
            }
        },
        "synapses": {
            "32": {
                "nrn_to": 8,
                "nrn_from": 1,
                "weight": 0.19202651405006907,
                "active": true
            },
            "33": {
                "nrn_to": 10,
                "nrn_from": 5,
                "weight": 0.16782215482388507,
                "active": true
            },
            "34": {
                "nrn_to": 8,
                "nrn_from": 6,
                "weight": -0.23124210815529564,
                "active": true
            },
            "36": {
                "nrn_to": 11,
                "nrn_from": 3,
                "weight": -0.06693402588394103,
                "active": false
            },
            "13": {
                "nrn_to": 9,
                "nrn_from": 4,
                "weight": -0.23976138747586453,
                "active": true
            },
            "14": {
                "nrn_to": 8,
                "nrn_from": 5,
                "weight": 0.6725673956372286,
                "active": true
            },
            "22": {
                "nrn_to": 11,
                "nrn_from": 0,
                "weight": -0.4422970472700647,
                "active": true
            },
            "31": {
                "nrn_to": 11,
                "nrn_from": 5,
                "weight": 0.8387466015465588,
                "active": true
            }
        }
    },
    "Species 1 num animals": 46,
    "Species 1 top fitness": -10.686289307643227,
    "Species 1 mean fitness": -72.98514231768185,
    "Species 1 std fitness": 71.89740834038811,
    "Species 1 top animal N hidden neurons": 0,
    "Species 1 top animal N synapses": 11,
    "Species 1 top animal": {
        "neurons": {
            "0": {
                "type": "i",
                "bias": 0.21441367096311162
            },
            "1": {
                "type": "i",
                "bias": 0.026580231714088798
            },
            "2": {
                "type": "i",
                "bias": -0.18478399206727963
            },
            "3": {
                "type": "i",
                "bias": 0.09569795230877341
            },
            "4": {
                "type": "i",
                "bias": -0.30861423178471314
            },
            "5": {
                "type": "i",
                "bias": -0.25328995355228606
            },
            "6": {
                "type": "i",
                "bias": 0.04523631234932983
            },
            "7": {
                "type": "i",
                "bias": -0.03256154393074939
            },
            "8": {
                "type": "o",
                "bias": -0.18272057918393905
            },
            "9": {
                "type": "o",
                "bias": 0.035842521157714954
            },
            "10": {
                "type": "o",
                "bias": 0.08991284711248722
            },
            "11": {
                "type": "o",
                "bias": 0.17021260212043543
            }
        },
        "synapses": {
            "32": {
                "nrn_to": 8,
                "nrn_from": 1,
                "weight": 0.33210333833167877,
                "active": true
            },
            "34": {
                "nrn_to": 8,
                "nrn_from": 6,
                "weight": -0.22529423257118708,
                "active": true
            },
            "37": {
                "nrn_to": 8,
                "nrn_from": 2,
                "weight": 0.050837098021140836,
                "active": true
            },
            "43": {
                "nrn_to": 9,
                "nrn_from": 1,
                "weight": 0.28709136623663617,
                "active": true
            },
            "13": {
                "nrn_to": 9,
                "nrn_from": 4,
                "weight": -0.38175385630816827,
                "active": true
            },
            "14": {
                "nrn_to": 8,
                "nrn_from": 5,
                "weight": 0.2876921955702949,
                "active": true
            },
            "18": {
                "nrn_to": 9,
                "nrn_from": 3,
                "weight": 0.12629406464181608,
                "active": true
            },
            "24": {
                "nrn_to": 10,
                "nrn_from": 7,
                "weight": 0.0384240814596112,
                "active": true
            },
            "26": {
                "nrn_to": 11,
                "nrn_from": 7,
                "weight": 0.1887631842838111,
                "active": true
            },
            "31": {
                "nrn_to": 11,
                "nrn_from": 5,
                "weight": 1.043334559890347,
                "active": true
            },
            "39": {
                "nrn_to": 10,
                "nrn_from": 1,
                "weight": 0.05595778328372718,
                "active": true
            }
        }
    }
}