{
    "Num species": 4,
    "Species 2 num animals": 16,
    "Species 2 top fitness": 167.74440586975246,
    "Species 2 mean fitness": 68.74709608429289,
    "Species 2 std fitness": 56.358842597057496,
    "Species 2 top animal N hidden neurons": 0,
    "Species 2 top animal N synapses": 14,
    "Species 2 top animal": {
        "neurons": {
            "0": {
                "type": "i",
                "bias": 0.2579278877413052
            },
            "1": {
                "type": "i",
                "bias": -0.1463641675956203
            },
            "2": {
                "type": "i",
                "bias": 0.2876101284749436
            },
            "3": {
                "type": "i",
                "bias": -0.1939073716321759
            },
            "4": {
                "type": "i",
                "bias": -0.06045072837387591
            },
            "5": {
                "type": "i",
                "bias": -0.1192057540071137
            },
            "6": {
                "type": "i",
                "bias": 0.029877330814175984
            },
            "7": {
                "type": "i",
                "bias": -0.33434017824718504
            },
            "8": {
                "type": "o",
                "bias": 0.050999693183167154
            },
            "9": {
                "type": "o",
                "bias": 0.10623970974823936
            },
            "10": {
                "type": "o",
                "bias": -0.069307822534352
            },
            "11": {
                "type": "o",
                "bias": 0.017563878741812713
            }
        },
        "synapses": {
            "33": {
                "nrn_to": 10,
                "nrn_from": 7,
                "weight": 0.3048278775890387,
                "active": true
            },
            "34": {
                "nrn_to": 8,
                "nrn_from": 4,
                "weight": 0.5736131685771473,
                "active": true
            },
            "36": {
                "nrn_to": 10,
                "nrn_from": 2,
                "weight": 0.2149908700481095,
                "active": true
            },
            "39": {
                "nrn_to": 9,
                "nrn_from": 2,
                "weight": 1.4819713348849985,
                "active": true
            },
            "14": {
                "nrn_to": 10,
                "nrn_from": 3,
                "weight": -2.0737703428535137,
                "active": true
            },
            "15": {
                "nrn_to": 8,
                "nrn_from": 2,
                "weight": 0.12165052112592496,
                "active": true
            },
            "20": {
                "nrn_to": 8,
                "nrn_from": 6,
                "weight": 0.30869282262343645,
                "active": true
            },
            "21": {
                "nrn_to": 11,
                "nrn_from": 6,
                "weight": -1.3182898176023536,
                "active": true
            },
            "22": {
                "nrn_to": 9,
                "nrn_from": 5,
                "weight": -0.048122027970016204,
                "active": false
            },
            "26": {
                "nrn_to": 11,
                "nrn_from": 4,
                "weight": 3.0,
                "active": true
            },
            "27": {
                "nrn_to": 10,
                "nrn_from": 6,
                "weight": 0.07773884463316096,
                "active": false
            },
            "30": {
                "nrn_to": 9,
                "nrn_from": 6,
                "weight": -0.0024831645113622125,
                "active": false
            },
            "31": {
                "nrn_to": 9,
                "nrn_from": 4,
                "weight": -0.3140584073932896,
                "active": true
            },
            "12": {
                "nrn_to": 8,
                "nrn_from": 0,
                "weight": 0.0906562323416559,
                "active": false
            }
        }
    },
    "Species 4 num animals": 2,
    "Species 4 top fitness": 180.4306443428199,
    "Species 4 mean fitness": 140.77194988654767,
    "Species 4 std fitness": 39.65869445627222,
    "Species 4 top animal N hidden neurons": 0,
    "Species 4 top animal N synapses": 15,
    "Species 4 top animal": {
        "neurons": {
            "0": {
                "type": "i",
                "bias": 0.45639926841493217
            },
            "1": {
                "type": "i",
                "bias": 0.1879381770387792
            },
            "2": {
                "type": "i",
                "bias": 0.2562178373880181
            },
            "3": {
                "type": "i",
                "bias": -0.8511397886585202
            },
            "4": {
                "type": "i",
                "bias": 0.0023530655490431734
            },
            "5": {
                "type": "i",
                "bias": -0.18845366861184848
            },
            "6": {
                "type": "i",
                "bias": 0.08221177017453332
            },
            "7": {
                "type": "i",
                "bias": -0.4871623763932613
            },
            "8": {
                "type": "o",
                "bias": -0.09306312818941506
            },
            "9": {
                "type": "o",
                "bias": 0.15364118095033552
            },
            "10": {
                "type": "o",
                "bias": -0.05624217614848219
            },
            "11": {
                "type": "o",
                "bias": 0.17438993637530115
            }
        },
        "synapses": {
            "33": {
                "nrn_to": 10,
                "nrn_from": 7,
                "weight": -0.05010301327945206,
                "active": true
            },
            "34": {
                "nrn_to": 8,
                "nrn_from": 4,
                "weight": 0.24665240168687677,
                "active": true
            },
            "36": {
                "nrn_to": 10,
                "nrn_from": 2,
                "weight": 0.2177253219989595,
                "active": false
            },
            "39": {
                "nrn_to": 9,
                "nrn_from": 2,
                "weight": 0.7037195097192122,
                "active": true
            },
            "41": {
                "nrn_to": 11,
                "nrn_from": 0,
                "weight": -0.10974373990228622,
                "active": true
            },
            "14": {
                "nrn_to": 10,
                "nrn_from": 3,
                "weight": -1.139281340787489,
                "active": true
            },
            "18": {
                "nrn_to": 9,
                "nrn_from": 0,
                "weight": 0.20618206197503,
                "active": true
            },
            "20": {
                "nrn_to": 8,
                "nrn_from": 6,
                "weight": 0.360123171179444,
                "active": true
            },
            "21": {
                "nrn_to": 11,
                "nrn_from": 6,
                "weight": -0.3951613396302669,
                "active": true
            },
            "22": {
                "nrn_to": 9,
                "nrn_from": 5,
                "weight": -0.16926440642413074,
                "active": false
            },
            "55": {
                "nrn_to": 11,
                "nrn_from": 5,
                "weight": 0.34450964060741707,
                "active": true
            },
            "26": {
                "nrn_to": 11,
                "nrn_from": 4,
                "weight": 1.6962805268554575,
                "active": true
            },
            "27": {
                "nrn_to": 10,
                "nrn_from": 6,
                "weight": 0.3250743178719728,
                "active": true
            },