{
    "Num species": 1,
    "Species 0 num animals": 60,
    "Species 0 top fitness": -100.11944276147838,
    "Species 0 mean fitness": -191.44183822765783,
    "Species 0 std fitness": 165.3304592093466,
    "Species 0 top animal N hidden neurons": 0,
    "Species 0 top animal N synapses": 3,
    "Species 0 top animal": {
        "neurons": {
            "0": {
                "type": "i",
                "bias": -0.2089185943923107
            },
            "1": {
                "type": "i",
                "bias": -0.04136834935573302
            },
            "2": {
                "type": "i",
                "bias": -0.031201765207126916
            },
            "3": {
                "type": "i",
                "bias": -0.031939287407941094
            },
            "4": {
                "type": "i",
                "bias": 0.08094442760940876
            },
            "5": {
                "type": "i",
                "bias": 0.06469994450026183
            },
            "6": {
                "type": "i",
                "bias": 0.020508705482452212
            },
            "7": {
                "type": "i",
                "bias": 0.023942967871084835
            },
            "8": {
                "type": "o",
                "bias": 0.13777829227587796
            },
            "9": {
                "type": "o",
                "bias": -0.009755863524461894
            },
            "10": {
                "type": "o",
                "bias": 0.004029180124955296
            },
            "11": {
                "type": "o",
                "bias": -0.09611848562247617
            }
        },
        "synapses": {
            "18": {
                "nrn_to": 11,
                "nrn_from": 4,
                "weight": 0.4302932207091611,
                "active": true
            },
            "30": {
                "nrn_to": 8,
                "nrn_from": 5,
                "weight": 0.02361825389706743,
                "active": true
            },
            "32": {
                "nrn_to": 10,
                "nrn_from": 6,
                "weight": -0.048929980773270765,
                "active": true
            }
        }
    }
}