{
    "Num species": 1,
    "Species 0 num animals": 60,
    "Species 0 top fitness": -53.25880918257075,
    "Species 0 mean fitness": -138.91147954675617,
    "Species 0 std fitness": 88.5977573711633,
    "Species 0 top animal N hidden neurons": 0,
    "Species 0 top animal N synapses": 8,
    "Species 0 top animal": {
        "neurons": {
            "0": {
                "type": "i",
                "bias": -0.04356818209038977
            },
            "1": {
                "type": "i",
                "bias": 0.0484909914880787
            },
            "2": {
                "type": "i",
                "bias": 0.10288709769045792
            },
            "3": {
                "type": "i",
                "bias": -0.19721883254523442
            },
            "4": {
                "type": "i",
                "bias": 0.263636865366623
            },
            "5": {
                "type": "i",
                "bias": 0.2098743972958806
            },
            "6": {
                "type": "i",
                "bias": 0.10917749544514876
            },
            "7": {
                "type": "i",
                "bias": 0.06068199512656988
            },
            "8": {
                "type": "o",
                "bias": -0.016995588451132054
            },
            "9": {
                "type": "o",
                "bias": 0.18397045612723997
            },
            "10": {
                "type": "o",
                "bias": 0.10157447889958154
            },
            "11": {
                "type": "o",
                "bias": -0.13994371173026648
            }
        },
        "synapses": {
            "35": {
                "nrn_to": 10,
                "nrn_from": 0,
                "weight": -0.1313917986506627,
                "active": true
            },
            "36": {
                "nrn_to": 11,
                "nrn_from": 4,
                "weight": 1.086002723058543,
                "active": true
            },
            "39": {
                "nrn_to": 11,
                "nrn_from": 0,
                "weight": -0.22410796826819684,
                "active": true
            },
            "14": {
                "nrn_to": 10,
                "nrn_from": 5,
                "weight": 0.5049188597416481,
                "active": true
            },
            "15": {
                "nrn_to": 9,
                "nrn_from": 6,
                "weight": -0.21660766482681065,
                "active": true
            },
            "16": {
                "nrn_to": 9,
                "nrn_from": 1,
                "weight": -0.0991528310120127,
                "active": true
            },
            "24": {
                "nrn_to": 8,
                "nrn_from": 1,
                "weight": 0.14019946086945348,
                "active": true
            },
            "25": {
                "nrn_to": 11,
                "nrn_from": 6,
                "weight": 0.013104549241730493,
                "active": false
            }
        }
    }
}