{
    "Num species": 1,
    "Species 0 num animals": 60,
    "Species 0 top fitness": 221.02564221278712,
    "Species 0 mean fitness": 3.9935239015390462,
    "Species 0 std fitness": 158.92306117117295,
    "Species 0 top animal N hidden neurons": 0,
    "Species 0 top animal N synapses": 12,
    "Species 0 top animal": {
        "neurons": {
            "0": {
                "type": "i",
                "bias": -0.3793349444461096
            },
            "1": {
                "type": "i",
                "bias": 0.3212998144971093
            },
            "2": {
                "type": "i",
                "bias": 0.10071445156420257
            },
            "3": {
                "type": "i",
                "bias": 0.1835340755695611
            },
            "4": {
                "type": "i",
                "bias": -0.06575255923353407
            },
            "5": {
                "type": "i",
                "bias": 0.28326205508346175
            },
            "6": {
                "type": "i",
                "bias": 0.16121377323093694
            },
            "7": {
                "type": "i",
                "bias": -0.07384434410073948
            },
            "8": {
                "type": "o",
                "bias": 0.21867697575700853
            },
            "9": {
                "type": "o",
                "bias": 0.1207788525510292
            },
            "10": {
                "type": "o",
                "bias": 0.10196545390747752
            },
            "11": {
                "type": "o",
                "bias": 0.08364714619477592
            }
        },
        "synapses": {
            "32": {
                "nrn_to": 8,
                "nrn_from": 6,
                "weight": -0.18107006130571465,
                "active": false
            },
            "34": {
                "nrn_to": 11,
                "nrn_from": 2,
                "weight": -0.23267279942123553,
                "active": true
            },
            "41": {
                "nrn_to": 11,
                "nrn_from": 3,
                "weight": 0.07143284050650947,
                "active": true
            },
            "42": {
                "nrn_to": 11,
                "nrn_from": 0,
                "weight": -0.47828958413927003,
                "active": true
            },
            "43": {
                "nrn_to": 9,
                "nrn_from": 6,
                "weight": -0.41273783764961336,
                "active": true
            },
            "48": {
                "nrn_to": 9,
                "nrn_from": 7,
                "weight": 0.21240854268954884,
                "active": false
            },
            "18": {
                "nrn_to": 9,
                "nrn_from": 4,
                "weight": -0.12635280842303623,
                "active": false
            },
            "19": {
                "nrn_to": 8,
                "nrn_from": 3,
                "weight": 0.7030309908662962,
                "active": true
            },
            "21": {
                "nrn_to": 8,
                "nrn_from": 4,
                "weight": 0.33087410681570484,
                "active": true
            },
            "22": {
                "nrn_to": 11,
                "nrn_from": 4,
                "weight": 1.138233956791912,
                "active": true
            },
            "28": {
                "nrn_to": 9,
                "nrn_from": 3,
                "weight": 0.187584443154472,
                "active": true
            },
            "29": {
                "nrn_to": 11,
                "nrn_from": 5,
                "weight": 0.5846096005582588,
                "active": true
            }
        }
    }
}