{
    "Num species": 1,
    "Species 0 num animals": 60,
    "Species 0 top fitness": -86.59224174774407,
    "Species 0 mean fitness": -139.32441885836369,
    "Species 0 std fitness": 39.50655085459258,
    "Species 0 top animal N hidden neurons": 0,
    "Species 0 top animal N synapses": 4,
    "Species 0 top animal": {
        "neurons": {
            "0": {
                "type": "i",
                "bias": 0.1398734972583156
            },
            "1": {
                "type": "i",
                "bias": -0.022200089443854713
            },
            "2": {
                "type": "i",
                "bias": -0.10149011286742447
            },
            "3": {
                "type": "i",
                "bias": 0.08028769143951492
            },
            "4": {
                "type": "i",
                "bias": 0.043813676715054525
            },
            "5": {
                "type": "i",
                "bias": -0.16100701335964399
            },
            "6": {
                "type": "i",
                "bias": 0.04055142744505979
            },
            "7": {
                "type": "i",
                "bias": 0.18061180649482686
            },
            "8": {
                "type": "o",
                "bias": 0.49607568261627905
            },
            "9": {
                "type": "o",
                "bias": 0.11691443611421806
            },
            "10": {
                "type": "o",
                "bias": -0.1400126779083931
            },
            "11": {
                "type": "o",
                "bias": -0.19799655948045106
            }
        },
        "synapses": {
            "12": {
                "nrn_to": 10,
                "nrn_from": 3,
                "weight": -0.5055230739558423,
                "active": true
            },
            "20": {
                "nrn_to": 11,
                "nrn_from": 0,
                "weight": 0.3810740667694169,
                "active": true
            },
            "37": {
                "nrn_to": 8,
                "nrn_from": 2,
                "weight": 0.11541481555990583,
                "active": true
            },
            "36": {
                "nrn_to": 10,
                "nrn_from": 5,
                "weight": -0.4543696223285606,
                "active": true
            }
        }
    }
}