{
    "Num species": 2,
    "Species 0 num animals": 42,
    "Species 0 top fitness": 79.18206505543995,
    "Species 0 mean fitness": -16.248956587008603,
    "Species 0 std fitness": 42.56969121374766,
    "Species 0 top animal N hidden neurons": 0,
    "Species 0 top animal N synapses": 13,
    "Species 0 top animal": {
        "neurons": {
            "0": {
                "type": "i",
                "bias": -0.08151997931170438
            },
            "1": {
                "type": "i",
                "bias": 0.004945140667640749
            },
            "2": {
                "type": "i",
                "bias": 0.026472487590210817
            },
            "3": {
                "type": "i",
                "bias": -0.03200075336820278
            },
            "4": {
                "type": "i",
                "bias": 0.19394633758519464
            },
            "5": {
                "type": "i",
                "bias": 0.19674343083793822
            },
            "6": {
                "type": "i",
                "bias": -0.055881013343444086
            },
            "7": {
                "type": "i",
                "bias": -0.08542507816443701
            },
            "8": {
                "type": "o",
                "bias": 0.07804246701566275
            },
            "9": {
                "type": "o",
                "bias": 0.1365254860487203
            },
            "10": {
                "type": "o",
                "bias": 0.11006452248739672
            },
            "11": {
                "type": "o",
                "bias": -0.10595601584262701
            }
        },
        "synapses": {
            "32": {
                "nrn_to": 9,
                "nrn_from": 2,
                "weight": 0.5738200705068315,
                "active": true
            },
            "33": {
                "nrn_to": 10,
                "nrn_from": 7,
                "weight": -0.1764652281948047,
                "active": true
            },
            "35": {
                "nrn_to": 10,
                "nrn_from": 0,
                "weight": -0.016483832909827453,
                "active": false
            },
            "36": {
                "nrn_to": 11,
                "nrn_from": 4,
                "weight": 2.133012429030465,
                "active": true
            },
            "37": {
                "nrn_to": 9,
                "nrn_from": 7,
                "weight": -0.23044942120974707,
                "active": true
            },
            "39": {
                "nrn_to": 11,
                "nrn_from": 0,
                "weight": -0.30455784074674913,
                "active": true
            },
            "14": {
                "nrn_to": 10,
                "nrn_from": 5,
                "weight": 0.24722521381980336,
                "active": true
            },
            "15": {
                "nrn_to": 9,
                "nrn_from": 6,
                "weight": -0.2923806525037257,
                "active": false
            },
            "16": {
                "nrn_to": 9,
                "nrn_from": 1,
                "weight": -0.10480210295613088,
                "active": false
            },
            "24": {
                "nrn_to": 8,
                "nrn_from": 1,
                "weight": 0.2002531595821415,
                "active": true
            },
            "25": {
                "nrn_to": 11,
                "nrn_from": 6,
                "weight": -0.019993099362004427,
                "active": false
            },
            "28": {
                "nrn_to": 10,
                "nrn_from": 3,
                "weight": -0.25957888538903784,
                "active": true
            },
            "29": {
                "nrn_to": 11,
                "nrn_from": 2,
                "weight": 0.0515921847639341,
                "active": false
            }
        }
    },
    "Species 1 num animals": 18,
    "Species 1 top fitness": -28.63845259442526,
    "Species 1 mean fitness": -116.39746967798838,
    "Species 1 std fitness": 65.5213252981497,
    "Species 1 top animal N hidden neurons": 0,
    "Species 1 top animal N synapses": 11,
    "Species 1 top animal": {
        "neurons": {
            "0": {
                "type": "i",
                "bias": -0.03284744980331539
            },
            "1": {
                "type": "i",
                "bias": 0.159905007602951
            },
            "2": {
                "type": "i",
                "bias": 0.14593056473646854
            },
            "3": {
                "type": "i",
                "bias": -0.04278848206610186
            },
            "4": {
                "type": "i",
                "bias": 0.01664662179759685
            },
            "5": {
                "type": "i",
                "bias": 0.40724129841854717
            },
            "6": {
                "type": "i",
                "bias": 0.07619554001238996
            },
            "7": {
                "type": "i",
                "bias": -0.02119371050817319
            },
            "8": {
                "type": "o",
                "bias": -0.01183280304643229
            },
            "9": {
                "type": "o",
                "bias": 0.10761100252576628
            },
            "10": {
                "type": "o",
                "bias": 0.1123956081626077
            },
            "11": {
                "type": "o",
                "bias": 0.02349273709809257
            }
        },
        "synapses": {
            "33": {
                "nrn_to": 10,
                "nrn_from": 7,
                "weight": -0.11793792060574058,
                "active": true
            },
            "35": {
                "nrn_to": 10,
                "nrn_from": 0,
                "weight": -0.10494006817302512,
                "active": true
            },
            "36": {
                "nrn_to": 11,
                "nrn_from": 4,
                "weight": 1.0722683485660875,
                "active": true
            },
            "37": {
                "nrn_to": 9,
                "nrn_from": 7,
                "weight": -0.4257185638911102,
                "active": true
            },
            "39": {
                "nrn_to": 11,
                "nrn_from": 0,
                "weight": -0.504387614626286,
                "active": true
            },
            "14": {
                "nrn_to": 10,
                "nrn_from": 5,
                "weight": 1.1392595411809978,
                "active": true
            },
            "15": {
                "nrn_to": 9,
                "nrn_from": 6,
                "weight": -0.591888838095315,
                "active": true
            },
            "16": {
                "nrn_to": 9,
                "nrn_from": 1,
                "weight": 0.1539402223680762,
                "active": false
            },
            "18": {
                "nrn_to": 8,
                "nrn_from": 7,
                "weight": -1.5134297105121717,
                "active": true
            },
            "24": {
                "nrn_to": 8,
                "nrn_from": 1,
                "weight": 0.15586680048013668,
                "active": true
            },
            "25": {
                "nrn_to": 11,
                "nrn_from": 6,
                "weight": 0.09083140399822706,
                "active": false
            }
        }
    }
}