{
    "Num species": 1,
    "Species 0 num animals": 60,
    "Species 0 top fitness": -0.9553234168646082,
    "Species 0 mean fitness": -57.70997511970531,
    "Species 0 std fitness": 61.61790591100351,
    "Species 0 top animal N hidden neurons": 0,
    "Species 0 top animal N synapses": 7,
    "Species 0 top animal": {
        "neurons": {
            "0": {
                "type": "i",
                "bias": 0.2549478148379288
            },
            "1": {
                "type": "i",
                "bias": 0.05581087684725832
            },
            "2": {
                "type": "i",
                "bias": -0.1971375413275225
            },
            "3": {
                "type": "i",
                "bias": 0.045190175179007835
            },
            "4": {
                "type": "i",
                "bias": 0.013209240757614149
            },
            "5": {
                "type": "i",
                "bias": 0.17761902267657306
            },
            "6": {
                "type": "i",
                "bias": -0.06768171644237163
            },
            "7": {
                "type": "i",
                "bias": -0.010216281188112093
            },
            "8": {
                "type": "o",
                "bias": 0.11633889423917652
            },
            "9": {
                "type": "o",
                "bias": 0.07441842360087646
            },
            "10": {
                "type": "o",
                "bias": 0.03773885784557987
            },
            "11": {
                "type": "o",
                "bias": -0.06433366147232578
            }
        },
        "synapses": {
            "33": {
                "nrn_to": 10,
                "nrn_from": 3,
                "weight": -0.14287318674066074,
                "active": true
            },
            "19": {
                "nrn_to": 9,
                "nrn_from": 2,
                "weight": 0.08822155197845401,
                "active": true
            },
            "22": {
                "nrn_to": 11,
                "nrn_from": 5,
                "weight": 3.0,
                "active": true
            },
            "23": {
                "nrn_to": 8,
                "nrn_from": 4,
                "weight": -0.06680805360164224,
                "active": true
            },
            "24": {
                "nrn_to": 9,
                "nrn_from": 7,
                "weight": 0.21855648484139337,
                "active": false
            },
            "42": {
                "nrn_to": 8,
                "nrn_from": 1,
                "weight": -0.061840162708695155,
                "active": false
            },
            "12": {
                "nrn_to": 10,
                "nrn_from": 6,
                "weight": 1.5841887253597486,
                "active": true
            }
        }
    }
}