{
    "Num species": 1,
    "Species 0 num animals": 60,
    "Species 0 top fitness": -23.282121486762044,
    "Species 0 mean fitness": -116.8014886864177,
    "Species 0 std fitness": 136.92867450948944,
    "Species 0 top animal N hidden neurons": 0,
    "Species 0 top animal N synapses": 5,
    "Species 0 top animal": {
        "neurons": {
            "0": {
                "type": "i",
                "bias": 0.09526832577850824
            },
            "1": {
                "type": "i",
                "bias": 0.019230205663628108
            },
            "2": {
                "type": "i",
                "bias": -0.2035951993683523
            },
            "3": {
                "type": "i",
                "bias": 0.5442395794841631
            },
            "4": {
                "type": "i",
                "bias": 0.18307157959494724
            },
            "5": {
                "type": "i",
                "bias": 0.31306998178566076
            },
            "6": {
                "type": "i",
                "bias": -0.20571755055147012
            },
            "7": {
                "type": "i",
                "bias": -0.12545544586254903
            },
            "8": {
                "type": "o",
                "bias": -0.27001829479664013
            },
            "9": {
                "type": "o",
                "bias": -0.10514072935923363
            },
            "10": {
                "type": "o",
                "bias": 0.05644307993472222
            },
            "11": {
                "type": "o",
                "bias": 0.007731842768648387
            }
        },
        "synapses": {
            "16": {
                "nrn_to": 8,
                "nrn_from": 1,
                "weight": 0.33719009229790065,
                "active": true
            },
            "23": {
                "nrn_to": 9,
                "nrn_from": 7,
                "weight": -0.17447851180927565,
                "active": true
            },
            "24": {
                "nrn_to": 9,
                "nrn_from": 4,
                "weight": -2.492052702742629,
                "active": true
            },
            "13": {
                "nrn_to": 11,
                "nrn_from": 0,
                "weight": -0.056296632919507816,
                "active": true
            },
            "15": {
                "nrn_to": 11,
                "nrn_from": 5,
                "weight": 0.4477124911762672,
                "active": true
            }
        }
    }
}