{
    "Num species": 3,
    "Species 0 num animals": 11,
    "Species 0 top fitness": -53.20839068774945,
    "Species 0 mean fitness": -96.27513216503907,
    "Species 0 std fitness": 67.06285331097561,
    "Species 0 top animal N hidden neurons": 2,
    "Species 0 top animal N synapses": 15,
    "Species 0 top animal": {
        "neurons": {
            "0": {
                "type": "i",
                "bias": -0.13604926907461046
            },
            "1": {
                "type": "i",
                "bias": -0.003564094395428449
            },
            "2": {
                "type": "i",
                "bias": -0.008697040926201278
            },
            "3": {
                "type": "i",
                "bias": -0.0942405323129642
            },
            "4": {
                "type": "i",
                "bias": -0.07081672407023595
            },
            "5": {
                "type": "i",
                "bias": 0.01496332442017867
            },
            "6": {
                "type": "i",
                "bias": -0.004114060129599573
            },
            "7": {
                "type": "i",
                "bias": -0.011843504894735117
            },
            "8": {
                "type": "o",
                "bias": -0.4336845891158006
            },
            "9": {
                "type": "o",
                "bias": -0.05526488266781037
            },
            "10": {
                "type": "o",
                "bias": 0.18759671420351953
            },
            "11": {
                "type": "o",
                "bias": -0.15084640213649253
            },
            "137": {
                "type": "h",
                "bias": -0.0252864397404818
            },
            "56": {
                "type": "h",
                "bias": -0.013325366441982739
            }
        },
        "synapses": {
            "66": {
                "nrn_to": 56,
                "nrn_from": 7,
                "weight": -0.07824238184490521,
                "active": false
            },
            "34": {
                "nrn_to": 9,
                "nrn_from": 3,
                "weight": -0.3013723159964991,
                "active": false
            },
            "35": {
                "nrn_to": 9,
                "nrn_from": 6,
                "weight": -0.2622320058817112,
                "active": true
            },
            "36": {
                "nrn_to": 9,
                "nrn_from": 0,
                "weight": 0.8107048095299364,
                "active": true
            },
            "71": {
                "nrn_to": 11,
                "nrn_from": 6,
                "weight": 0.1979014897765239,
                "active": true
            },
            "138": {
                "active": true,
                "nrn_to": 137,
                "nrn_from": 5,
                "weight": 1.0997781184381272
            },
            "139": {
                "active": true,
                "nrn_to": 56,
                "nrn_from": 137,
                "weight": 0.7095822989054134
            },
            "12": {
                "nrn_to": 10,
                "nrn_from": 0,
                "weight": 0.006308716658974964,
                "active": false
            },
            "13": {
                "nrn_to": 8,
                "nrn_from": 1,
                "weight": 0.867186427867136,
                "active": true
            },
            "42": {
                "nrn_to": 10,
                "nrn_from": 5,
                "weight": 0.19032892864049045,
                "active": false
            },
            "16": {
                "nrn_to": 11,
                "nrn_from": 5,
                "weight": 0.2932901351592385,
                "active": false
            },
            "17": {
                "nrn_to": 9,
                "nrn_from": 5,
                "weight": -1.287095103140565,
                "active": true
            },
            "18": {
                "nrn_to": 10,
                "nrn_from": 2,
                "weight": -0.01635527042040861,
                "active": true
            },
            "57": {
                "active": true,
                "nrn_to": 56,
                "nrn_from": 5,
                "weight": 0.7424117699015743
            },
            "58": {
                "active": true,
                "nrn_to": 11,
                "nrn_from": 56,
                "weight": 0.19973569246461345
            }
        }
    },
    "Species 1 num animals": 35,
    "Species 1 top fitness": -21.964986444903804,
    "Species 1 mean fitness": -139.32383789340557,
    "Species 1 std fitness": 122.26457608962818,
    "Species 1 top animal N hidden neurons": 1,
    "Species 1 top animal N synapses": 8,
    "Species 1 top animal": {
        "neurons": {
            "0": {
                "type": "i",
                "bias": 0.008788001109321097
            },
            "1": {
                "type": "i",
                "bias": -0.037710944663399276
            },
            "2": {
                "type": "i",
                "bias": 0.037666973566022416
            },
            "3": {
                "type": "i",
                "bias": -0.03792985792574929
            },
            "4": {
                "type": "i",
                "bias": 0.18095454115217724
            },
            "5": {
                "type": "i",
                "bias": -0.08491464588940492
            },
            "6": {
                "type": "i",
                "bias": -0.11358411355103937
            },
            "7": {
                "type": "i",
                "bias": 0.028837547998821135
            },
            "8": {
                "type": "o",
                "bias": -0.16695060218745084
            },
            "9": {
                "type": "o",
                "bias": -0.2073411351625278
            },
            "10": {
                "type": "o",
                "bias": 0.07444165909482504
            },
            "11": {
                "type": "o",
                "bias": -0.01026811525260949
            },
            "56": {
                "type": "h",
                "bias": -0.005161651518511934
            }
        },
        "synapses": {
            "66": {
                "nrn_to": 56,
                "nrn_from": 7,
                "weight": 0.07685381048754311,
                "active": false
            },
            "34": {
                "nrn_to": 9,
                "nrn_from": 3,
                "weight": -0.1130685350828092,
                "active": true
            },
            "42": {
                "nrn_to": 10,
                "nrn_from": 5,
                "weight": 0.06513018975930616,
                "active": false
            },
            "13": {
                "nrn_to": 8,
                "nrn_from": 1,
                "weight": 0.32331574028555543,
                "active": true
            },
            "16": {
                "nrn_to": 11,
                "nrn_from": 5,
                "weight": 0.4220423730168539,
                "active": false
            },
            "17": {
                "nrn_to": 9,
                "nrn_from": 5,
                "weight": -0.7150099395688608,
                "active": false
            },
            "57": {
                "active": true,
                "nrn_to": 56,
                "nrn_from": 5,
                "weight": 1.0376281807998646
            },
            "58": {
                "active": true,
                "nrn_to": 11,
                "nrn_from": 56,
                "weight": 2.8253121328271043
            }
        }
    },
    "Species 2 num animals": 14,
    "Species 2 top fitness": -31.599174795570157,
    "Species 2 mean fitness": -74.94931979603828,
    "Species 2 std fitness": 29.116218142423172,
    "Species 2 top animal N hidden neurons": 2,
    "Species 2 top animal N synapses": 14,