{
    "Num species": 2,
    "Species 0 num animals": 45,
    "Species 0 top fitness": -55.203527022381046,
    "Species 0 mean fitness": -94.29386721811788,
    "Species 0 std fitness": 65.67651336190767,
    "Species 0 top animal N hidden neurons": 0,
    "Species 0 top animal N synapses": 7,
    "Species 0 top animal": {
        "neurons": {
            "0": {
                "type": "i",
                "bias": 0.1502140529815676
            },
            "1": {
                "type": "i",
                "bias": -0.04946459002202094
            },
            "2": {
                "type": "i",
                "bias": -0.037867593646519225
            },
            "3": {
                "type": "i",
                "bias": 0.05586517844863337
            },
            "4": {
                "type": "i",
                "bias": 0.12000164533344243
            },
            "5": {
                "type": "i",
                "bias": -0.2508434044611172
            },
            "6": {
                "type": "i",
                "bias": -0.00410100464603581
            },
            "7": {
                "type": "i",
                "bias": -0.0053924749666176865
            },
            "8": {
                "type": "o",
                "bias": 0.3468083865934052
            },
            "9": {
                "type": "o",
                "bias": 0.2792047200241828
            },
            "10": {
                "type": "o",
                "bias": -0.12844127037589745
            },
            "11": {
                "type": "o",
                "bias": -0.18879131860882792
            }
        },
        "synapses": {
            "51": {
                "nrn_to": 9,
                "nrn_from": 4,
                "weight": -0.0818148963951384,
                "active": false
            },
            "36": {
                "nrn_to": 10,
                "nrn_from": 5,
                "weight": -0.3283042071227876,
                "active": true
            },
            "37": {
                "nrn_to": 8,
                "nrn_from": 2,
                "weight": 0.11192652250349831,
                "active": false
            },
            "20": {
                "nrn_to": 11,
                "nrn_from": 0,
                "weight": 0.3928923124383831,
                "active": true
            },
            "12": {
                "nrn_to": 10,
                "nrn_from": 3,
                "weight": -0.5140227835773743,
                "active": true
            },
            "30": {
                "nrn_to": 9,
                "nrn_from": 5,
                "weight": -1.0595151945103716,
                "active": true
            },
            "15": {
                "nrn_to": 10,
                "nrn_from": 0,
                "weight": 0.15582706091115303,
                "active": true
            }
        }
    },
    "Species 1 num animals": 15,
    "Species 1 top fitness": -87.56961383643267,
    "Species 1 mean fitness": -122.97003208723855,
    "Species 1 std fitness": 26.125956558088678,
    "Species 1 top animal N hidden neurons": 1,
    "Species 1 top animal N synapses": 11,
    "Species 1 top animal": {
        "neurons": {
            "0": {
                "type": "i",
                "bias": 0.12395965572748353
            },
            "1": {
                "type": "i",
                "bias": -0.30730590853016615
            },
            "2": {
                "type": "i",
                "bias": -0.041704708837384814
            },
            "3": {
                "type": "i",
                "bias": 0.03223120991433172
            },
            "4": {
                "type": "i",
                "bias": -0.0028978405265726245
            },
            "5": {
                "type": "i",
                "bias": 0.12330688750241717
            },
            "6": {
                "type": "i",
                "bias": 0.08856804533899951
            },
            "7": {
                "type": "i",
                "bias": 0.22436950609995068
            },
            "8": {
                "type": "o",
                "bias": 0.44857594096424785
            },
            "9": {
                "type": "o",
                "bias": 0.08104180318806042
            },
            "10": {
                "type": "o",
                "bias": -0.08639621111574099
            },
            "11": {
                "type": "o",
                "bias": -0.07455750790129403
            },
            "84": {
                "type": "h",
                "bias": -0.02401675480977418
            }
        },
        "synapses": {
            "36": {
                "nrn_to": 10,
                "nrn_from": 5,
                "weight": -0.3003314171826809,
                "active": true
            },
            "37": {
                "nrn_to": 8,
                "nrn_from": 2,
                "weight": 0.031075805759098775,
                "active": false
            },
            "40": {
                "nrn_to": 11,
                "nrn_from": 1,
                "weight": -1.2935979118647052,
                "active": true
            },
            "41": {
                "nrn_to": 10,
                "nrn_from": 7,
                "weight": -0.17722237285954245,
                "active": true
            },
            "12": {
                "nrn_to": 10,
                "nrn_from": 3,
                "weight": -0.5190492797858905,
                "active": true
            },
            "14": {
                "nrn_to": 11,
                "nrn_from": 7,
                "weight": 0.5135391065682688,
                "active": true
            },
            "112": {
                "nrn_to": 84,
                "nrn_from": 1,
                "weight": -0.04241164232292472,
                "active": true
            },
            "18": {
                "nrn_to": 8,
                "nrn_from": 7,
                "weight": -0.006812570053857742,
                "active": true
            },
            "20": {
                "nrn_to": 11,
                "nrn_from": 0,
                "weight": -0.65022208876007,
                "active": true
            },
            "85": {
                "active": true,
                "nrn_to": 84,
                "nrn_from": 2,
                "weight": 0.3707345389016846
            },
            "86": {
                "active": false,
                "nrn_to": 8,
                "nrn_from": 84,
                "weight": 0.1540814920389664
            }
        }
    }
}