{
    "Num species": 3,
    "Species 0 num animals": 33,
    "Species 0 top fitness": -31.417387145237093,
    "Species 0 mean fitness": -63.364624557599726,
    "Species 0 std fitness": 38.58263185863024,
    "Species 0 top animal N hidden neurons": 1,
    "Species 0 top animal N synapses": 7,
    "Species 0 top animal": {
        "neurons": {
            "0": {
                "type": "i",
                "bias": 0.14853193122543512
            },
            "1": {
                "type": "i",
                "bias": 0.1034623522037086
            },
            "2": {
                "type": "i",
                "bias": -0.05169959965959206
            },
            "3": {
                "type": "i",
                "bias": -0.1386454158401358
            },
            "4": {
                "type": "i",
                "bias": -0.21968515446011974
            },
            "5": {
                "type": "i",
                "bias": 0.03099975019194795
            },
            "6": {
                "type": "i",
                "bias": 0.25116488899608624
            },
            "7": {
                "type": "i",
                "bias": 0.08376188297337978
            },
            "8": {
                "type": "o",
                "bias": 0.04530949660793396
            },
            "9": {
                "type": "o",
                "bias": 0.07430923650769164
            },
            "10": {
                "type": "o",
                "bias": -0.03879885652829271
            },
            "11": {
                "type": "o",
                "bias": -0.030221218164612047
            },
            "47": {
                "type": "h",
                "bias": 0.0
            }
        },
        "synapses": {
            "32": {
                "nrn_to": 8,
                "nrn_from": 1,
                "weight": -1.2139492309973992,
                "active": true
            },
            "48": {
                "active": true,
                "nrn_to": 47,
                "nrn_from": 4,
                "weight": 1.228625653922096
            },
            "49": {
                "active": true,
                "nrn_to": 11,
                "nrn_from": 47,
                "weight": 0.6702596788485999
            },
            "18": {
                "nrn_to": 11,
                "nrn_from": 4,
                "weight": 0.4829281601980845,
                "active": true
            },
            "50": {
                "nrn_to": 10,
                "nrn_from": 3,
                "weight": -0.2144497558484224,
                "active": true
            },
            "71": {
                "nrn_to": 10,
                "nrn_from": 6,
                "weight": 0.008371340729836627,
                "active": false
            },
            "62": {
                "nrn_to": 8,
                "nrn_from": 47,
                "weight": -0.9263189205060951,
                "active": true
            }
        }
    },
    "Species 2 num animals": 13,
    "Species 2 top fitness": -47.29503249431054,
    "Species 2 mean fitness": -136.29717069698,
    "Species 2 std fitness": 83.93627610428734,
    "Species 2 top animal N hidden neurons": 1,
    "Species 2 top animal N synapses": 6,
    "Species 2 top animal": {
        "neurons": {
            "0": {
                "type": "i",
                "bias": -0.03344726945776917
            },
            "1": {
                "type": "i",
                "bias": 0.045990675185378506
            },
            "2": {
                "type": "i",
                "bias": 0.021721651212806437
            },
            "3": {
                "type": "i",
                "bias": -0.06283194433255807
            },
            "4": {
                "type": "i",
                "bias": 0.08745522575613432
            },
            "5": {
                "type": "i",
                "bias": 0.2807903924066395
            },
            "6": {
                "type": "i",
                "bias": -0.10361419895113187
            },
            "7": {
                "type": "i",
                "bias": -0.1352539546752348
            },
            "8": {
                "type": "o",
                "bias": -0.058776029093530344
            },
            "9": {
                "type": "o",
                "bias": 0.051253192922502674
            },
            "10": {
                "type": "o",
                "bias": -0.06567911771857042
            },
            "11": {
                "type": "o",
                "bias": 0.022072022966799762
            },
            "47": {
                "type": "h",
                "bias": 0.02518679862459789
            }
        },
        "synapses": {
            "32": {
                "nrn_to": 8,
                "nrn_from": 1,
                "weight": -1.2000285147856617,
                "active": true
            },
            "48": {
                "active": true,
                "nrn_to": 47,
                "nrn_from": 4,
                "weight": 1.9614159075968596
            },
            "49": {
                "active": false,
                "nrn_to": 11,
                "nrn_from": 47,
                "weight": 0.5826770640743053
            },
            "18": {
                "nrn_to": 11,
                "nrn_from": 4,
                "weight": 0.5783323504322737,
                "active": true
            },
            "50": {
                "nrn_to": 10,
                "nrn_from": 3,
                "weight": -0.15027245956834465,
                "active": true
            },
            "46": {
                "nrn_to": 10,
                "nrn_from": 7,
                "weight": 0.15249381334817458,
                "active": false
            }
        }
    },
    "Species 1 num animals": 14,
    "Species 1 top fitness": -31.665915806412595,
    "Species 1 mean fitness": -60.661500919682105,
    "Species 1 std fitness": 19.352482027671876,
    "Species 1 top animal N hidden neurons": 1,
    "Species 1 top animal N synapses": 7,
    "Species 1 top animal": {
        "neurons": {
            "0": {
                "type": "i",
                "bias": 0.0168900477246578
            },
            "1": {
                "type": "i",
                "bias": -0.03270047394683678
            },
            "2": {
                "type": "i",
                "bias": -0.049398419206899975
            },
            "3": {
                "type": "i",
                "bias": 0.06006358742682682
            },
            "4": {
                "type": "i",
                "bias": -0.05283867926618578
            },
            "5": {
                "type": "i",
                "bias": 0.03229041605483621
            },
            "6": {
                "type": "i",
                "bias": -0.01173132050173313
            },
            "7": {
                "type": "i",
                "bias": -0.17801985872678325
            },
            "8": {
                "type": "o",
                "bias": 0.1837686751106522
            },
            "9": {
                "type": "o",
                "bias": 0.044838489286568035
            },
            "10": {
                "type": "o",
                "bias": -0.006928005333221337
            },
            "11": {
                "type": "o",
                "bias": -0.10849922579229261
            },
            "47": {
                "type": "h",
                "bias": -0.08167162296191456
            }
        },
        "synapses": {
            "32": {
                "nrn_to": 8,
                "nrn_from": 1,
                "weight": -2.264205696403954,
                "active": true
            },
            "48": {
                "active": true,
                "nrn_to": 47,
                "nrn_from": 4,
                "weight": 0.9963108890011437
            },
            "49": {
                "active": true,
                "nrn_to": 11,