{
    "Num species": 1,
    "Species 0 num animals": 60,
    "Species 0 top fitness": -71.6483213911964,
    "Species 0 mean fitness": -137.19037188373542,
    "Species 0 std fitness": 53.44191186974025,
    "Species 0 top animal N hidden neurons": 0,
    "Species 0 top animal N synapses": 6,
    "Species 0 top animal": {
        "neurons": {
            "0": {
                "type": "i",
                "bias": 0.1104689483409602
            },
            "1": {
                "type": "i",
                "bias": 0.10614672339291857
            },
            "2": {
                "type": "i",
                "bias": 0.03926970084520834
            },
            "3": {
                "type": "i",
                "bias": -0.04837551185496471
            },
            "4": {
                "type": "i",
                "bias": 0.2356888794783987
            },
            "5": {
                "type": "i",
                "bias": -0.09359111455917377
            },
            "6": {
                "type": "i",
                "bias": -0.2428931048933703
            },
            "7": {
                "type": "i",
                "bias": 0.078183633033736
            },
            "8": {
                "type": "o",
                "bias": -0.21090298564530338
            },
            "9": {
                "type": "o",
                "bias": -0.060960571720687674
            },
            "10": {
                "type": "o",
                "bias": 0.006106494739241179
            },
            "11": {
                "type": "o",
                "bias": 0.052952472025508575
            }
        },
        "synapses": {
            "17": {
                "nrn_to": 8,
                "nrn_from": 6,
                "weight": -0.2675532041550495,
                "active": true
            },
            "23": {
                "nrn_to": 8,
                "nrn_from": 7,
                "weight": -0.4857088474038501,
                "active": true
            },
            "21": {
                "nrn_to": 8,
                "nrn_from": 1,
                "weight": 0.3524207597163939,
                "active": true
            },
            "39": {
                "nrn_to": 10,
                "nrn_from": 5,
                "weight": -0.5162181536103709,
                "active": true
            },
            "43": {
                "nrn_to": 8,
                "nrn_from": 0,
                "weight": 0.1793762146431198,
                "active": false
            },
            "12": {
                "nrn_to": 9,
                "nrn_from": 4,
                "weight": -0.3386551814646015,
                "active": true
            }
        }
    }
}