{
    "Num species": 2,
    "Species 0 num animals": 42,
    "Species 0 top fitness": -49.37152572647786,
    "Species 0 mean fitness": -79.87328443668358,
    "Species 0 std fitness": 48.68484864515975,
    "Species 0 top animal N hidden neurons": 0,
    "Species 0 top animal N synapses": 8,
    "Species 0 top animal": {
        "neurons": {
            "0": {
                "type": "i",
                "bias": 0.1502140529815676
            },
            "1": {
                "type": "i",
                "bias": -0.09981238246461968
            },
            "2": {
                "type": "i",
                "bias": -0.037867593646519225
            },
            "3": {
                "type": "i",
                "bias": 0.07344860810111983
            },
            "4": {
                "type": "i",
                "bias": 0.07818246822772774
            },
            "5": {
                "type": "i",
                "bias": -0.2488515094682655
            },
            "6": {
                "type": "i",
                "bias": -0.00410100464603581
            },
            "7": {
                "type": "i",
                "bias": -0.0053924749666176865
            },
            "8": {
                "type": "o",
                "bias": 0.3468083865934052
            },
            "9": {
                "type": "o",
                "bias": 0.2792047200241828
            },
            "10": {
                "type": "o",
                "bias": -0.02005340952701959
            },
            "11": {
                "type": "o",
                "bias": -0.2374390080838623
            }
        },
        "synapses": {
            "51": {
                "nrn_to": 9,
                "nrn_from": 4,
                "weight": -0.11008524730886377,
                "active": false
            },
            "36": {
                "nrn_to": 10,
                "nrn_from": 5,
                "weight": -0.3283042071227876,
                "active": true
            },
            "37": {
                "nrn_to": 8,
                "nrn_from": 2,
                "weight": 0.11192652250349831,
                "active": false
            },
            "20": {
                "nrn_to": 11,
                "nrn_from": 0,
                "weight": 0.3928923124383831,
                "active": true
            },
            "12": {
                "nrn_to": 10,
                "nrn_from": 3,
                "weight": -0.4949874933439256,
                "active": true
            },
            "30": {
                "nrn_to": 9,
                "nrn_from": 5,
                "weight": -1.092716204168096,
                "active": true
            },
            "15": {
                "nrn_to": 10,
                "nrn_from": 0,
                "weight": 0.20646044718670145,
                "active": true
            },
            "24": {
                "nrn_to": 11,
                "nrn_from": 2,
                "weight": -0.2352879762159387,
                "active": true
            }
        }
    },
    "Species 1 num animals": 18,
    "Species 1 top fitness": -96.10416211600771,
    "Species 1 mean fitness": -109.49864409654805,
    "Species 1 std fitness": 13.762907646519334,
    "Species 1 top animal N hidden neurons": 1,
    "Species 1 top animal N synapses": 11,
    "Species 1 top animal": {
        "neurons": {
            "0": {
                "type": "i",
                "bias": 0.12395965572748353
            },
            "1": {
                "type": "i",
                "bias": -0.2757324773281469
            },
            "2": {
                "type": "i",
                "bias": 0.011225974636635834
            },
            "3": {
                "type": "i",
                "bias": 0.1278499769977899
            },
            "4": {
                "type": "i",
                "bias": -0.0028978405265726245
            },
            "5": {
                "type": "i",
                "bias": 0.17945924790607393
            },
            "6": {
                "type": "i",
                "bias": 0.09763197353584911
            },
            "7": {
                "type": "i",
                "bias": 0.22436950609995068
            },
            "8": {
                "type": "o",
                "bias": 0.4182907576848001
            },
            "9": {
                "type": "o",
                "bias": 0.08104180318806042
            },
            "10": {
                "type": "o",
                "bias": -0.10815020463640138
            },
            "11": {
                "type": "o",
                "bias": -0.07455750790129403
            },
            "84": {
                "type": "h",
                "bias": 0.13461534225616867
            }
        },
        "synapses": {
            "36": {
                "nrn_to": 10,
                "nrn_from": 5,
                "weight": -0.3052996616598436,
                "active": true
            },
            "37": {
                "nrn_to": 8,
                "nrn_from": 2,
                "weight": 0.006504970884304483,
                "active": false
            },
            "40": {
                "nrn_to": 11,
                "nrn_from": 1,
                "weight": -0.7216069694760796,
                "active": true
            },
            "41": {
                "nrn_to": 10,
                "nrn_from": 7,
                "weight": -0.17748032280619663,
                "active": true
            },
            "12": {
                "nrn_to": 10,
                "nrn_from": 3,
                "weight": -0.5331271798144732,
                "active": true
            },
            "14": {
                "nrn_to": 11,
                "nrn_from": 7,
                "weight": 1.0270782131365377,
                "active": true
            },
            "112": {
                "nrn_to": 84,
                "nrn_from": 1,
                "weight": -0.04241164232292472,
                "active": true
            },
            "18": {
                "nrn_to": 8,
                "nrn_from": 7,
                "weight": 0.0695993993112641,
                "active": true
            },
            "20": {
                "nrn_to": 11,
                "nrn_from": 0,
                "weight": -0.6603989741783695,
                "active": true
            },
            "85": {
                "active": true,
                "nrn_to": 84,
                "nrn_from": 2,
                "weight": 0.39126127795306853
            },
            "86": {
                "active": false,
                "nrn_to": 8,
                "nrn_from": 84,
                "weight": 0.17513050594030777
            }
        }
    }
}