{
    "Num species": 3,
    "Species 0 num animals": 45,
    "Species 0 top fitness": 241.29721393629313,
    "Species 0 mean fitness": 142.27448789979698,
    "Species 0 std fitness": 112.70772757547051,
    "Species 0 top animal N hidden neurons": 0,
    "Species 0 top animal N synapses": 18,
    "Species 0 top animal": {
        "neurons": {
            "0": {
                "type": "i",
                "bias": -0.14911367602793646
            },
            "1": {
                "type": "i",
                "bias": -0.3482969664905489
            },
            "2": {
                "type": "i",
                "bias": 0.09773626300308466
            },
            "3": {
                "type": "i",
                "bias": -0.14926009067895285
            },
            "4": {
                "type": "i",
                "bias": 0.43297680111548437
            },
            "5": {
                "type": "i",
                "bias": 0.19249039883879163
            },
            "6": {
                "type": "i",
                "bias": -0.22752111502516878
            },
            "7": {
                "type": "i",
                "bias": -0.051917096226365894
            },
            "8": {
                "type": "o",
                "bias": 0.3110887216928293
            },
            "9": {
                "type": "o",
                "bias": 0.19208119184493255
            },
            "10": {
                "type": "o",
                "bias": 0.1253521188863031
            },
            "11": {
                "type": "o",
                "bias": 0.007053254528543187
            }
        },
        "synapses": {
            "13": {
                "nrn_to": 8,
                "nrn_from": 3,
                "weight": 0.4065268526967606,
                "active": true
            },
            "14": {
                "nrn_to": 10,
                "nrn_from": 5,
                "weight": 0.2167731576461338,
                "active": false
            },
            "15": {
                "nrn_to": 9,
                "nrn_from": 6,
                "weight": -0.2680890284489503,
                "active": false
            },
            "16": {
                "nrn_to": 9,
                "nrn_from": 1,
                "weight": 0.010880168416418236,
                "active": false
            },
            "23": {
                "nrn_to": 8,
                "nrn_from": 5,
                "weight": 0.4714000967885218,
                "active": true
            },
            "24": {
                "nrn_to": 8,
                "nrn_from": 1,
                "weight": 0.019451941165204396,
                "active": true
            },
            "25": {
                "nrn_to": 11,
                "nrn_from": 6,
                "weight": 0.1347276147676989,
                "active": false
            },
            "26": {
                "nrn_to": 9,
                "nrn_from": 0,
                "weight": 0.24429973617326367,
                "active": true
            },
            "28": {
                "nrn_to": 10,
                "nrn_from": 3,
                "weight": -0.9462742231506488,
                "active": true
            },
            "29": {
                "nrn_to": 11,
                "nrn_from": 2,
                "weight": 0.06059300966064486,
                "active": false
            },
            "32": {
                "nrn_to": 9,
                "nrn_from": 2,
                "weight": 0.3070195415668545,
                "active": true
            },
            "33": {
                "nrn_to": 10,
                "nrn_from": 7,
                "weight": -0.05856182258501835,
                "active": false
            },
            "35": {
                "nrn_to": 10,
                "nrn_from": 0,
                "weight": -0.08917407930644948,
                "active": false
            },
            "36": {
                "nrn_to": 11,
                "nrn_from": 4,
                "weight": 2.2070870654884107,
                "active": true
            },
            "37": {
                "nrn_to": 9,
                "nrn_from": 7,
                "weight": -0.17001977076775512,
                "active": true
            },
            "39": {
                "nrn_to": 11,
                "nrn_from": 0,
                "weight": -0.3070606332097683,
                "active": true
            },
            "40": {
                "nrn_to": 8,
                "nrn_from": 4,
                "weight": -0.2936646774235931,
                "active": true
            },
            "41": {
                "nrn_to": 9,
                "nrn_from": 4,
                "weight": -0.8035587033084716,
                "active": true
            }
        }
    },
    "Species 2 num animals": 1,
    "Species 2 top fitness": 136.09034001466426,
    "Species 2 mean fitness": 136.09034001466426,
    "Species 2 std fitness": 0.0,
    "Species 2 top animal N hidden neurons": 1,
    "Species 2 top animal N synapses": 19,
    "Species 2 top animal": {
        "neurons": {
            "0": {
                "type": "i",
                "bias": -0.06118164171369375
            },
            "1": {
                "type": "i",
                "bias": -1.0595064281725532
            },
            "2": {
                "type": "i",
                "bias": 0.14802896767083684
            },
            "3": {
                "type": "i",
                "bias": -0.18496330539388162
            },
            "4": {
                "type": "i",
                "bias": 0.2654412155854734
            },
            "5": {
                "type": "i",
                "bias": 0.2923370657350067
            },
            "6": {
                "type": "i",
                "bias": -0.14078235765737623
            },
            "7": {
                "type": "i",
                "bias": 0.017176992450888634
            },
            "8": {
                "type": "o",
                "bias": 0.21226999668411678
            },
            "9": {
                "type": "o",
                "bias": 0.08579296012271252
            },
            "10": {
                "type": "o",
                "bias": 0.15839388676644772
            },
            "11": {
                "type": "o",
                "bias": -0.03098772337440248
            },
            "204": {
                "type": "h",
                "bias": 0.03282064337484441
            }
        },
        "synapses": {
            "12": {
                "nrn_to": 9,
                "nrn_from": 5,
                "weight": 0.023641568210865625,
                "active": true
            },
            "14": {
                "nrn_to": 10,
                "nrn_from": 5,
                "weight": 0.12763136678337705,
                "active": true
            },
            "15": {
                "nrn_to": 9,
                "nrn_from": 6,
                "weight": -0.2690238253595194,
                "active": false
            },
            "16": {
                "nrn_to": 9,
                "nrn_from": 1,
                "weight": -0.04633012325077333,
                "active": false
            },
            "23": {
                "nrn_to": 8,
                "nrn_from": 5,
                "weight": 0.5036727837158008,
                "active": true
            },
            "24": {
                "nrn_to": 8,
                "nrn_from": 1,
                "weight": 0.045553889076335015,
                "active": true
            },
            "25": {
                "nrn_to": 11,
                "nrn_from": 6,
                "weight": 0.16598129420389102,
                "active": false
            },
            "26": {
                "nrn_to": 9,
                "nrn_from": 0,
                "weight": 0.1893486977069984,
                "active": true
            },
            "28": {
                "nrn_to": 10,