{
    "Num species": 1,
    "Species 0 num animals": 60,
    "Species 0 top fitness": -38.90429001379618,
    "Species 0 mean fitness": -101.4466996404084,
    "Species 0 std fitness": 31.467761951382474,
    "Species 0 top animal N hidden neurons": 0,
    "Species 0 top animal N synapses": 5,
    "Species 0 top animal": {
        "neurons": {
            "0": {
                "type": "i",
                "bias": 0.12351129285210233
            },
            "1": {
                "type": "i",
                "bias": 0.045595579387001345
            },
            "2": {
                "type": "i",
                "bias": -0.039080568648254474
            },
            "3": {
                "type": "i",
                "bias": -0.08995539971527187
            },
            "4": {
                "type": "i",
                "bias": 0.472351909318328
            },
            "5": {
                "type": "i",
                "bias": -0.06629830723188807
            },
            "6": {
                "type": "i",
                "bias": 0.053139522666660374
            },
            "7": {
                "type": "i",
                "bias": -0.037193642094570774
            },
            "8": {
                "type": "o",
                "bias": -0.012151361612255695
            },
            "9": {
                "type": "o",
                "bias": -0.0720480025753388
            },
            "10": {
                "type": "o",
                "bias": 0.01036530943487619
            },
            "11": {
                "type": "o",
                "bias": 0.03869600845819545
            }
        },
        "synapses": {
            "48": {
                "nrn_to": 10,
                "nrn_from": 3,
                "weight": -0.12279075000038267,
                "active": true
            },
            "22": {
                "nrn_to": 8,
                "nrn_from": 1,
                "weight": 0.2148817158085711,
                "active": true
            },
            "23": {
                "nrn_to": 11,
                "nrn_from": 4,
                "weight": 0.06673376309655116,
                "active": true
            },
            "24": {
                "nrn_to": 11,
                "nrn_from": 7,
                "weight": 0.21797181755138176,
                "active": true
            },
            "14": {
                "nrn_to": 8,
                "nrn_from": 2,
                "weight": 0.24897614573568155,
                "active": true
            }
        }
    }
}