{
    "Num species": 1,
    "Species 0 num animals": 60,
    "Species 0 top fitness": -81.49655107959802,
    "Species 0 mean fitness": -164.95220086656414,
    "Species 0 std fitness": 154.13833467245755,
    "Species 0 top animal N hidden neurons": 0,
    "Species 0 top animal N synapses": 2,
    "Species 0 top animal": {
        "neurons": {
            "0": {
                "type": "i",
                "bias": 0.01852638734474593
            },
            "1": {
                "type": "i",
                "bias": 0.0
            },
            "2": {
                "type": "i",
                "bias": 0.0305450376686105
            },
            "3": {
                "type": "i",
                "bias": 0.0290345403452019
            },
            "4": {
                "type": "i",
                "bias": 0.0014092166491089936
            },
            "5": {
                "type": "i",
                "bias": 0.012826637587348894
            },
            "6": {
                "type": "i",
                "bias": 0.010499754652637876
            },
            "7": {
                "type": "i",
                "bias": -0.05552048035302615
            },
            "8": {
                "type": "o",
                "bias": 0.09789318855893064
            },
            "9": {
                "type": "o",
                "bias": 0.0
            },
            "10": {
                "type": "o",
                "bias": -0.05659032446889005
            },
            "11": {
                "type": "o",
                "bias": -0.07842799247737237
            }
        },
        "synapses": {
            "27": {
                "nrn_to": 10,
                "nrn_from": 6,
                "weight": -0.24313474631858895,
                "active": true
            },
            "21": {
                "nrn_to": 11,
                "nrn_from": 6,
                "weight": 0.23206684048531462,
                "active": true
            }
        }
    }
}