{
    "Num species": 4,
    "Species 1 num animals": 9,
    "Species 1 top fitness": 83.15940320015979,
    "Species 1 mean fitness": -30.1097740026398,
    "Species 1 std fitness": 181.83877342366705,
    "Species 1 top animal N hidden neurons": 0,
    "Species 1 top animal N synapses": 11,
    "Species 1 top animal": {
        "neurons": {
            "0": {
                "type": "i",
                "bias": 0.23560610918481062
            },
            "1": {
                "type": "i",
                "bias": -0.07922700609231076
            },
            "2": {
                "type": "i",
                "bias": -0.3612353812097294
            },
            "3": {
                "type": "i",
                "bias": 0.43777947689096475
            },
            "4": {
                "type": "i",
                "bias": 0.7538810011809808
            },
            "5": {
                "type": "i",
                "bias": 0.29765553537566003
            },
            "6": {
                "type": "i",
                "bias": -0.11141911858927386
            },
            "7": {
                "type": "i",
                "bias": -0.15523481670205846
            },
            "8": {
                "type": "o",
                "bias": -0.5548161428600142
            },
            "9": {
                "type": "o",
                "bias": -0.005027515663696932
            },
            "10": {
                "type": "o",
                "bias": 0.11662907480861968
            },
            "11": {
                "type": "o",
                "bias": 0.17567379274949366
            }
        },
        "synapses": {
            "13": {
                "nrn_to": 11,
                "nrn_from": 0,
                "weight": -0.6457526149639705,
                "active": false
            },
            "15": {
                "nrn_to": 11,
                "nrn_from": 5,
                "weight": 0.1954208539274421,
                "active": false
            },
            "16": {
                "nrn_to": 8,
                "nrn_from": 1,
                "weight": 0.3949325075438227,
                "active": false
            },
            "49": {
                "nrn_to": 8,
                "nrn_from": 7,
                "weight": 0.011213262993543777,
                "active": false
            },
            "22": {
                "nrn_to": 9,
                "nrn_from": 0,
                "weight": 0.9839055949004998,
                "active": true
            },
            "23": {
                "nrn_to": 9,
                "nrn_from": 7,
                "weight": -0.4746482404312904,
                "active": true
            },
            "24": {
                "nrn_to": 9,
                "nrn_from": 4,
                "weight": -3.0,
                "active": true
            },
            "25": {
                "nrn_to": 10,
                "nrn_from": 5,
                "weight": -0.044467110266917326,
                "active": false
            },
            "27": {
                "nrn_to": 9,
                "nrn_from": 3,
                "weight": -0.03572885962812925,
                "active": true
            },
            "28": {
                "nrn_to": 11,
                "nrn_from": 3,
                "weight": 0.32596801823860544,
                "active": true
            },
            "30": {
                "nrn_to": 9,
                "nrn_from": 5,
                "weight": -0.6890384621689978,
                "active": true
            }
        }
    },
    "Species 2 num animals": 6,
    "Species 2 top fitness": -28.952267968173672,
    "Species 2 mean fitness": -103.79684700717507,
    "Species 2 std fitness": 85.6613196498557,
    "Species 2 top animal N hidden neurons": 1,
    "Species 2 top animal N synapses": 13,
    "Species 2 top animal": {
        "neurons": {
            "0": {
                "type": "i",
                "bias": 0.2032873330450753
            },
            "1": {
                "type": "i",
                "bias": 0.059113624062185066
            },
            "2": {
                "type": "i",
                "bias": -0.45090521219481566
            },
            "3": {
                "type": "i",
                "bias": 0.4419201875767028
            },
            "4": {
                "type": "i",
                "bias": 0.050904764722184484
            },
            "5": {
                "type": "i",
                "bias": 0.16000735093765747
            },
            "6": {
                "type": "i",
                "bias": 0.012993428076261068
            },
            "7": {
                "type": "i",
                "bias": -0.2560292226470473
            },
            "8": {
                "type": "o",
                "bias": -0.12002437913264818
            },
            "9": {
                "type": "o",
                "bias": -0.025519968725502537
            },
            "10": {
                "type": "o",
                "bias": 0.06844233258053789
            },
            "11": {
                "type": "o",
                "bias": -0.06820841676243738
            },
            "147": {
                "type": "h",
                "bias": 0.0
            }
        },
        "synapses": {
            "161": {
                "nrn_to": 10,
                "nrn_from": 147,
                "weight": 0.0034949413720047626,
                "active": true
            },
            "34": {
                "nrn_to": 10,
                "nrn_from": 7,
                "weight": 0.07629804570406758,
                "active": true
            },
            "35": {
                "nrn_to": 10,
                "nrn_from": 6,
                "weight": -1.1275694882775025,
                "active": true
            },
            "36": {
                "nrn_to": 11,
                "nrn_from": 4,
                "weight": 2.745538279636468,
                "active": true
            },
            "163": {
                "nrn_to": 147,
                "nrn_from": 4,
                "weight": 0.025589845887784055,
                "active": false
            },
            "41": {
                "nrn_to": 8,
                "nrn_from": 5,
                "weight": -0.09117114239702388,
                "active": false
            },
            "13": {
                "nrn_to": 11,
                "nrn_from": 0,
                "weight": -0.1310174059337386,
                "active": false
            },
            "15": {
                "nrn_to": 11,
                "nrn_from": 5,
                "weight": 0.6316173309219548,
                "active": true
            },
            "16": {
                "nrn_to": 8,
                "nrn_from": 1,
                "weight": 0.21336065929436143,
                "active": true
            },
            "148": {
                "active": true,
                "nrn_to": 147,
                "nrn_from": 5,
                "weight": 1.103063143145651
            },
            "149": {
                "active": false,
                "nrn_to": 8,
                "nrn_from": 147,
                "weight": -0.5554630029691
            },
            "23": {
                "nrn_to": 9,
                "nrn_from": 7,
                "weight": 0.1845450528824047,
                "active": false
            },
            "24": {
                "nrn_to": 9,
                "nrn_from": 4,
                "weight": -2.4738761816121047,
                "active": true
            }
        }
    },
    "Species 0 num animals": 33,
    "Species 0 top fitness": 171.08562506120506,
    "Species 0 mean fitness": 44.32722574703933,
    "Species 0 std fitness": 168.28532020204554,
    "Species 0 top animal N hidden neurons": 0,
    "Species 0 top animal N synapses": 11,
    "Species 0 top animal": {
        "neurons": {
            "0": {
                "type": "i",