{
    "Num species": 3,
    "Species 0 num animals": 42,
    "Species 0 top fitness": -76.54295757468931,
    "Species 0 mean fitness": -316.5691532750785,
    "Species 0 std fitness": 372.26234833391084,
    "Species 0 top animal N hidden neurons": 0,
    "Species 0 top animal N synapses": 1,
    "Species 0 top animal": {
        "neurons": {
            "0": {
                "type": "i",
                "bias": 0.05599304113730517
            },
            "1": {
                "type": "i",
                "bias": -0.14002678585114925
            },
            "2": {
                "type": "i",
                "bias": -1.5663700024187233
            },
            "3": {
                "type": "i",
                "bias": -0.01840283971978534
            },
            "4": {
                "type": "i",
                "bias": 0.19813163827736446
            },
            "5": {
                "type": "i",
                "bias": 0.3052729549177262
            },
            "6": {
                "type": "i",
                "bias": 0.03954187357558264
            },
            "7": {
                "type": "i",
                "bias": -0.3637904273284497
            },
            "8": {
                "type": "o",
                "bias": -1.4883613858119622
            },
            "9": {
                "type": "o",
                "bias": 0.19424447707076128
            },
            "10": {
                "type": "o",
                "bias": 0.1965381002195721
            },
            "11": {
                "type": "o",
                "bias": 0.17825277412048157
            }
        },
        "synapses": {
            "27": {
                "nrn_to": 11,
                "nrn_from": 4,
                "weight": 0.6209770422864781,
                "active": true
            }
        }
    },
    "Species 1 num animals": 17,
    "Species 1 top fitness": -75.32784453374597,
    "Species 1 mean fitness": -175.59076717508282,
    "Species 1 std fitness": 185.25489499207666,
    "Species 1 top animal N hidden neurons": 1,
    "Species 1 top animal N synapses": 3,
    "Species 1 top animal": {
        "neurons": {
            "0": {
                "type": "i",
                "bias": -0.03537979681721559
            },
            "1": {
                "type": "i",
                "bias": -0.10222013747061169
            },
            "2": {
                "type": "i",
                "bias": 0.055759960052194066
            },
            "3": {
                "type": "i",
                "bias": 1.354452849138947
            },
            "4": {
                "type": "i",
                "bias": 2.4443925796174284
            },
            "5": {
                "type": "i",
                "bias": 0.06852744392463048
            },
            "6": {
                "type": "i",
                "bias": 0.11717128610804302
            },
            "7": {
                "type": "i",
                "bias": -0.08814648142785221
            },
            "8": {
                "type": "o",
                "bias": 0.16859745256267478
            },
            "9": {
                "type": "o",
                "bias": 0.13474615207767396
            },
            "10": {
                "type": "o",
                "bias": 0.16432084619725146
            },
            "11": {
                "type": "o",
                "bias": -0.07463173991650618
            },
            "158": {
                "type": "h",
                "bias": 0.06834792719826781
            }
        },
        "synapses": {
            "160": {
                "active": true,
                "nrn_to": 11,
                "nrn_from": 158,
                "weight": 1.0674410974277349
            },
            "27": {
                "nrn_to": 11,
                "nrn_from": 4,
                "weight": 3.0,
                "active": false
            },
            "159": {
                "active": true,
                "nrn_to": 158,
                "nrn_from": 4,
                "weight": 2.352237588341696
            }
        }
    },
    "Species 2 num animals": 1,
    "Species 2 top fitness": -119.66830730053401,
    "Species 2 mean fitness": -119.66830730053401,
    "Species 2 std fitness": 0.0,
    "Species 2 top animal N hidden neurons": 1,
    "Species 2 top animal N synapses": 3,
    "Species 2 top animal": {
        "neurons": {
            "0": {
                "type": "i",
                "bias": 0.4642886657653338
            },
            "1": {
                "type": "i",
                "bias": 0.06127312715047682
            },
            "2": {
                "type": "i",
                "bias": 0.3549436561125987
            },
            "3": {
                "type": "i",
                "bias": 0.6851296095274784
            },
            "4": {
                "type": "i",
                "bias": 1.318785960804605
            },
            "5": {
                "type": "i",
                "bias": -0.10420387440859792
            },
            "6": {
                "type": "i",
                "bias": 0.1561381661766732
            },
            "7": {
                "type": "i",
                "bias": -0.29610782601745966
            },
            "8": {
                "type": "o",
                "bias": -0.08375211387750153
            },
            "9": {
                "type": "o",
                "bias": 0.0707755231832221
            },
            "10": {
                "type": "o",
                "bias": 0.02826809192817133
            },
            "11": {
                "type": "o",
                "bias": -0.060965841184967534
            },
            "158": {
                "type": "h",
                "bias": -0.030550025783763084
            }
        },
        "synapses": {
            "160": {
                "active": true,
                "nrn_to": 11,
                "nrn_from": 158,
                "weight": 0.8932669766530456
            },
            "27": {
                "nrn_to": 11,
                "nrn_from": 4,
                "weight": 1.5241884666878902,
                "active": false
            },
            "159": {
                "active": true,
                "nrn_to": 158,
                "nrn_from": 4,
                "weight": 1.1890801737256098
            }
        }
    }
}