{
    "Num species": 4,
    "Species 3 num animals": 13,
    "Species 3 top fitness": 244.08227710938635,
    "Species 3 mean fitness": 128.81409422016839,
    "Species 3 std fitness": 161.85020093291084,
    "Species 3 top animal N hidden neurons": 0,
    "Species 3 top animal N synapses": 18,
    "Species 3 top animal": {
        "neurons": {
            "0": {
                "type": "i",
                "bias": -0.14911367602793646
            },
            "1": {
                "type": "i",
                "bias": -0.3482969664905489
            },
            "2": {
                "type": "i",
                "bias": 0.09773626300308466
            },
            "3": {
                "type": "i",
                "bias": -0.14926009067895285
            },
            "4": {
                "type": "i",
                "bias": 0.43297680111548437
            },
            "5": {
                "type": "i",
                "bias": 0.19249039883879163
            },
            "6": {
                "type": "i",
                "bias": -0.22752111502516878
            },
            "7": {
                "type": "i",
                "bias": -0.051917096226365894
            },
            "8": {
                "type": "o",
                "bias": 0.3110887216928293
            },
            "9": {
                "type": "o",
                "bias": 0.19208119184493255
            },
            "10": {
                "type": "o",
                "bias": 0.1253521188863031
            },
            "11": {
                "type": "o",
                "bias": 0.007053254528543187
            }
        },
        "synapses": {
            "13": {
                "nrn_to": 8,
                "nrn_from": 3,
                "weight": 0.4065268526967606,
                "active": true
            },
            "14": {
                "nrn_to": 10,
                "nrn_from": 5,
                "weight": 0.2167731576461338,
                "active": false
            },
            "15": {
                "nrn_to": 9,
                "nrn_from": 6,
                "weight": -0.2680890284489503,
                "active": false
            },
            "16": {
                "nrn_to": 9,
                "nrn_from": 1,
                "weight": 0.010880168416418236,
                "active": false
            },
            "23": {
                "nrn_to": 8,
                "nrn_from": 5,
                "weight": 0.4714000967885218,
                "active": true
            },
            "24": {
                "nrn_to": 8,
                "nrn_from": 1,
                "weight": 0.019451941165204396,
                "active": true
            },
            "25": {
                "nrn_to": 11,
                "nrn_from": 6,
                "weight": 0.1347276147676989,
                "active": false
            },
            "26": {
                "nrn_to": 9,
                "nrn_from": 0,
                "weight": 0.24429973617326367,
                "active": true
            },
            "28": {
                "nrn_to": 10,
                "nrn_from": 3,
                "weight": -0.9462742231506488,
                "active": true
            },
            "29": {
                "nrn_to": 11,
                "nrn_from": 2,
                "weight": 0.06059300966064486,
                "active": false
            },
            "32": {
                "nrn_to": 9,
                "nrn_from": 2,
                "weight": 0.3070195415668545,
                "active": true
            },
            "33": {
                "nrn_to": 10,
                "nrn_from": 7,
                "weight": -0.05856182258501835,
                "active": false
            },
            "35": {
                "nrn_to": 10,
                "nrn_from": 0,
                "weight": -0.08917407930644948,
                "active": false
            },
            "36": {
                "nrn_to": 11,
                "nrn_from": 4,
                "weight": 2.2070870654884107,
                "active": true
            },
            "37": {
                "nrn_to": 9,
                "nrn_from": 7,
                "weight": -0.17001977076775512,
                "active": true
            },
            "39": {
                "nrn_to": 11,
                "nrn_from": 0,
                "weight": -0.39313104058830983,
                "active": true
            },
            "40": {
                "nrn_to": 8,
                "nrn_from": 4,
                "weight": -0.2936646774235931,
                "active": true
            },
            "41": {
                "nrn_to": 9,
                "nrn_from": 4,
                "weight": -0.8035587033084716,
                "active": true
            }
        }
    },
    "Species 2 num animals": 10,
    "Species 2 top fitness": 222.7260499886204,
    "Species 2 mean fitness": 78.84116700287696,
    "Species 2 std fitness": 149.89791443320084,
    "Species 2 top animal N hidden neurons": 1,
    "Species 2 top animal N synapses": 21,
    "Species 2 top animal": {
        "neurons": {
            "0": {
                "type": "i",
                "bias": -0.06346366621074623
            },
            "1": {
                "type": "i",
                "bias": -1.1641777701019547
            },
            "2": {
                "type": "i",
                "bias": 0.17254346368357704
            },
            "3": {
                "type": "i",
                "bias": -0.14964999831010797
            },
            "4": {
                "type": "i",
                "bias": 0.25827259965216554
            },
            "5": {
                "type": "i",
                "bias": 0.23102682757921528
            },
            "6": {
                "type": "i",
                "bias": -0.14078235765737623
            },
            "7": {
                "type": "i",
                "bias": 0.017176992450888634
            },
            "8": {
                "type": "o",
                "bias": 0.21226999668411678
            },
            "9": {
                "type": "o",
                "bias": 0.04289648006135626
            },
            "10": {
                "type": "o",
                "bias": 0.15084836988676395
            },
            "11": {
                "type": "o",
                "bias": -0.04534880163394417
            },
            "204": {
                "type": "h",
                "bias": 0.0741514977678717
            }
        },
        "synapses": {
            "12": {
                "nrn_to": 9,
                "nrn_from": 5,
                "weight": 0.023641568210865625,
                "active": true
            },
            "205": {
                "active": true,
                "nrn_to": 204,
                "nrn_from": 2,
                "weight": 0.47884676846740354
            },
            "14": {
                "nrn_to": 10,
                "nrn_from": 5,
                "weight": 0.08549202919467201,
                "active": false
            },
            "15": {
                "nrn_to": 9,
                "nrn_from": 6,
                "weight": -0.25101675012250513,
                "active": false
            },
            "16": {
                "nrn_to": 9,
                "nrn_from": 1,
                "weight": -0.1042555250567743,
                "active": false
            },
            "206": {
                "active": true,
                "nrn_to": 9,
                "nrn_from": 204,
                "weight": 1.1701075480103498
            },
            "214": {
                "nrn_to": 204,
                "nrn_from": 4,
                "weight": -0.6630796462613827,
                "active": true
            },
            "23": {
                "nrn_to": 8,
                "nrn_from": 5,
                "weight": 0.5036727837158008,
                "active": true
            },