{
    "Num species": 1,
    "Species 0 num animals": 60,
    "Species 0 top fitness": -86.65468711274329,
    "Species 0 mean fitness": -148.96227004928065,
    "Species 0 std fitness": 88.15630302821451,
    "Species 0 top animal N hidden neurons": 1,
    "Species 0 top animal N synapses": 9,
    "Species 0 top animal": {
        "neurons": {
            "0": {
                "type": "i",
                "bias": -0.335016338454854
            },
            "1": {
                "type": "i",
                "bias": 0.026265250887055627
            },
            "2": {
                "type": "i",
                "bias": 0.10089709558197463
            },
            "3": {
                "type": "i",
                "bias": -0.12863680783354253
            },
            "4": {
                "type": "i",
                "bias": 0.294395458314542
            },
            "5": {
                "type": "i",
                "bias": 0.014917771224434953
            },
            "6": {
                "type": "i",
                "bias": -0.39920980846068854
            },
            "7": {
                "type": "i",
                "bias": -0.014589926833013252
            },
            "8": {
                "type": "o",
                "bias": -0.17358431506629216
            },
            "9": {
                "type": "o",
                "bias": -0.18635588841963208
            },
            "10": {
                "type": "o",
                "bias": 0.02559850198456174
            },
            "11": {
                "type": "o",
                "bias": -0.005136783105804663
            },
            "56": {
                "type": "h",
                "bias": 0.03861588825030159
            }
        },
        "synapses": {
            "66": {
                "nrn_to": 56,
                "nrn_from": 7,
                "weight": 0.1103644196509197,
                "active": false
            },
            "34": {
                "nrn_to": 9,
                "nrn_from": 3,
                "weight": -0.1406671030618397,
                "active": true
            },
            "71": {
                "nrn_to": 11,
                "nrn_from": 6,
                "weight": 0.314631733011609,
                "active": true
            },
            "42": {
                "nrn_to": 10,
                "nrn_from": 5,
                "weight": -0.02815259580954374,
                "active": false
            },
            "13": {
                "nrn_to": 8,
                "nrn_from": 1,
                "weight": 0.3875580136827911,
                "active": true
            },
            "16": {
                "nrn_to": 11,
                "nrn_from": 5,
                "weight": 0.3176830240039912,
                "active": false
            },
            "17": {
                "nrn_to": 9,
                "nrn_from": 5,
                "weight": -0.5956402808860223,
                "active": true
            },
            "57": {
                "active": true,
                "nrn_to": 56,
                "nrn_from": 5,
                "weight": 0.6169847140730688
            },
            "58": {
                "active": true,
                "nrn_to": 11,
                "nrn_from": 56,
                "weight": 0.31553962350419285
            }
        }
    }
}