{
    "Num species": 2,
    "Species 0 num animals": 42,
    "Species 0 top fitness": -90.38759651733969,
    "Species 0 mean fitness": -130.19366031140376,
    "Species 0 std fitness": 49.21552995030578,
    "Species 0 top animal N hidden neurons": 0,
    "Species 0 top animal N synapses": 7,
    "Species 0 top animal": {
        "neurons": {
            "0": {
                "type": "i",
                "bias": -0.019104699132660236
            },
            "1": {
                "type": "i",
                "bias": -0.01883881805473441
            },
            "2": {
                "type": "i",
                "bias": 0.05302271431202624
            },
            "3": {
                "type": "i",
                "bias": 0.25111355525300005
            },
            "4": {
                "type": "i",
                "bias": -0.04830327298666114
            },
            "5": {
                "type": "i",
                "bias": 0.09479905501324624
            },
            "6": {
                "type": "i",
                "bias": -0.08418860275222995
            },
            "7": {
                "type": "i",
                "bias": -0.008375605581554868
            },
            "8": {
                "type": "o",
                "bias": 0.19243343247931807
            },
            "9": {
                "type": "o",
                "bias": -0.09098093835890739
            },
            "10": {
                "type": "o",
                "bias": -0.26748556732301865
            },
            "11": {
                "type": "o",
                "bias": -0.02527247185014477
            }
        },
        "synapses": {
            "34": {
                "nrn_to": 10,
                "nrn_from": 4,
                "weight": -0.20010137814415174,
                "active": true
            },
            "19": {
                "nrn_to": 9,
                "nrn_from": 2,
                "weight": 0.2089107561414465,
                "active": true
            },
            "22": {
                "nrn_to": 11,
                "nrn_from": 4,
                "weight": 0.8566196455125056,
                "active": true
            },
            "23": {
                "nrn_to": 8,
                "nrn_from": 7,
                "weight": -0.21525510685967908,
                "active": false
            },
            "24": {
                "nrn_to": 8,
                "nrn_from": 6,
                "weight": 0.5207699554020873,
                "active": true
            },
            "42": {
                "nrn_to": 8,
                "nrn_from": 3,
                "weight": 0.31464000303343015,
                "active": true
            },
            "15": {
                "nrn_to": 10,
                "nrn_from": 5,
                "weight": -0.5275499353821248,
                "active": true
            }
        }
    },
    "Species 1 num animals": 18,
    "Species 1 top fitness": -86.14406911257885,
    "Species 1 mean fitness": -111.11611312576663,
    "Species 1 std fitness": 15.917806800519541,
    "Species 1 top animal N hidden neurons": 0,
    "Species 1 top animal N synapses": 7,
    "Species 1 top animal": {
        "neurons": {
            "0": {
                "type": "i",
                "bias": -0.019535708370286592
            },
            "1": {
                "type": "i",
                "bias": 0.031209677736893655
            },
            "2": {
                "type": "i",
                "bias": -0.0871118166884826
            },
            "3": {
                "type": "i",
                "bias": 0.03837893563782231
            },
            "4": {
                "type": "i",
                "bias": -0.03414213107262837
            },
            "5": {
                "type": "i",
                "bias": -0.048585613755688685
            },
            "6": {
                "type": "i",
                "bias": 0.01934356963788673
            },
            "7": {
                "type": "i",
                "bias": 0.13574794140234092
            },
            "8": {
                "type": "o",
                "bias": 0.18037554891255425
            },
            "9": {
                "type": "o",
                "bias": -0.13912322226904977
            },
            "10": {
                "type": "o",
                "bias": -0.21676082652370593
            },
            "11": {
                "type": "o",
                "bias": -0.017812535372633564
            }
        },
        "synapses": {
            "33": {
                "nrn_to": 8,
                "nrn_from": 5,
                "weight": -0.04787554492324122,
                "active": true
            },
            "34": {
                "nrn_to": 10,
                "nrn_from": 4,
                "weight": -0.2614833003839271,
                "active": true
            },
            "35": {
                "nrn_to": 9,
                "nrn_from": 5,
                "weight": -0.06656246802277495,
                "active": true
            },
            "20": {
                "nrn_to": 9,
                "nrn_from": 3,
                "weight": -0.20495529323594808,
                "active": true
            },
            "22": {
                "nrn_to": 11,
                "nrn_from": 4,
                "weight": 2.4058693726223317,
                "active": true
            },
            "23": {
                "nrn_to": 8,
                "nrn_from": 7,
                "weight": 0.07009610094171098,
                "active": true
            },
            "15": {
                "nrn_to": 10,
                "nrn_from": 5,
                "weight": 0.24245138126908763,
                "active": true
            }
        }
    }
}