{
    "Num species": 3,
    "Species 2 num animals": 1,
    "Species 2 top fitness": 39.83437647843287,
    "Species 2 mean fitness": 39.83437647843287,
    "Species 2 std fitness": 0.0,
    "Species 2 top animal N hidden neurons": 1,
    "Species 2 top animal N synapses": 10,
    "Species 2 top animal": {
        "neurons": {
            "0": {
                "type": "i",
                "bias": -0.00013920382607447018
            },
            "1": {
                "type": "i",
                "bias": -0.11360805093305806
            },
            "2": {
                "type": "i",
                "bias": 0.035998317220708044
            },
            "3": {
                "type": "i",
                "bias": 0.12336827683627584
            },
            "4": {
                "type": "i",
                "bias": 0.08514583882175694
            },
            "5": {
                "type": "i",
                "bias": 0.5283103675588738
            },
            "6": {
                "type": "i",
                "bias": 0.02511468653951121
            },
            "7": {
                "type": "i",
                "bias": 0.07262638772857535
            },
            "8": {
                "type": "o",
                "bias": -0.07688912133841645
            },
            "9": {
                "type": "o",
                "bias": 0.15915870395390463
            },
            "10": {
                "type": "o",
                "bias": -0.0946769444077914
            },
            "11": {
                "type": "o",
                "bias": -0.0374743918871622
            },
            "91": {
                "type": "h",
                "bias": -0.0443330760978329
            }
        },
        "synapses": {
            "42": {
                "nrn_to": 11,
                "nrn_from": 4,
                "weight": 3.0,
                "active": true
            },
            "46": {
                "nrn_to": 11,
                "nrn_from": 0,
                "weight": -0.2518011063253116,
                "active": true
            },
            "92": {
                "active": true,
                "nrn_to": 91,
                "nrn_from": 5,
                "weight": 2.0
            },
            "16": {
                "nrn_to": 8,
                "nrn_from": 5,
                "weight": -0.48882127857160385,
                "active": true
            },
            "20": {
                "nrn_to": 10,
                "nrn_from": 3,
                "weight": -0.6585846617289314,
                "active": true
            },
            "22": {
                "nrn_to": 11,
                "nrn_from": 5,
                "weight": 2.201925663799707,
                "active": false
            },
            "25": {
                "nrn_to": 11,
                "nrn_from": 1,
                "weight": 0.10448526242647077,
                "active": false
            },
            "28": {
                "nrn_to": 8,
                "nrn_from": 4,
                "weight": 0.11407665659280097,
                "active": true
            },
            "93": {
                "active": true,
                "nrn_to": 11,
                "nrn_from": 91,
                "weight": 2.206889889038925
            },
            "30": {
                "nrn_to": 9,
                "nrn_from": 2,
                "weight": 0.301294916212842,
                "active": true
            }
        }
    },
    "Species 0 num animals": 43,
    "Species 0 top fitness": 62.73297608439146,
    "Species 0 mean fitness": -22.858289897916883,
    "Species 0 std fitness": 71.3305700614656,
    "Species 0 top animal N hidden neurons": 1,
    "Species 0 top animal N synapses": 10,
    "Species 0 top animal": {
        "neurons": {
            "0": {
                "type": "i",
                "bias": -0.00013920382607447018
            },
            "1": {
                "type": "i",
                "bias": -0.04037927501855556
            },
            "2": {
                "type": "i",
                "bias": -0.06621971501921245
            },
            "3": {
                "type": "i",
                "bias": 0.13943922747053172
            },
            "4": {
                "type": "i",
                "bias": 0.15812247305232952
            },
            "5": {
                "type": "i",
                "bias": 0.6181735752144377
            },
            "6": {
                "type": "i",
                "bias": 0.01994546726701943
            },
            "7": {
                "type": "i",
                "bias": 0.12269220149467278
            },
            "8": {
                "type": "o",
                "bias": -0.253548010787446
            },
            "9": {
                "type": "o",
                "bias": 0.15915870395390463
            },
            "10": {
                "type": "o",
                "bias": -0.0729450983103592
            },
            "11": {
                "type": "o",
                "bias": -0.0374743918871622
            },
            "91": {
                "type": "h",
                "bias": -0.0443330760978329
            }
        },
        "synapses": {
            "42": {
                "nrn_to": 11,
                "nrn_from": 4,
                "weight": 1.60272294171,
                "active": true
            },
            "46": {
                "nrn_to": 11,
                "nrn_from": 0,
                "weight": -0.2156821128731946,
                "active": true
            },
            "92": {
                "active": true,
                "nrn_to": 91,
                "nrn_from": 5,
                "weight": 1.0
            },
            "16": {
                "nrn_to": 8,
                "nrn_from": 5,
                "weight": -0.4276386533937886,
                "active": true
            },
            "20": {
                "nrn_to": 10,
                "nrn_from": 3,
                "weight": -0.7585287073816716,
                "active": true
            },
            "22": {
                "nrn_to": 11,
                "nrn_from": 5,
                "weight": 2.201925663799707,
                "active": false
            },
            "25": {
                "nrn_to": 11,
                "nrn_from": 1,
                "weight": 0.1663389792967767,
                "active": false
            },
            "28": {
                "nrn_to": 8,
                "nrn_from": 4,
                "weight": 0.057451155377492936,
                "active": true
            },
            "93": {
                "active": true,
                "nrn_to": 11,
                "nrn_from": 91,
                "weight": 2.206889889038925
            },
            "30": {
                "nrn_to": 9,
                "nrn_from": 2,
                "weight": 0.301294916212842,
                "active": true
            }
        }
    },
    "Species 1 num animals": 16,
    "Species 1 top fitness": -67.43797497898787,
    "Species 1 mean fitness": -112.87539501142439,
    "Species 1 std fitness": 37.30641649306728,
    "Species 1 top animal N hidden neurons": 1,
    "Species 1 top animal N synapses": 7,
    "Species 1 top animal": {
        "neurons": {
            "0": {
                "type": "i",
                "bias": 0.11226934033523614
            },
            "1": {
                "type": "i",
                "bias": -0.23289766181307614
            },
            "2": {
                "type": "i",
                "bias": 0.009383433129897603
            },
            "3": {
                "type": "i",
                "bias": 0.3200383412833666
            },
            "4": {
                "type": "i",
                "bias": 0.0961081819363393
            },
            "5": {
                "type": "i",
                "bias": -0.057509108303235044
            },
            "6": {
                "type": "i",