{
    "Num species": 2,
    "Species 1 num animals": 11,
    "Species 1 top fitness": -29.758262515253545,
    "Species 1 mean fitness": -111.66656482932746,
    "Species 1 std fitness": 84.85046644589939,
    "Species 1 top animal N hidden neurons": 0,
    "Species 1 top animal N synapses": 7,
    "Species 1 top animal": {
        "neurons": {
            "0": {
                "type": "i",
                "bias": 1.8667846855114734
            },
            "1": {
                "type": "i",
                "bias": -0.09130527483857807
            },
            "2": {
                "type": "i",
                "bias": 0.2932637082562734
            },
            "3": {
                "type": "i",
                "bias": 0.04523691115455074
            },
            "4": {
                "type": "i",
                "bias": 0.35332067743093654
            },
            "5": {
                "type": "i",
                "bias": -0.045389052048037615
            },
            "6": {
                "type": "i",
                "bias": -0.4496114635898777
            },
            "7": {
                "type": "i",
                "bias": -0.16127612409173722
            },
            "8": {
                "type": "o",
                "bias": 0.031575936229712276
            },
            "9": {
                "type": "o",
                "bias": 0.19020898955357862
            },
            "10": {
                "type": "o",
                "bias": 0.1044860652749254
            },
            "11": {
                "type": "o",
                "bias": 0.09926078622614985
            }
        },
        "synapses": {
            "35": {
                "nrn_to": 9,
                "nrn_from": 5,
                "weight": -0.20511648952230305,
                "active": true
            },
            "37": {
                "nrn_to": 9,
                "nrn_from": 7,
                "weight": 0.18484993017986495,
                "active": true
            },
            "38": {
                "nrn_to": 8,
                "nrn_from": 1,
                "weight": -0.04608492300134029,
                "active": true
            },
            "24": {
                "nrn_to": 10,
                "nrn_from": 1,
                "weight": -0.04393226550600987,
                "active": false
            },
            "27": {
                "nrn_to": 11,
                "nrn_from": 7,
                "weight": 0.27873839326290883,
                "active": true
            },
            "43": {
                "nrn_to": 9,
                "nrn_from": 3,
                "weight": 0.18013993551417884,
                "active": true
            },
            "44": {
                "nrn_to": 11,
                "nrn_from": 5,
                "weight": 0.5263639936991704,
                "active": true
            }
        }
    },
    "Species 0 num animals": 49,
    "Species 0 top fitness": -11.087003799210077,
    "Species 0 mean fitness": -87.16544682354731,
    "Species 0 std fitness": 85.75069632838378,
    "Species 0 top animal N hidden neurons": 0,
    "Species 0 top animal N synapses": 9,
    "Species 0 top animal": {
        "neurons": {
            "0": {
                "type": "i",
                "bias": 0.5369564374517433
            },
            "1": {
                "type": "i",
                "bias": 0.018806824310191546
            },
            "2": {
                "type": "i",
                "bias": 0.1544067695354029
            },
            "3": {
                "type": "i",
                "bias": -0.10326726064696845
            },
            "4": {
                "type": "i",
                "bias": 0.13723847441610743
            },
            "5": {
                "type": "i",
                "bias": -0.015303228077444258
            },
            "6": {
                "type": "i",
                "bias": 0.15032857669156893
            },
            "7": {
                "type": "i",
                "bias": 0.1795701495537923
            },
            "8": {
                "type": "o",
                "bias": -0.0012399637914957615
            },
            "9": {
                "type": "o",
                "bias": 0.23334563477257844
            },
            "10": {
                "type": "o",
                "bias": 0.23036498139966466
            },
            "11": {
                "type": "o",
                "bias": 0.056570628901485266
            }
        },
        "synapses": {
            "35": {
                "nrn_to": 9,
                "nrn_from": 5,
                "weight": -0.24182578545346894,
                "active": true
            },
            "37": {
                "nrn_to": 9,
                "nrn_from": 7,
                "weight": 0.15061520518988106,
                "active": false
            },
            "38": {
                "nrn_to": 8,
                "nrn_from": 1,
                "weight": 0.12319413574004562,
                "active": false
            },
            "39": {
                "nrn_to": 9,
                "nrn_from": 2,
                "weight": 0.10600783056067377,
                "active": true
            },
            "43": {
                "nrn_to": 9,
                "nrn_from": 3,
                "weight": 0.22902959402644835,
                "active": true
            },
            "44": {
                "nrn_to": 11,
                "nrn_from": 5,
                "weight": 0.9909145105006016,
                "active": true
            },
            "17": {
                "nrn_to": 10,
                "nrn_from": 7,
                "weight": -0.2548141958183483,
                "active": true
            },
            "55": {
                "nrn_to": 10,
                "nrn_from": 2,
                "weight": 0.22671457568703302,
                "active": true
            },
            "24": {
                "nrn_to": 10,
                "nrn_from": 1,
                "weight": -0.1463919229093946,
                "active": true
            }
        }
    }
}