{
    "Num species": 1,
    "Species 0 num animals": 60,
    "Species 0 top fitness": -91.23973407114454,
    "Species 0 mean fitness": -145.6696255201625,
    "Species 0 std fitness": 139.0193896489689,
    "Species 0 top animal N hidden neurons": 0,
    "Species 0 top animal N synapses": 2,
    "Species 0 top animal": {
        "neurons": {
            "0": {
                "type": "i",
                "bias": 0.08405182722696748
            },
            "1": {
                "type": "i",
                "bias": -0.041293971437649304
            },
            "2": {
                "type": "i",
                "bias": 0.07238095479755928
            },
            "3": {
                "type": "i",
                "bias": -0.059764911432633225
            },
            "4": {
                "type": "i",
                "bias": 0.04164959909544513
            },
            "5": {
                "type": "i",
                "bias": -0.008992919001464952
            },
            "6": {
                "type": "i",
                "bias": -0.007515758325685382
            },
            "7": {
                "type": "i",
                "bias": 0.008698213822758703
            },
            "8": {
                "type": "o",
                "bias": -0.03905561533561021
            },
            "9": {
                "type": "o",
                "bias": 0.009420208889387119
            },
            "10": {
                "type": "o",
                "bias": -0.0029836199782602296
            },
            "11": {
                "type": "o",
                "bias": 0.019858614942657192
            }
        },
        "synapses": {
            "18": {
                "nrn_to": 11,
                "nrn_from": 4,
                "weight": 0.5568730506226263,
                "active": true
            },
            "28": {
                "nrn_to": 8,
                "nrn_from": 2,
                "weight": -0.004688560280363109,
                "active": true
            }
        }
    }
}