{
    "Num species": 3,
    "Species 1 num animals": 7,
    "Species 1 top fitness": 6.351143293427977,
    "Species 1 mean fitness": -47.294173735215566,
    "Species 1 std fitness": 44.45066010014232,
    "Species 1 top animal N hidden neurons": 0,
    "Species 1 top animal N synapses": 10,
    "Species 1 top animal": {
        "neurons": {
            "0": {
                "type": "i",
                "bias": -0.1134923454569308
            },
            "1": {
                "type": "i",
                "bias": 0.06492336082972647
            },
            "2": {
                "type": "i",
                "bias": 0.15631047347404997
            },
            "3": {
                "type": "i",
                "bias": 0.013982255326474395
            },
            "4": {
                "type": "i",
                "bias": 0.539209706079951
            },
            "5": {
                "type": "i",
                "bias": 0.09478282812390608
            },
            "6": {
                "type": "i",
                "bias": 0.08386846556374834
            },
            "7": {
                "type": "i",
                "bias": 0.2941790278202788
            },
            "8": {
                "type": "o",
                "bias": 0.1319550106847886
            },
            "9": {
                "type": "o",
                "bias": -0.065771909822099
            },
            "10": {
                "type": "o",
                "bias": 0.09100490274608625
            },
            "11": {
                "type": "o",
                "bias": 0.19273367251848272
            }
        },
        "synapses": {
            "35": {
                "nrn_to": 11,
                "nrn_from": 6,
                "weight": 1.8104321538070196,
                "active": true
            },
            "37": {
                "nrn_to": 10,
                "nrn_from": 6,
                "weight": 0.41051991635335644,
                "active": true
            },
            "38": {
                "nrn_to": 11,
                "nrn_from": 0,
                "weight": -0.7116994765996036,
                "active": true
            },
            "43": {
                "nrn_to": 8,
                "nrn_from": 6,
                "weight": 0.8509042634439685,
                "active": true
            },
            "12": {
                "nrn_to": 11,
                "nrn_from": 4,
                "weight": 0.4658894666642977,
                "active": true
            },
            "14": {
                "nrn_to": 11,
                "nrn_from": 5,
                "weight": 0.5975745193285286,
                "active": true
            },
            "15": {
                "nrn_to": 10,
                "nrn_from": 3,
                "weight": -0.07114241443458755,
                "active": true
            },
            "23": {
                "nrn_to": 8,
                "nrn_from": 3,
                "weight": 0.32892726120451515,
                "active": true
            },
            "24": {
                "nrn_to": 9,
                "nrn_from": 7,
                "weight": 0.5985837798755582,
                "active": true
            },
            "26": {
                "nrn_to": 9,
                "nrn_from": 1,
                "weight": 0.23410279912518778,
                "active": true
            }
        }
    },
    "Species 2 num animals": 39,
    "Species 2 top fitness": 66.24604941856684,
    "Species 2 mean fitness": -44.949396119529425,
    "Species 2 std fitness": 84.11883920202862,
    "Species 2 top animal N hidden neurons": 1,
    "Species 2 top animal N synapses": 12,
    "Species 2 top animal": {
        "neurons": {
            "0": {
                "type": "i",
                "bias": -0.05897182127650018
            },
            "1": {
                "type": "i",
                "bias": -0.11511354763808558
            },
            "2": {
                "type": "i",
                "bias": -0.19909570402709623
            },
            "3": {
                "type": "i",
                "bias": 0.08260686372383316
            },
            "4": {
                "type": "i",
                "bias": 0.17926044348145845
            },
            "5": {
                "type": "i",
                "bias": 0.04309966112150686
            },
            "6": {
                "type": "i",
                "bias": 0.08821274922926516
            },
            "7": {
                "type": "i",
                "bias": 0.21657122643511323
            },
            "8": {
                "type": "o",
                "bias": 0.13217118441814085
            },
            "9": {
                "type": "o",
                "bias": 0.08367456851312428
            },
            "10": {
                "type": "o",
                "bias": 0.1422343496788517
            },
            "11": {
                "type": "o",
                "bias": 0.10178844688423289
            },
            "84": {
                "type": "h",
                "bias": 0.0
            }
        },
        "synapses": {
            "35": {
                "nrn_to": 11,
                "nrn_from": 6,
                "weight": 0.827177879989518,
                "active": true
            },
            "37": {
                "nrn_to": 10,
                "nrn_from": 6,
                "weight": 0.3098383453262916,
                "active": true
            },
            "42": {
                "nrn_to": 9,
                "nrn_from": 4,
                "weight": -1.2927783203889762,
                "active": true
            },
            "43": {
                "nrn_to": 8,
                "nrn_from": 6,
                "weight": 0.4352871432298736,
                "active": true
            },
            "12": {
                "nrn_to": 11,
                "nrn_from": 4,
                "weight": 0.40808824494004214,
                "active": false
            },
            "14": {
                "nrn_to": 11,
                "nrn_from": 5,
                "weight": 0.721468756101451,
                "active": true
            },
            "15": {
                "nrn_to": 10,
                "nrn_from": 3,
                "weight": -0.06957731152919523,
                "active": true
            },
            "85": {
                "active": true,
                "nrn_to": 84,
                "nrn_from": 4,
                "weight": 1.0
            },
            "86": {
                "active": true,
                "nrn_to": 11,
                "nrn_from": 84,
                "weight": 0.4326580729466763
            },
            "23": {
                "nrn_to": 8,
                "nrn_from": 3,
                "weight": 0.2430658921115244,
                "active": true
            },
            "26": {
                "nrn_to": 9,
                "nrn_from": 1,
                "weight": 0.31442402446115264,
                "active": true
            },
            "28": {
                "nrn_to": 11,
                "nrn_from": 3,
                "weight": 0.023476312472757457,
                "active": true
            }
        }
    },
    "Species 3 num animals": 14,
    "Species 3 top fitness": 7.640524797640602,
    "Species 3 mean fitness": -80.72841637307842,
    "Species 3 std fitness": 101.96317885260834,
    "Species 3 top animal N hidden neurons": 0,
    "Species 3 top animal N synapses": 10,
    "Species 3 top animal": {
        "neurons": {
            "0": {
                "type": "i",
                "bias": -0.054774041985789945
            },
            "1": {
                "type": "i",
                "bias": 0.02335727609137498
            },
            "2": {
                "type": "i",
                "bias": 0.11083134378386549
            },
            "3": {
                "type": "i",
                "bias": 0.1564556823917132
            },