{
    "Num species": 2,
    "Species 0 num animals": 43,
    "Species 0 top fitness": 81.95817262021512,
    "Species 0 mean fitness": -73.64222201007829,
    "Species 0 std fitness": 86.07605761042504,
    "Species 0 top animal N hidden neurons": 1,
    "Species 0 top animal N synapses": 10,
    "Species 0 top animal": {
        "neurons": {
            "0": {
                "type": "i",
                "bias": -0.2864549141969783
            },
            "1": {
                "type": "i",
                "bias": -0.12213848540356514
            },
            "2": {
                "type": "i",
                "bias": 0.598309989659361
            },
            "3": {
                "type": "i",
                "bias": 0.10185070701845486
            },
            "4": {
                "type": "i",
                "bias": 0.10999154180546523
            },
            "5": {
                "type": "i",
                "bias": 0.21663305636209035
            },
            "6": {
                "type": "i",
                "bias": 0.1568640356203005
            },
            "7": {
                "type": "i",
                "bias": -0.08704956999378585
            },
            "8": {
                "type": "o",
                "bias": 0.25859032008115135
            },
            "9": {
                "type": "o",
                "bias": -0.014747245888128167
            },
            "10": {
                "type": "o",
                "bias": 0.17998707774256228
            },
            "11": {
                "type": "o",
                "bias": -0.0005894904840420233
            },
            "87": {
                "type": "h",
                "bias": 0.04513778660831849
            }
        },
        "synapses": {
            "32": {
                "nrn_to": 9,
                "nrn_from": 2,
                "weight": 0.39606790536283004,
                "active": true
            },
            "33": {
                "nrn_to": 8,
                "nrn_from": 3,
                "weight": 0.242146836852533,
                "active": true
            },
            "37": {
                "nrn_to": 11,
                "nrn_from": 5,
                "weight": 0.5788212781085138,
                "active": true
            },
            "38": {
                "nrn_to": 11,
                "nrn_from": 2,
                "weight": -0.32047101109069476,
                "active": true
            },
            "41": {
                "nrn_to": 11,
                "nrn_from": 3,
                "weight": 0.6533874859579389,
                "active": false
            },
            "17": {
                "nrn_to": 9,
                "nrn_from": 1,
                "weight": -0.18526665347490656,
                "active": false
            },
            "88": {
                "active": true,
                "nrn_to": 87,
                "nrn_from": 3,
                "weight": 0.9193733190290071
            },
            "89": {
                "active": true,
                "nrn_to": 11,
                "nrn_from": 87,
                "weight": 0.6191284876714216
            },
            "27": {
                "nrn_to": 9,
                "nrn_from": 7,
                "weight": 0.020566735060792853,
                "active": false
            },
            "30": {
                "nrn_to": 9,
                "nrn_from": 4,
                "weight": -0.5379392409523256,
                "active": true
            }
        }
    },
    "Species 2 num animals": 17,
    "Species 2 top fitness": -98.60497441496777,
    "Species 2 mean fitness": -123.32775373743016,
    "Species 2 std fitness": 20.710293983505967,
    "Species 2 top animal N hidden neurons": 1,
    "Species 2 top animal N synapses": 12,
    "Species 2 top animal": {
        "neurons": {
            "0": {
                "type": "i",
                "bias": -0.13056593129353783
            },
            "1": {
                "type": "i",
                "bias": -0.12928265880776763
            },
            "2": {
                "type": "i",
                "bias": 0.1136363823204967
            },
            "3": {
                "type": "i",
                "bias": 0.17116900289426387
            },
            "4": {
                "type": "i",
                "bias": 0.0009904275120220657
            },
            "5": {
                "type": "i",
                "bias": 0.035132855219520226
            },
            "6": {
                "type": "i",
                "bias": -0.09771402434464185
            },
            "7": {
                "type": "i",
                "bias": 0.2680820292224656
            },
            "8": {
                "type": "o",
                "bias": 0.2568553527304537
            },
            "9": {
                "type": "o",
                "bias": 0.13542938848387054
            },
            "10": {
                "type": "o",
                "bias": 0.16719323718372392
            },
            "11": {
                "type": "o",
                "bias": -0.025548011207855482
            },
            "81": {
                "type": "h",
                "bias": 0.08212695285064059
            }
        },
        "synapses": {
            "32": {
                "nrn_to": 9,
                "nrn_from": 2,
                "weight": 0.35689576498519837,
                "active": true
            },
            "33": {
                "nrn_to": 8,
                "nrn_from": 3,
                "weight": 0.21301237029855988,
                "active": true
            },
            "37": {
                "nrn_to": 11,
                "nrn_from": 5,
                "weight": 0.0398426642583643,
                "active": true
            },
            "40": {
                "nrn_to": 8,
                "nrn_from": 1,
                "weight": 0.3680114697345691,
                "active": true
            },
            "41": {
                "nrn_to": 11,
                "nrn_from": 3,
                "weight": 0.3729264302452377,
                "active": true
            },
            "42": {
                "nrn_to": 10,
                "nrn_from": 7,
                "weight": 0.37731550558911764,
                "active": false
            },
            "17": {
                "nrn_to": 9,
                "nrn_from": 1,
                "weight": -0.1996930742719637,
                "active": true
            },
            "18": {
                "nrn_to": 8,
                "nrn_from": 5,
                "weight": 0.4220909153342419,
                "active": true
            },
            "83": {
                "active": true,
                "nrn_to": 10,
                "nrn_from": 81,
                "weight": 0.9117665895863891
            },
            "20": {
                "nrn_to": 11,
                "nrn_from": 4,
                "weight": 0.03613349044314566,
                "active": true
            },
            "82": {
                "active": true,
                "nrn_to": 81,
                "nrn_from": 7,
                "weight": 1.1058157765913623
            },
            "97": {
                "nrn_to": 81,
                "nrn_from": 0,
                "weight": 0.4820204005176905,
                "active": true
            }
        }
    }
}