{
    "Num species": 1,
    "Species 0 num animals": 60,
    "Species 0 top fitness": -24.76443203936145,
    "Species 0 mean fitness": -119.92372055558327,
    "Species 0 std fitness": 124.67719241070903,
    "Species 0 top animal N hidden neurons": 1,
    "Species 0 top animal N synapses": 7,
    "Species 0 top animal": {
        "neurons": {
            "0": {
                "type": "i",
                "bias": -0.053691731267640305
            },
            "1": {
                "type": "i",
                "bias": 0.019068234168590662
            },
            "2": {
                "type": "i",
                "bias": 0.12519927360604297
            },
            "3": {
                "type": "i",
                "bias": 0.00904946692328873
            },
            "4": {
                "type": "i",
                "bias": -0.0778980877577011
            },
            "5": {
                "type": "i",
                "bias": 0.11337323421293535
            },
            "6": {
                "type": "i",
                "bias": 0.012098866590064625
            },
            "7": {
                "type": "i",
                "bias": -0.0906635491486891
            },
            "8": {
                "type": "o",
                "bias": 9.318982598113118e-05
            },
            "9": {
                "type": "o",
                "bias": 0.05221162797967475
            },
            "10": {
                "type": "o",
                "bias": 0.009008865388617386
            },
            "11": {
                "type": "o",
                "bias": -0.07034141218031213
            },
            "47": {
                "type": "h",
                "bias": 0.0
            }
        },
        "synapses": {
            "32": {
                "nrn_to": 8,
                "nrn_from": 1,
                "weight": -0.5778713150999805,
                "active": true
            },
            "65": {
                "nrn_to": 47,
                "nrn_from": 6,
                "weight": 0.12153421834182337,
                "active": true
            },
            "48": {
                "active": true,
                "nrn_to": 47,
                "nrn_from": 4,
                "weight": 1.031479715897932
            },
            "49": {
                "active": true,
                "nrn_to": 11,
                "nrn_from": 47,
                "weight": 0.5381187640657051
            },
            "18": {
                "nrn_to": 11,
                "nrn_from": 4,
                "weight": 0.28719772190506426,
                "active": true
            },
            "50": {
                "nrn_to": 10,
                "nrn_from": 3,
                "weight": -0.2613889932223836,
                "active": true
            },
            "44": {
                "nrn_to": 8,
                "nrn_from": 3,
                "weight": 0.6250364215656166,
                "active": true
            }
        }
    }
}