{
    "Num species": 4,
    "Species 1 num animals": 9,
    "Species 1 top fitness": 47.52745016155459,
    "Species 1 mean fitness": -40.176075797105064,
    "Species 1 std fitness": 83.11055929686196,
    "Species 1 top animal N hidden neurons": 0,
    "Species 1 top animal N synapses": 9,
    "Species 1 top animal": {
        "neurons": {
            "0": {
                "type": "i",
                "bias": -0.054774041985789945
            },
            "1": {
                "type": "i",
                "bias": 0.02335727609137498
            },
            "2": {
                "type": "i",
                "bias": 0.11083134378386549
            },
            "3": {
                "type": "i",
                "bias": 0.02678825768280177
            },
            "4": {
                "type": "i",
                "bias": 0.15861417938308087
            },
            "5": {
                "type": "i",
                "bias": 0.054134885781460196
            },
            "6": {
                "type": "i",
                "bias": -0.0027186387922868297
            },
            "7": {
                "type": "i",
                "bias": 0.15249038948135626
            },
            "8": {
                "type": "o",
                "bias": 0.1319550106847886
            },
            "9": {
                "type": "o",
                "bias": -0.045437456418794965
            },
            "10": {
                "type": "o",
                "bias": 0.04927704112728965
            },
            "11": {
                "type": "o",
                "bias": 0.14371156490462705
            }
        },
        "synapses": {
            "35": {
                "nrn_to": 11,
                "nrn_from": 6,
                "weight": 1.8124805047951473,
                "active": true
            },
            "37": {
                "nrn_to": 10,
                "nrn_from": 6,
                "weight": 0.3892218383673163,
                "active": true
            },
            "38": {
                "nrn_to": 11,
                "nrn_from": 0,
                "weight": -0.6736916368521584,
                "active": true
            },
            "43": {
                "nrn_to": 8,
                "nrn_from": 6,
                "weight": 0.8708565189831038,
                "active": true
            },
            "12": {
                "nrn_to": 11,
                "nrn_from": 4,
                "weight": 0.4112060248735497,
                "active": true
            },
            "14": {
                "nrn_to": 11,
                "nrn_from": 5,
                "weight": 0.5703317147587965,
                "active": true
            },
            "15": {
                "nrn_to": 10,
                "nrn_from": 3,
                "weight": -0.13767369219407033,
                "active": true
            },
            "23": {
                "nrn_to": 8,
                "nrn_from": 3,
                "weight": 0.3647995244957383,
                "active": true
            },
            "26": {
                "nrn_to": 9,
                "nrn_from": 1,
                "weight": 0.23410279912518778,
                "active": true
            }
        }
    },
    "Species 2 num animals": 24,
    "Species 2 top fitness": -6.785536451433821,
    "Species 2 mean fitness": -46.71652358542766,
    "Species 2 std fitness": 44.59802654028011,
    "Species 2 top animal N hidden neurons": 1,
    "Species 2 top animal N synapses": 12,
    "Species 2 top animal": {
        "neurons": {
            "0": {
                "type": "i",
                "bias": -0.05897182127650018
            },
            "1": {
                "type": "i",
                "bias": -0.11511354763808558
            },
            "2": {
                "type": "i",
                "bias": -0.19909570402709623
            },
            "3": {
                "type": "i",
                "bias": 0.08260686372383316
            },
            "4": {
                "type": "i",
                "bias": 0.17926044348145845
            },
            "5": {
                "type": "i",
                "bias": 0.0103032942884516
            },
            "6": {
                "type": "i",
                "bias": 0.08821274922926516
            },
            "7": {
                "type": "i",
                "bias": 0.21657122643511323
            },
            "8": {
                "type": "o",
                "bias": 0.13217118441814085
            },
            "9": {
                "type": "o",
                "bias": 0.08367456851312428
            },
            "10": {
                "type": "o",
                "bias": 0.09021782172334387
            },
            "11": {
                "type": "o",
                "bias": 0.10178844688423289
            },
            "84": {
                "type": "h",
                "bias": 0.0
            }
        },
        "synapses": {
            "35": {
                "nrn_to": 11,
                "nrn_from": 6,
                "weight": 0.827177879989518,
                "active": true
            },
            "37": {
                "nrn_to": 10,
                "nrn_from": 6,
                "weight": 0.3098383453262916,
                "active": true
            },
            "42": {
                "nrn_to": 9,
                "nrn_from": 4,
                "weight": -1.2927783203889762,
                "active": true
            },
            "43": {
                "nrn_to": 8,
                "nrn_from": 6,
                "weight": 0.4352871432298736,
                "active": true
            },
            "12": {
                "nrn_to": 11,
                "nrn_from": 4,
                "weight": 0.40808824494004214,
                "active": false
            },
            "14": {
                "nrn_to": 11,
                "nrn_from": 5,
                "weight": 0.721468756101451,
                "active": true
            },
            "15": {
                "nrn_to": 10,
                "nrn_from": 3,
                "weight": -0.06957731152919523,
                "active": true
            },
            "85": {
                "active": true,
                "nrn_to": 84,
                "nrn_from": 4,
                "weight": 1.0
            },
            "86": {
                "active": true,
                "nrn_to": 11,
                "nrn_from": 84,
                "weight": 0.4326580729466763
            },
            "23": {
                "nrn_to": 8,
                "nrn_from": 3,
                "weight": 0.2430658921115244,
                "active": true
            },
            "26": {
                "nrn_to": 9,
                "nrn_from": 1,
                "weight": 0.31442402446115264,
                "active": true
            },
            "28": {
                "nrn_to": 11,
                "nrn_from": 3,
                "weight": 0.023476312472757457,
                "active": true
            }
        }
    },
    "Species 0 num animals": 6,
    "Species 0 top fitness": -115.50722487208073,
    "Species 0 mean fitness": -119.69648036989354,
    "Species 0 std fitness": 3.0695858325306076,
    "Species 0 top animal N hidden neurons": 0,
    "Species 0 top animal N synapses": 9,
    "Species 0 top animal": {
        "neurons": {
            "0": {
                "type": "i",
                "bias": -0.05649914189354582
            },
            "1": {
                "type": "i",
                "bias": -0.008610898338120745
            },
            "2": {
                "type": "i",
                "bias": -0.11966698697671464
            },
            "3": {
                "type": "i",
                "bias": 0.051410762397271555
            },
            "4": {
                "type": "i",
                "bias": 0.9689532185858813
            },
            "5": {
                "type": "i",