{
    "Num species": 2,
    "Species 1 num animals": 6,
    "Species 1 top fitness": -59.185867495955435,
    "Species 1 mean fitness": -132.02444640043583,
    "Species 1 std fitness": 78.47575837428047,
    "Species 1 top animal N hidden neurons": 1,
    "Species 1 top animal N synapses": 17,
    "Species 1 top animal": {
        "neurons": {
            "0": {
                "type": "i",
                "bias": 0.02754091471853809
            },
            "1": {
                "type": "i",
                "bias": 0.06290031305533905
            },
            "2": {
                "type": "i",
                "bias": 0.23760506376311574
            },
            "3": {
                "type": "i",
                "bias": -0.478698412727678
            },
            "4": {
                "type": "i",
                "bias": 0.269249185145643
            },
            "5": {
                "type": "i",
                "bias": 0.3660907688993026
            },
            "6": {
                "type": "i",
                "bias": -0.11282214674070415
            },
            "7": {
                "type": "i",
                "bias": 0.04419698921179677
            },
            "8": {
                "type": "o",
                "bias": -0.11826002074208776
            },
            "9": {
                "type": "o",
                "bias": -0.18288617858812287
            },
            "10": {
                "type": "o",
                "bias": 0.30808689774109504
            },
            "11": {
                "type": "o",
                "bias": -0.10518511398865077
            },
            "87": {
                "type": "h",
                "bias": 0.0
            }
        },
        "synapses": {
            "12": {
                "nrn_to": 10,
                "nrn_from": 6,
                "weight": -1.4848266349225339,
                "active": true
            },
            "13": {
                "nrn_to": 8,
                "nrn_from": 1,
                "weight": 0.8889420588222057,
                "active": true
            },
            "15": {
                "nrn_to": 9,
                "nrn_from": 5,
                "weight": 0.4381994712694522,
                "active": true
            },
            "16": {
                "nrn_to": 8,
                "nrn_from": 6,
                "weight": -0.16107844699336293,
                "active": true
            },
            "17": {
                "nrn_to": 10,
                "nrn_from": 3,
                "weight": -0.17220612368453384,
                "active": true
            },
            "88": {
                "active": true,
                "nrn_to": 87,
                "nrn_from": 5,
                "weight": 1.0
            },
            "89": {
                "active": true,
                "nrn_to": 11,
                "nrn_from": 87,
                "weight": 0.34063242376596103
            },
            "25": {
                "nrn_to": 10,
                "nrn_from": 7,
                "weight": 0.6300084734928616,
                "active": true
            },
            "27": {
                "nrn_to": 10,
                "nrn_from": 1,
                "weight": 0.27348393980677516,
                "active": false
            },
            "30": {
                "nrn_to": 11,
                "nrn_from": 5,
                "weight": 0.30707011224780567,
                "active": false
            },
            "31": {
                "nrn_to": 11,
                "nrn_from": 1,
                "weight": 0.15441033445782498,
                "active": false
            },
            "36": {
                "nrn_to": 11,
                "nrn_from": 2,
                "weight": -0.6858407363515884,
                "active": true
            },
            "37": {
                "nrn_to": 9,
                "nrn_from": 6,
                "weight": 0.5755753638426322,
                "active": true
            },
            "41": {
                "nrn_to": 11,
                "nrn_from": 7,
                "weight": 0.025824174062730555,
                "active": false
            },
            "45": {
                "nrn_to": 11,
                "nrn_from": 0,
                "weight": 0.35217537930992426,
                "active": false
            },
            "46": {
                "nrn_to": 9,
                "nrn_from": 0,
                "weight": 0.719184916448486,
                "active": true
            },
            "90": {
                "nrn_to": 8,
                "nrn_from": 87,
                "weight": -0.316742974239667,
                "active": true
            }
        }
    },
    "Species 0 num animals": 24,
    "Species 0 top fitness": -51.818461206608724,
    "Species 0 mean fitness": -128.7401428253362,
    "Species 0 std fitness": 83.2571568053113,
    "Species 0 top animal N hidden neurons": 0,
    "Species 0 top animal N synapses": 10,
    "Species 0 top animal": {
        "neurons": {
            "0": {
                "type": "i",
                "bias": 0.06871483224774805
            },
            "1": {
                "type": "i",
                "bias": -0.01613110281893732
            },
            "2": {
                "type": "i",
                "bias": 0.13635668361929604
            },
            "3": {
                "type": "i",
                "bias": -0.06217338509058591
            },
            "4": {
                "type": "i",
                "bias": 0.504366935072925
            },
            "5": {
                "type": "i",
                "bias": 0.3929741035548521
            },
            "6": {
                "type": "i",
                "bias": -0.04533736679982814
            },
            "7": {
                "type": "i",
                "bias": -0.0369090998079894
            },
            "8": {
                "type": "o",
                "bias": -0.025831548423092973
            },
            "9": {
                "type": "o",
                "bias": -0.032566109671413115
            },
            "10": {
                "type": "o",
                "bias": 0.2933886490319873
            },
            "11": {
                "type": "o",
                "bias": -0.3279356155298269
            }
        },
        "synapses": {
            "36": {
                "nrn_to": 11,
                "nrn_from": 2,
                "weight": -0.673992752131683,
                "active": true
            },
            "39": {
                "nrn_to": 8,
                "nrn_from": 4,
                "weight": 0.004908765924350191,
                "active": false
            },
            "41": {
                "nrn_to": 11,
                "nrn_from": 7,
                "weight": 0.06931138373155708,
                "active": false
            },
            "12": {
                "nrn_to": 10,
                "nrn_from": 6,
                "weight": -0.6778144583721246,
                "active": true
            },
            "13": {
                "nrn_to": 8,
                "nrn_from": 1,
                "weight": 0.45980651874329204,
                "active": true
            },
            "45": {
                "nrn_to": 11,
                "nrn_from": 0,
                "weight": 0.12421603554666315,
                "active": true
            },
            "46": {
                "nrn_to": 9,
                "nrn_from": 0,
                "weight": 0.6784247820861287,
                "active": true
            },
            "16": {
                "nrn_to": 8,
                "nrn_from": 6,
                "weight": -0.16778392286412275,
                "active": true
            },
            "27": {
                "nrn_to": 10,
                "nrn_from": 1,
                "weight": 0.07352555979480836,
                "active": false
            },
            "31": {
                "nrn_to": 11,
                "nrn_from": 1,