{
    "Num species": 1,
    "Species 0 num animals": 60,
    "Species 0 top fitness": -31.16341881275993,
    "Species 0 mean fitness": -119.45556934551979,
    "Species 0 std fitness": 93.28178849096425,
    "Species 0 top animal N hidden neurons": 0,
    "Species 0 top animal N synapses": 6,
    "Species 0 top animal": {
        "neurons": {
            "0": {
                "type": "i",
                "bias": 0.4538745056681592
            },
            "1": {
                "type": "i",
                "bias": -0.14996999675059683
            },
            "2": {
                "type": "i",
                "bias": 0.09063732379953188
            },
            "3": {
                "type": "i",
                "bias": 0.04768432137551999
            },
            "4": {
                "type": "i",
                "bias": 0.36930652203331804
            },
            "5": {
                "type": "i",
                "bias": -0.021909314805320095
            },
            "6": {
                "type": "i",
                "bias": -0.05008509135177581
            },
            "7": {
                "type": "i",
                "bias": 0.09566515495623294
            },
            "8": {
                "type": "o",
                "bias": 0.05583291763459964
            },
            "9": {
                "type": "o",
                "bias": 0.18865320395391602
            },
            "10": {
                "type": "o",
                "bias": 0.1618304180405648
            },
            "11": {
                "type": "o",
                "bias": 0.02798481407377407
            }
        },
        "synapses": {
            "35": {
                "nrn_to": 9,
                "nrn_from": 5,
                "weight": -0.5516272026483213,
                "active": true
            },
            "37": {
                "nrn_to": 9,
                "nrn_from": 7,
                "weight": 0.056946570741580924,
                "active": false
            },
            "38": {
                "nrn_to": 8,
                "nrn_from": 1,
                "weight": 0.0971113377069448,
                "active": false
            },
            "24": {
                "nrn_to": 10,
                "nrn_from": 1,
                "weight": -0.14555697971633796,
                "active": true
            },
            "43": {
                "nrn_to": 9,
                "nrn_from": 3,
                "weight": 0.16143988160098893,
                "active": true
            },
            "44": {
                "nrn_to": 11,
                "nrn_from": 5,
                "weight": 0.8907330567509127,
                "active": true
            }
        }
    }
}