{
    "Num species": 4,
    "Species 3 num animals": 33,
    "Species 3 top fitness": 4.8531263842246695,
    "Species 3 mean fitness": -55.50705552598097,
    "Species 3 std fitness": 26.421097382557615,
    "Species 3 top animal N hidden neurons": 0,
    "Species 3 top animal N synapses": 12,
    "Species 3 top animal": {
        "neurons": {
            "0": {
                "type": "i",
                "bias": 0.8016270237419073
            },
            "1": {
                "type": "i",
                "bias": -0.004620743382123467
            },
            "2": {
                "type": "i",
                "bias": -0.10522484153497547
            },
            "3": {
                "type": "i",
                "bias": 0.04928436737896583
            },
            "4": {
                "type": "i",
                "bias": -0.15688863746470394
            },
            "5": {
                "type": "i",
                "bias": -0.18822611747467805
            },
            "6": {
                "type": "i",
                "bias": 0.17005162812445285
            },
            "7": {
                "type": "i",
                "bias": 0.1189704344079969
            },
            "8": {
                "type": "o",
                "bias": -0.09010083027936605
            },
            "9": {
                "type": "o",
                "bias": 0.07189568424434692
            },
            "10": {
                "type": "o",
                "bias": 0.15455006450964945
            },
            "11": {
                "type": "o",
                "bias": 0.2995388836218463
            }
        },
        "synapses": {
            "32": {
                "nrn_to": 8,
                "nrn_from": 1,
                "weight": 0.16263958634554562,
                "active": true
            },
            "34": {
                "nrn_to": 8,
                "nrn_from": 6,
                "weight": -0.35249517867782126,
                "active": true
            },
            "43": {
                "nrn_to": 9,
                "nrn_from": 1,
                "weight": 0.2886028325374751,
                "active": true
            },
            "13": {
                "nrn_to": 9,
                "nrn_from": 4,
                "weight": -0.4235051238053593,
                "active": true
            },
            "14": {
                "nrn_to": 8,
                "nrn_from": 5,
                "weight": 0.2671872106593143,
                "active": true
            },
            "18": {
                "nrn_to": 9,
                "nrn_from": 3,
                "weight": 0.19431121062382345,
                "active": true
            },
            "21": {
                "nrn_to": 11,
                "nrn_from": 4,
                "weight": 2.420790151909072,
                "active": true
            },
            "23": {
                "nrn_to": 10,
                "nrn_from": 2,
                "weight": -0.05081358393867086,
                "active": true
            },
            "24": {
                "nrn_to": 10,
                "nrn_from": 7,
                "weight": -0.0687115691817609,
                "active": true
            },
            "26": {
                "nrn_to": 11,
                "nrn_from": 7,
                "weight": 0.04906771342479008,
                "active": false
            },
            "28": {
                "nrn_to": 9,
                "nrn_from": 7,
                "weight": 0.20965054704947733,
                "active": false
            },
            "31": {
                "nrn_to": 11,
                "nrn_from": 5,
                "weight": 1.0281374656088274,
                "active": true
            }
        }
    },
    "Species 2 num animals": 8,
    "Species 2 top fitness": -14.422900793149312,
    "Species 2 mean fitness": -42.88866132000854,
    "Species 2 std fitness": 17.118533814876294,
    "Species 2 top animal N hidden neurons": 0,
    "Species 2 top animal N synapses": 13,
    "Species 2 top animal": {
        "neurons": {
            "0": {
                "type": "i",
                "bias": 0.18833232684185763
            },
            "1": {
                "type": "i",
                "bias": -0.10239851776575712
            },
            "2": {
                "type": "i",
                "bias": -0.27996010103365904
            },
            "3": {
                "type": "i",
                "bias": 0.6012694758593843
            },
            "4": {
                "type": "i",
                "bias": -0.5598943417841387
            },
            "5": {
                "type": "i",
                "bias": 0.2324254324784774
            },
            "6": {
                "type": "i",
                "bias": 0.047749603271996004
            },
            "7": {
                "type": "i",
                "bias": 0.011554738657670857
            },
            "8": {
                "type": "o",
                "bias": -0.051052742152848135
            },
            "9": {
                "type": "o",
                "bias": 0.024014633524744932
            },
            "10": {
                "type": "o",
                "bias": 0.16620741374924375
            },
            "11": {
                "type": "o",
                "bias": 0.18336898766309423
            }
        },
        "synapses": {
            "32": {
                "nrn_to": 8,
                "nrn_from": 1,
                "weight": 0.10636147690387548,
                "active": true
            },
            "34": {
                "nrn_to": 8,
                "nrn_from": 6,
                "weight": -0.891520481532326,
                "active": true
            },
            "35": {
                "nrn_to": 11,
                "nrn_from": 6,
                "weight": -0.05554202562695315,
                "active": true
            },
            "43": {
                "nrn_to": 9,
                "nrn_from": 1,
                "weight": 0.34688011289554377,
                "active": true
            },
            "13": {
                "nrn_to": 9,
                "nrn_from": 4,
                "weight": -0.533885538852253,
                "active": true
            },
            "14": {
                "nrn_to": 8,
                "nrn_from": 5,
                "weight": 0.43638783723339775,
                "active": true
            },
            "16": {
                "nrn_to": 10,
                "nrn_from": 6,
                "weight": -0.2173850705377306,
                "active": true
            },
            "18": {
                "nrn_to": 9,
                "nrn_from": 3,
                "weight": 0.35806516656044646,
                "active": false
            },
            "22": {
                "nrn_to": 11,
                "nrn_from": 0,
                "weight": -0.27210364363190265,
                "active": false
            },
            "24": {
                "nrn_to": 10,
                "nrn_from": 7,
                "weight": -0.012353099770322007,
                "active": false
            },
            "25": {
                "nrn_to": 9,
                "nrn_from": 6,
                "weight": 0.1233297846865634,
                "active": true
            },
            "26": {
                "nrn_to": 11,
                "nrn_from": 7,
                "weight": -0.028585117634206722,
                "active": true
            },
            "31": {
                "nrn_to": 11,
                "nrn_from": 5,
                "weight": 2.031318565466894,
                "active": true
            }
        }
    },
    "Species 0 num animals": 8,
    "Species 0 top fitness": -72.28417050117136,
    "Species 0 mean fitness": -118.0975690102857,
    "Species 0 std fitness": 76.60897439531351,
    "Species 0 top animal N hidden neurons": 1,
    "Species 0 top animal N synapses": 11,