{
    "Num species": 4,
    "Species 2 num animals": 35,
    "Species 2 top fitness": -127.73196027913974,
    "Species 2 mean fitness": -137.2565605769651,
    "Species 2 std fitness": 2.5324730026736897,
    "Species 2 top animal N hidden neurons": 0,
    "Species 2 top animal N synapses": 9,
    "Species 2 top animal": {
        "neurons": {
            "0": {
                "type": "i",
                "bias": 1.393597253951863
            },
            "1": {
                "type": "i",
                "bias": -0.22568747092450786
            },
            "2": {
                "type": "i",
                "bias": 0.009858896686578265
            },
            "3": {
                "type": "i",
                "bias": -0.043821869326058145
            },
            "4": {
                "type": "i",
                "bias": 0.11172229837991762
            },
            "5": {
                "type": "i",
                "bias": 0.033650843776225105
            },
            "6": {
                "type": "i",
                "bias": -0.3637172288297575
            },
            "7": {
                "type": "i",
                "bias": 0.07180841857700662
            },
            "8": {
                "type": "o",
                "bias": 0.1605833701144811
            },
            "9": {
                "type": "o",
                "bias": -0.36514239652751446
            },
            "10": {
                "type": "o",
                "bias": 0.11602087123570795
            },
            "11": {
                "type": "o",
                "bias": 0.20327633309468515
            }
        },
        "synapses": {
            "32": {
                "nrn_to": 10,
                "nrn_from": 6,
                "weight": 0.29125649577894475,
                "active": true
            },
            "37": {
                "nrn_to": 8,
                "nrn_from": 0,
                "weight": 0.4473098636488849,
                "active": true
            },
            "44": {
                "nrn_to": 11,
                "nrn_from": 3,
                "weight": -0.3097928831338993,
                "active": true
            },
            "13": {
                "nrn_to": 8,
                "nrn_from": 1,
                "weight": 1.0624033274020541,
                "active": true
            },
            "15": {
                "nrn_to": 9,
                "nrn_from": 7,
                "weight": -0.20301600272291395,
                "active": true
            },
            "48": {
                "nrn_to": 9,
                "nrn_from": 0,
                "weight": -0.05776286146805237,
                "active": false
            },
            "17": {
                "nrn_to": 11,
                "nrn_from": 7,
                "weight": -0.052082188100926505,
                "active": true
            },
            "20": {
                "nrn_to": 10,
                "nrn_from": 4,
                "weight": -0.14997927395023758,
                "active": false
            },
            "19": {
                "nrn_to": 9,
                "nrn_from": 1,
                "weight": 0.1276638923316412,
                "active": true
            }
        }
    },
    "Species 3 num animals": 1,
    "Species 3 top fitness": -132.28214085763602,
    "Species 3 mean fitness": -132.28214085763602,
    "Species 3 std fitness": 0.0,
    "Species 3 top animal N hidden neurons": 0,
    "Species 3 top animal N synapses": 8,
    "Species 3 top animal": {
        "neurons": {
            "0": {
                "type": "i",
                "bias": 0.03517147522017124
            },
            "1": {
                "type": "i",
                "bias": 0.05438473088590872
            },
            "2": {
                "type": "i",
                "bias": -0.04572321460320697
            },
            "3": {
                "type": "i",
                "bias": -0.14453274974315372
            },
            "4": {
                "type": "i",
                "bias": 0.47767793062095143
            },
            "5": {
                "type": "i",
                "bias": -0.004779726678482332
            },
            "6": {
                "type": "i",
                "bias": -0.009141962387121408
            },
            "7": {
                "type": "i",
                "bias": -0.09517409186525638
            },
            "8": {
                "type": "o",
                "bias": 0.22456206135075313
            },
            "9": {
                "type": "o",
                "bias": -0.16092608582171009
            },
            "10": {
                "type": "o",
                "bias": 0.08410055881663932
            },
            "11": {
                "type": "o",
                "bias": 0.4512923359059658
            }
        },
        "synapses": {
            "35": {
                "nrn_to": 8,
                "nrn_from": 4,
                "weight": -0.0256949068260916,
                "active": true
            },
            "37": {
                "nrn_to": 8,
                "nrn_from": 0,
                "weight": 0.4745701408265391,
                "active": true
            },
            "22": {
                "nrn_to": 9,
                "nrn_from": 6,
                "weight": 0.360824905656568,
                "active": true
            },
            "25": {
                "nrn_to": 9,
                "nrn_from": 3,
                "weight": -0.0965384654887613,
                "active": true
            },
            "26": {
                "nrn_to": 11,
                "nrn_from": 1,
                "weight": -0.5287631959263213,
                "active": true
            },
            "44": {
                "nrn_to": 11,
                "nrn_from": 3,
                "weight": -0.4423913676370202,
                "active": true
            },
            "13": {
                "nrn_to": 8,
                "nrn_from": 1,
                "weight": 0.8922514268453473,
                "active": true
            },
            "40": {
                "nrn_to": 8,
                "nrn_from": 5,
                "weight": -0.2803466331701358,
                "active": true
            }
        }
    },
    "Species 0 num animals": 20,
    "Species 0 top fitness": -128.19195557906656,
    "Species 0 mean fitness": -136.3825333911277,
    "Species 0 std fitness": 5.439037753169602,
    "Species 0 top animal N hidden neurons": 0,
    "Species 0 top animal N synapses": 7,
    "Species 0 top animal": {
        "neurons": {
            "0": {
                "type": "i",
                "bias": 0.0082062871822986
            },
            "1": {
                "type": "i",
                "bias": 0.04132762863850009
            },
            "2": {
                "type": "i",
                "bias": -0.21260197552480195
            },
            "3": {
                "type": "i",
                "bias": -0.19578812865264333
            },
            "4": {
                "type": "i",
                "bias": 0.14063601738115986
            },
            "5": {
                "type": "i",
                "bias": 0.013897927902297158
            },
            "6": {
                "type": "i",
                "bias": 0.0376367710174709
            },
            "7": {
                "type": "i",
                "bias": -0.010371319909214693
            },
            "8": {
                "type": "o",
                "bias": 0.18106379621359392
            },
            "9": {
                "type": "o",
                "bias": -0.07942225266332119
            },
            "10": {
                "type": "o",
                "bias": 0.05523908176220637
            },
            "11": {
                "type": "o",
                "bias": 0.15797751605230279
            }
        },
        "synapses": {
            "35": {
                "nrn_to": 8,