{
    "Num species": 4,
    "Species 3 num animals": 22,
    "Species 3 top fitness": 95.75145228824638,
    "Species 3 mean fitness": -2.2291353186598584,
    "Species 3 std fitness": 53.08533796904309,
    "Species 3 top animal N hidden neurons": 0,
    "Species 3 top animal N synapses": 13,
    "Species 3 top animal": {
        "neurons": {
            "0": {
                "type": "i",
                "bias": 0.8847710858919745
            },
            "1": {
                "type": "i",
                "bias": 0.005247226465044079
            },
            "2": {
                "type": "i",
                "bias": -0.16729655179654646
            },
            "3": {
                "type": "i",
                "bias": 0.06081013162215839
            },
            "4": {
                "type": "i",
                "bias": -0.1773636820999001
            },
            "5": {
                "type": "i",
                "bias": -0.121761220737594
            },
            "6": {
                "type": "i",
                "bias": 0.2410750260755414
            },
            "7": {
                "type": "i",
                "bias": 0.05463912576081785
            },
            "8": {
                "type": "o",
                "bias": -0.10774070226787252
            },
            "9": {
                "type": "o",
                "bias": 0.11074028195242128
            },
            "10": {
                "type": "o",
                "bias": 0.13169132282953255
            },
            "11": {
                "type": "o",
                "bias": 0.3071445059250091
            }
        },
        "synapses": {
            "32": {
                "nrn_to": 8,
                "nrn_from": 1,
                "weight": 0.3606651854888937,
                "active": false
            },
            "34": {
                "nrn_to": 8,
                "nrn_from": 6,
                "weight": -0.31484910273307865,
                "active": true
            },
            "35": {
                "nrn_to": 11,
                "nrn_from": 6,
                "weight": 0.3499792275318992,
                "active": true
            },
            "43": {
                "nrn_to": 9,
                "nrn_from": 1,
                "weight": 0.37424115962223437,
                "active": true
            },
            "13": {
                "nrn_to": 9,
                "nrn_from": 4,
                "weight": -0.8791669157802604,
                "active": true
            },
            "14": {
                "nrn_to": 8,
                "nrn_from": 5,
                "weight": 0.18623904372817782,
                "active": true
            },
            "18": {
                "nrn_to": 9,
                "nrn_from": 3,
                "weight": 0.4769334314098141,
                "active": true
            },
            "21": {
                "nrn_to": 11,
                "nrn_from": 4,
                "weight": 3.0,
                "active": true
            },
            "23": {
                "nrn_to": 10,
                "nrn_from": 2,
                "weight": -0.028992960941603165,
                "active": true
            },
            "24": {
                "nrn_to": 10,
                "nrn_from": 7,
                "weight": -0.04114276283657216,
                "active": false
            },
            "26": {
                "nrn_to": 11,
                "nrn_from": 7,
                "weight": 0.1364316023809134,
                "active": false
            },
            "28": {
                "nrn_to": 9,
                "nrn_from": 7,
                "weight": 0.25924279727084415,
                "active": false
            },
            "31": {
                "nrn_to": 11,
                "nrn_from": 5,
                "weight": 1.0091307781169843,
                "active": true
            }
        }
    },
    "Species 2 num animals": 10,
    "Species 2 top fitness": -4.064226057451422,
    "Species 2 mean fitness": -47.040760668217494,
    "Species 2 std fitness": 44.227018169294645,
    "Species 2 top animal N hidden neurons": 0,
    "Species 2 top animal N synapses": 15,
    "Species 2 top animal": {
        "neurons": {
            "0": {
                "type": "i",
                "bias": 0.29738233758654126
            },
            "1": {
                "type": "i",
                "bias": -0.1548370813254129
            },
            "2": {
                "type": "i",
                "bias": -0.40324272999269417
            },
            "3": {
                "type": "i",
                "bias": 0.7093726340084064
            },
            "4": {
                "type": "i",
                "bias": -0.4560836036999759
            },
            "5": {
                "type": "i",
                "bias": 0.1716135278164279
            },
            "6": {
                "type": "i",
                "bias": -0.06436513202913632
            },
            "7": {
                "type": "i",
                "bias": 0.14080032666448844
            },
            "8": {
                "type": "o",
                "bias": 0.0407780558981453
            },
            "9": {
                "type": "o",
                "bias": -0.02075655076628898
            },
            "10": {
                "type": "o",
                "bias": 0.16873055033702783
            },
            "11": {
                "type": "o",
                "bias": 0.22209176932052196
            }
        },
        "synapses": {
            "32": {
                "nrn_to": 8,
                "nrn_from": 1,
                "weight": 0.0729680675989883,
                "active": true
            },
            "34": {
                "nrn_to": 8,
                "nrn_from": 6,
                "weight": -0.39438106646704435,
                "active": true
            },
            "35": {
                "nrn_to": 11,
                "nrn_from": 6,
                "weight": 0.01807194904826602,
                "active": false
            },
            "43": {
                "nrn_to": 9,
                "nrn_from": 1,
                "weight": 0.2910252497953143,
                "active": true
            },
            "13": {
                "nrn_to": 9,
                "nrn_from": 4,
                "weight": -1.1411174784153655,
                "active": true
            },
            "14": {
                "nrn_to": 8,
                "nrn_from": 5,
                "weight": 0.5220013366220886,
                "active": true
            },
            "16": {
                "nrn_to": 10,
                "nrn_from": 6,
                "weight": -0.200550566866363,
                "active": true
            },
            "18": {
                "nrn_to": 9,
                "nrn_from": 3,
                "weight": 0.28467547826248774,
                "active": false
            },
            "22": {
                "nrn_to": 11,
                "nrn_from": 0,
                "weight": -0.27210364363190265,
                "active": false
            },
            "24": {
                "nrn_to": 10,
                "nrn_from": 7,
                "weight": 0.046309564118464104,
                "active": false
            },
            "25": {
                "nrn_to": 9,
                "nrn_from": 6,
                "weight": -0.010269389929523198,
                "active": true
            },
            "26": {
                "nrn_to": 11,
                "nrn_from": 7,
                "weight": 0.03452869561677799,
                "active": true
            },
            "27": {
                "nrn_to": 8,
                "nrn_from": 4,
                "weight": 0.08190230795417153,
                "active": true
            },
            "28": {
                "nrn_to": 9,
                "nrn_from": 7,
                "weight": 0.3057197523717322,
                "active": true
            },