{
    "Num species": 4,
    "Species 1 num animals": 7,
    "Species 1 top fitness": 135.93325063182292,
    "Species 1 mean fitness": 27.56516853105439,
    "Species 1 std fitness": 92.99131740300682,
    "Species 1 top animal N hidden neurons": 0,
    "Species 1 top animal N synapses": 12,
    "Species 1 top animal": {
        "neurons": {
            "0": {
                "type": "i",
                "bias": 0.23560610918481062
            },
            "1": {
                "type": "i",
                "bias": -0.07922700609231076
            },
            "2": {
                "type": "i",
                "bias": -0.48694436047783657
            },
            "3": {
                "type": "i",
                "bias": 0.47843764448665016
            },
            "4": {
                "type": "i",
                "bias": 0.7538810011809808
            },
            "5": {
                "type": "i",
                "bias": 0.29765553537566003
            },
            "6": {
                "type": "i",
                "bias": -0.18582589645182582
            },
            "7": {
                "type": "i",
                "bias": -0.10531643941607888
            },
            "8": {
                "type": "o",
                "bias": -0.5548161428600142
            },
            "9": {
                "type": "o",
                "bias": -0.025397561606513595
            },
            "10": {
                "type": "o",
                "bias": 0.10422759008372154
            },
            "11": {
                "type": "o",
                "bias": 0.18443492689389104
            }
        },
        "synapses": {
            "35": {
                "nrn_to": 10,
                "nrn_from": 6,
                "weight": 0.003180963804185713,
                "active": true
            },
            "13": {
                "nrn_to": 11,
                "nrn_from": 0,
                "weight": -0.6605991495265877,
                "active": false
            },
            "15": {
                "nrn_to": 11,
                "nrn_from": 5,
                "weight": 0.09771042696372105,
                "active": false
            },
            "16": {
                "nrn_to": 8,
                "nrn_from": 1,
                "weight": 0.3642545144624761,
                "active": false
            },
            "49": {
                "nrn_to": 8,
                "nrn_from": 7,
                "weight": 0.11487124592297039,
                "active": false
            },
            "22": {
                "nrn_to": 9,
                "nrn_from": 0,
                "weight": 1.1471771659030565,
                "active": true
            },
            "23": {
                "nrn_to": 9,
                "nrn_from": 7,
                "weight": -0.4746482404312904,
                "active": true
            },
            "24": {
                "nrn_to": 9,
                "nrn_from": 4,
                "weight": -3.0,
                "active": true
            },
            "25": {
                "nrn_to": 10,
                "nrn_from": 5,
                "weight": -0.044467110266917326,
                "active": false
            },
            "27": {
                "nrn_to": 9,
                "nrn_from": 3,
                "weight": -0.03370328962420314,
                "active": true
            },
            "28": {
                "nrn_to": 11,
                "nrn_from": 3,
                "weight": 0.39488215216637884,
                "active": true
            },
            "30": {
                "nrn_to": 9,
                "nrn_from": 5,
                "weight": -0.6144311999160312,
                "active": true
            }
        }
    },
    "Species 2 num animals": 11,
    "Species 2 top fitness": -30.930166350805735,
    "Species 2 mean fitness": -177.11338356235598,
    "Species 2 std fitness": 326.40605495125686,
    "Species 2 top animal N hidden neurons": 1,
    "Species 2 top animal N synapses": 13,
    "Species 2 top animal": {
        "neurons": {
            "0": {
                "type": "i",
                "bias": 0.2511219725018497
            },
            "1": {
                "type": "i",
                "bias": 0.007647772392341615
            },
            "2": {
                "type": "i",
                "bias": -0.45090521219481566
            },
            "3": {
                "type": "i",
                "bias": 0.49269368421138493
            },
            "4": {
                "type": "i",
                "bias": 0.07759361347574553
            },
            "5": {
                "type": "i",
                "bias": 0.10138195174207176
            },
            "6": {
                "type": "i",
                "bias": -0.14953348270110392
            },
            "7": {
                "type": "i",
                "bias": -0.15901227717773883
            },
            "8": {
                "type": "o",
                "bias": -0.14268350206266214
            },
            "9": {
                "type": "o",
                "bias": 0.08981782732397797
            },
            "10": {
                "type": "o",
                "bias": 0.06844233258053789
            },
            "11": {
                "type": "o",
                "bias": -0.0703734063864929
            },
            "147": {
                "type": "h",
                "bias": 0.0
            }
        },
        "synapses": {
            "161": {
                "nrn_to": 10,
                "nrn_from": 147,
                "weight": -0.0025985299380308774,
                "active": true
            },
            "34": {
                "nrn_to": 10,
                "nrn_from": 7,
                "weight": 0.11288498003592848,
                "active": true
            },
            "35": {
                "nrn_to": 10,
                "nrn_from": 6,
                "weight": -1.1428135874312038,
                "active": true
            },
            "36": {
                "nrn_to": 11,
                "nrn_from": 4,
                "weight": 2.745538279636468,
                "active": true
            },
            "163": {
                "nrn_to": 147,
                "nrn_from": 4,
                "weight": 0.0051538526298033245,
                "active": false
            },
            "41": {
                "nrn_to": 8,
                "nrn_from": 5,
                "weight": -0.14908687851480762,
                "active": false
            },
            "13": {
                "nrn_to": 11,
                "nrn_from": 0,
                "weight": -0.10117291141863505,
                "active": false
            },
            "15": {
                "nrn_to": 11,
                "nrn_from": 5,
                "weight": 0.7558083362209145,
                "active": true
            },
            "16": {
                "nrn_to": 8,
                "nrn_from": 1,
                "weight": 0.21768662188896903,
                "active": true
            },
            "148": {
                "active": true,
                "nrn_to": 147,
                "nrn_from": 5,
                "weight": 1.103063143145651
            },
            "149": {
                "active": false,
                "nrn_to": 8,
                "nrn_from": 147,
                "weight": -0.5180189156509782
            },
            "23": {
                "nrn_to": 9,
                "nrn_from": 7,
                "weight": 0.2325468517479166,
                "active": false
            },
            "24": {
                "nrn_to": 9,
                "nrn_from": 4,
                "weight": -2.471537061819215,
                "active": true
            }
        }
    },
    "Species 0 num animals": 16,
    "Species 0 top fitness": 135.17260870624864,
    "Species 0 mean fitness": -28.539593277333772,
    "Species 0 std fitness": 297.3580860072803,