{
    "Num species": 1,
    "Species 0 num animals": 60,
    "Species 0 top fitness": 54.39594312020394,
    "Species 0 mean fitness": -67.18317215493146,
    "Species 0 std fitness": 67.29179763662403,
    "Species 0 top animal N hidden neurons": 0,
    "Species 0 top animal N synapses": 7,
    "Species 0 top animal": {
        "neurons": {
            "0": {
                "type": "i",
                "bias": -0.13945524566144107
            },
            "1": {
                "type": "i",
                "bias": 0.19105353583327622
            },
            "2": {
                "type": "i",
                "bias": -0.07914875288097471
            },
            "3": {
                "type": "i",
                "bias": 0.21268509979690586
            },
            "4": {
                "type": "i",
                "bias": -0.11690202459724569
            },
            "5": {
                "type": "i",
                "bias": -0.020971861499945656
            },
            "6": {
                "type": "i",
                "bias": 0.006490747373573635
            },
            "7": {
                "type": "i",
                "bias": 0.005469131484459092
            },
            "8": {
                "type": "o",
                "bias": 0.1870111984505592
            },
            "9": {
                "type": "o",
                "bias": 0.039938813715047615
            },
            "10": {
                "type": "o",
                "bias": 0.07000845454620583
            },
            "11": {
                "type": "o",
                "bias": -0.05960715590186211
            }
        },
        "synapses": {
            "32": {
                "nrn_to": 8,
                "nrn_from": 6,
                "weight": -0.18067899314462388,
                "active": false
            },
            "48": {
                "nrn_to": 9,
                "nrn_from": 7,
                "weight": 0.14121827983143315,
                "active": false
            },
            "18": {
                "nrn_to": 9,
                "nrn_from": 4,
                "weight": -0.37142065132325924,
                "active": true
            },
            "19": {
                "nrn_to": 8,
                "nrn_from": 3,
                "weight": 0.5820294253849523,
                "active": true
            },
            "21": {
                "nrn_to": 8,
                "nrn_from": 4,
                "weight": 0.32007803152868897,
                "active": true
            },
            "22": {
                "nrn_to": 11,
                "nrn_from": 4,
                "weight": 0.49020843271145653,
                "active": true
            },
            "29": {
                "nrn_to": 11,
                "nrn_from": 5,
                "weight": 0.26369753898589016,
                "active": true
            }
        }
    }
}