{
    "Num species": 4,
    "Species 0 num animals": 23,
    "Species 0 top fitness": 4.988709930676303,
    "Species 0 mean fitness": -54.104362308308914,
    "Species 0 std fitness": 26.28555202388792,
    "Species 0 top animal N hidden neurons": 0,
    "Species 0 top animal N synapses": 11,
    "Species 0 top animal": {
        "neurons": {
            "0": {
                "type": "i",
                "bias": 0.2797062829182805
            },
            "1": {
                "type": "i",
                "bias": -0.012495573508999061
            },
            "2": {
                "type": "i",
                "bias": 0.3082172065333462
            },
            "3": {
                "type": "i",
                "bias": -0.04499032673017726
            },
            "4": {
                "type": "i",
                "bias": 0.36368621214916447
            },
            "5": {
                "type": "i",
                "bias": -0.044676519717027255
            },
            "6": {
                "type": "i",
                "bias": -0.5604906347163555
            },
            "7": {
                "type": "i",
                "bias": 0.10708185884938247
            },
            "8": {
                "type": "o",
                "bias": -0.13000825439685532
            },
            "9": {
                "type": "o",
                "bias": -0.4000213340738985
            },
            "10": {
                "type": "o",
                "bias": 0.08517629988816898
            },
            "11": {
                "type": "o",
                "bias": 0.09128582311312695
            }
        },
        "synapses": {
            "33": {
                "nrn_to": 11,
                "nrn_from": 5,
                "weight": 0.08676288457844794,
                "active": true
            },
            "38": {
                "nrn_to": 9,
                "nrn_from": 3,
                "weight": 0.006482562657817617,
                "active": false
            },
            "39": {
                "nrn_to": 10,
                "nrn_from": 5,
                "weight": -0.391188378321877,
                "active": true
            },
            "43": {
                "nrn_to": 8,
                "nrn_from": 0,
                "weight": 0.000803523264645771,
                "active": false
            },
            "12": {
                "nrn_to": 9,
                "nrn_from": 4,
                "weight": -0.9479544198588215,
                "active": true
            },
            "13": {
                "nrn_to": 9,
                "nrn_from": 2,
                "weight": 0.2216046055393217,
                "active": true
            },
            "17": {
                "nrn_to": 8,
                "nrn_from": 6,
                "weight": -0.48621543821352564,
                "active": false
            },
            "21": {
                "nrn_to": 8,
                "nrn_from": 1,
                "weight": 0.3426141545576622,
                "active": true
            },
            "53": {
                "nrn_to": 11,
                "nrn_from": 7,
                "weight": 0.5026141947805302,
                "active": true
            },
            "23": {
                "nrn_to": 8,
                "nrn_from": 7,
                "weight": -0.4945686311271789,
                "active": true
            },
            "29": {
                "nrn_to": 11,
                "nrn_from": 4,
                "weight": 0.9735719605672203,
                "active": true
            }
        }
    },
    "Species 3 num animals": 17,
    "Species 3 top fitness": -23.2131466959206,
    "Species 3 mean fitness": -69.24413295974861,
    "Species 3 std fitness": 35.68293984155574,
    "Species 3 top animal N hidden neurons": 0,
    "Species 3 top animal N synapses": 12,
    "Species 3 top animal": {
        "neurons": {
            "0": {
                "type": "i",
                "bias": -0.08192567743803915
            },
            "1": {
                "type": "i",
                "bias": -0.08215211758495758
            },
            "2": {
                "type": "i",
                "bias": 0.3334902985701001
            },
            "3": {
                "type": "i",
                "bias": -0.498579612981339
            },
            "4": {
                "type": "i",
                "bias": 0.13149489587606938
            },
            "5": {
                "type": "i",
                "bias": -0.36121961382731754
            },
            "6": {
                "type": "i",
                "bias": -0.2906376192219314
            },
            "7": {
                "type": "i",
                "bias": 0.1469128192826662
            },
            "8": {
                "type": "o",
                "bias": -0.12472254767498961
            },
            "9": {
                "type": "o",
                "bias": -0.11826372439502422
            },
            "10": {
                "type": "o",
                "bias": 0.21246174412421173
            },
            "11": {
                "type": "o",
                "bias": 0.2600108014564207
            }
        },
        "synapses": {
            "32": {
                "nrn_to": 9,
                "nrn_from": 5,
                "weight": -0.8019976460588168,
                "active": true
            },
            "39": {
                "nrn_to": 10,
                "nrn_from": 5,
                "weight": -0.16465837878158457,
                "active": true
            },
            "43": {
                "nrn_to": 8,
                "nrn_from": 0,
                "weight": 0.19606314097831398,
                "active": false
            },
            "12": {
                "nrn_to": 9,
                "nrn_from": 4,
                "weight": -1.6269466597856368,
                "active": true
            },
            "77": {
                "nrn_to": 10,
                "nrn_from": 2,
                "weight": -0.10190183502748057,
                "active": false
            },
            "13": {
                "nrn_to": 9,
                "nrn_from": 2,
                "weight": -0.0324681838846287,
                "active": false
            },
            "17": {
                "nrn_to": 8,
                "nrn_from": 6,
                "weight": -0.42943324648205106,
                "active": true
            },
            "21": {
                "nrn_to": 8,
                "nrn_from": 1,
                "weight": 0.41682665320684853,
                "active": true
            },
            "53": {
                "nrn_to": 11,
                "nrn_from": 7,
                "weight": 0.5777343212124354,
                "active": true
            },
            "23": {
                "nrn_to": 8,
                "nrn_from": 7,
                "weight": -0.8787924812851932,
                "active": true
            },
            "58": {
                "nrn_to": 8,
                "nrn_from": 5,
                "weight": -0.4753149308819464,
                "active": false
            },
            "29": {
                "nrn_to": 11,
                "nrn_from": 4,
                "weight": 1.7822195153530895,
                "active": true
            }
        }
    },
    "Species 1 num animals": 12,
    "Species 1 top fitness": -34.50412734804667,
    "Species 1 mean fitness": -98.08724434819055,
    "Species 1 std fitness": 48.34634994970462,
    "Species 1 top animal N hidden neurons": 0,
    "Species 1 top animal N synapses": 12,
    "Species 1 top animal": {
        "neurons": {
            "0": {
                "type": "i",
                "bias": 0.13023932721234294
            },
            "1": {
                "type": "i",
                "bias": 0.49173321719143914
            },
            "2": {
                "type": "i",
                "bias": -0.03827490946286063
            },