{
    "Num species": 1,
    "Species 0 num animals": 60,
    "Species 0 top fitness": 1.27500737953998,
    "Species 0 mean fitness": -89.09923264038504,
    "Species 0 std fitness": 93.05856596751215,
    "Species 0 top animal N hidden neurons": 0,
    "Species 0 top animal N synapses": 6,
    "Species 0 top animal": {
        "neurons": {
            "0": {
                "type": "i",
                "bias": 0.019795469344131962
            },
            "1": {
                "type": "i",
                "bias": -0.05688805697743611
            },
            "2": {
                "type": "i",
                "bias": 0.32775544740775636
            },
            "3": {
                "type": "i",
                "bias": -0.02516081085324949
            },
            "4": {
                "type": "i",
                "bias": 0.0469256342513235
            },
            "5": {
                "type": "i",
                "bias": -0.00797948513563427
            },
            "6": {
                "type": "i",
                "bias": -0.0006071073777280112
            },
            "7": {
                "type": "i",
                "bias": -0.06776085129411996
            },
            "8": {
                "type": "o",
                "bias": 0.018780827887448497
            },
            "9": {
                "type": "o",
                "bias": 0.030108181818510528
            },
            "10": {
                "type": "o",
                "bias": 0.020314488755630723
            },
            "11": {
                "type": "o",
                "bias": 0.08254334392174353
            }
        },
        "synapses": {
            "33": {
                "nrn_to": 10,
                "nrn_from": 3,
                "weight": -0.22503174508763324,
                "active": true
            },
            "34": {
                "nrn_to": 10,
                "nrn_from": 7,
                "weight": -0.09116743869124756,
                "active": true
            },
            "26": {
                "nrn_to": 9,
                "nrn_from": 2,
                "weight": 0.346632200235597,
                "active": true
            },
            "13": {
                "nrn_to": 8,
                "nrn_from": 1,
                "weight": 0.3561158365424353,
                "active": true
            },
            "31": {
                "nrn_to": 9,
                "nrn_from": 4,
                "weight": -1.1146688993837615,
                "active": true
            },
            "40": {
                "nrn_to": 10,
                "nrn_from": 6,
                "weight": -0.691515082487813,
                "active": true
            }
        }
    }
}