{
    "Num species": 1,
    "Species 0 num animals": 60,
    "Species 0 top fitness": -34.77308390820027,
    "Species 0 mean fitness": -82.90540194971291,
    "Species 0 std fitness": 54.64855309454114,
    "Species 0 top animal N hidden neurons": 0,
    "Species 0 top animal N synapses": 12,
    "Species 0 top animal": {
        "neurons": {
            "0": {
                "type": "i",
                "bias": -0.21588666570187662
            },
            "1": {
                "type": "i",
                "bias": 0.24530917946225966
            },
            "2": {
                "type": "i",
                "bias": 0.0382387322604428
            },
            "3": {
                "type": "i",
                "bias": -0.036430343247587565
            },
            "4": {
                "type": "i",
                "bias": 0.3302803025310219
            },
            "5": {
                "type": "i",
                "bias": 0.2471112259448283
            },
            "6": {
                "type": "i",
                "bias": -0.2636550028519816
            },
            "7": {
                "type": "i",
                "bias": 0.393247213264144
            },
            "8": {
                "type": "o",
                "bias": -0.2434462511138366
            },
            "9": {
                "type": "o",
                "bias": -0.025900073284641525
            },
            "10": {
                "type": "o",
                "bias": 0.12629366731209343
            },
            "11": {
                "type": "o",
                "bias": 0.021963168835573296
            }
        },
        "synapses": {
            "32": {
                "nrn_to": 8,
                "nrn_from": 1,
                "weight": 0.4092338587255006,
                "active": true
            },
            "37": {
                "nrn_to": 11,
                "nrn_from": 0,
                "weight": -0.2676829720730279,
                "active": true
            },
            "39": {
                "nrn_to": 9,
                "nrn_from": 5,
                "weight": -0.053714644734624346,
                "active": true
            },
            "12": {
                "nrn_to": 9,
                "nrn_from": 7,
                "weight": 0.036063469483429894,
                "active": false
            },
            "13": {
                "nrn_to": 9,
                "nrn_from": 4,
                "weight": -0.2525397047942431,
                "active": true
            },
            "16": {
                "nrn_to": 11,
                "nrn_from": 4,
                "weight": 0.559990249986473,
                "active": true
            },
            "17": {
                "nrn_to": 8,
                "nrn_from": 7,
                "weight": -0.20292507088115624,
                "active": true
            },
            "18": {
                "nrn_to": 10,
                "nrn_from": 7,
                "weight": -0.5095831986579743,
                "active": true
            },
            "20": {
                "nrn_to": 11,
                "nrn_from": 1,
                "weight": -0.1456790925325985,
                "active": false
            },
            "22": {
                "nrn_to": 11,
                "nrn_from": 3,
                "weight": -0.0022348213534658726,
                "active": false
            },
            "54": {
                "nrn_to": 9,
                "nrn_from": 1,
                "weight": 0.13679989165545978,
                "active": true
            },
            "31": {
                "nrn_to": 8,
                "nrn_from": 5,
                "weight": -0.35149656380822414,
                "active": true
            }
        }
    }
}