{
    "Num species": 1,
    "Species 0 num animals": 60,
    "Species 0 top fitness": -75.68334292011043,
    "Species 0 mean fitness": -113.2856198516089,
    "Species 0 std fitness": 22.21022057163278,
    "Species 0 top animal N hidden neurons": 0,
    "Species 0 top animal N synapses": 3,
    "Species 0 top animal": {
        "neurons": {
            "0": {
                "type": "i",
                "bias": 0.07305302850110205
            },
            "1": {
                "type": "i",
                "bias": -0.0410803979010048
            },
            "2": {
                "type": "i",
                "bias": -0.010845115101576467
            },
            "3": {
                "type": "i",
                "bias": -0.09953729923168439
            },
            "4": {
                "type": "i",
                "bias": 0.35234426253316026
            },
            "5": {
                "type": "i",
                "bias": 0.10250571824907206
            },
            "6": {
                "type": "i",
                "bias": -0.027866683146007792
            },
            "7": {
                "type": "i",
                "bias": -0.01900069441997799
            },
            "8": {
                "type": "o",
                "bias": -0.07378631235292127
            },
            "9": {
                "type": "o",
                "bias": -0.013108394644292446
            },
            "10": {
                "type": "o",
                "bias": 0.0
            },
            "11": {
                "type": "o",
                "bias": -0.14840591980437914
            }
        },
        "synapses": {
            "32": {
                "nrn_to": 8,
                "nrn_from": 1,
                "weight": 0.3039040262305295,
                "active": true
            },
            "17": {
                "nrn_to": 8,
                "nrn_from": 7,
                "weight": 0.17287319726175718,
                "active": true
            },
            "26": {
                "nrn_to": 8,
                "nrn_from": 0,
                "weight": -0.0010962548505334124,
                "active": true
            }
        }
    }
}