{
    "Num species": 7,
    "Species 0 num animals": 2,
    "Species 0 top fitness": -110.09704553041631,
    "Species 0 mean fitness": -111.76763706076716,
    "Species 0 std fitness": 1.6705915303508547,
    "Species 0 top animal N hidden neurons": 0,
    "Species 0 top animal N synapses": 1,
    "Species 0 top animal": {
        "neurons": {
            "0": {
                "type": "i",
                "bias": 0.15248641977486652
            },
            "1": {
                "type": "i",
                "bias": -0.17683909143798124
            },
            "2": {
                "type": "i",
                "bias": -1.4791758877129044
            },
            "3": {
                "type": "i",
                "bias": 0.026171463045631647
            },
            "4": {
                "type": "i",
                "bias": 0.7399861731236683
            },
            "5": {
                "type": "i",
                "bias": 0.3052729549177262
            },
            "6": {
                "type": "i",
                "bias": 0.04012893985179823
            },
            "7": {
                "type": "i",
                "bias": -0.4432712380870327
            },
            "8": {
                "type": "o",
                "bias": -0.41711612531685993
            },
            "9": {
                "type": "o",
                "bias": 0.16208559288274205
            },
            "10": {
                "type": "o",
                "bias": 0.12628479525149425
            },
            "11": {
                "type": "o",
                "bias": 0.1374704113548596
            }
        },
        "synapses": {
            "27": {
                "nrn_to": 11,
                "nrn_from": 4,
                "weight": 0.5454981149763923,
                "active": true
            }
        }
    },
    "Species 1 num animals": 5,
    "Species 1 top fitness": -113.14037918407566,
    "Species 1 mean fitness": -115.63753328350572,
    "Species 1 std fitness": 1.7788230912451082,
    "Species 1 top animal N hidden neurons": 2,
    "Species 1 top animal N synapses": 6,
    "Species 1 top animal": {
        "neurons": {
            "0": {
                "type": "i",
                "bias": -0.03336805582306381
            },
            "1": {
                "type": "i",
                "bias": -0.16524551319732028
            },
            "2": {
                "type": "i",
                "bias": 0.1286874465885014
            },
            "3": {
                "type": "i",
                "bias": 1.3895014482641925
            },
            "4": {
                "type": "i",
                "bias": 2.3214297645618713
            },
            "5": {
                "type": "i",
                "bias": -0.02940309779034033
            },
            "6": {
                "type": "i",
                "bias": 0.4686851444321721
            },
            "7": {
                "type": "i",
                "bias": -0.11974063161346227
            },
            "8": {
                "type": "o",
                "bias": 0.14523316446682794
            },
            "9": {
                "type": "o",
                "bias": 0.22740586798062143
            },
            "10": {
                "type": "o",
                "bias": 0.035254084928531035
            },
            "11": {
                "type": "o",
                "bias": -0.07264931969242612
            },
            "158": {
                "type": "h",
                "bias": -0.08662592396604502
            },
            "249": {
                "type": "h",
                "bias": 0.06776137081865295
            }
        },
        "synapses": {
            "160": {
                "active": true,
                "nrn_to": 11,
                "nrn_from": 158,
                "weight": 2.101064562270866
            },
            "27": {
                "nrn_to": 11,
                "nrn_from": 4,
                "weight": 2.9632242649456604,
                "active": false
            },
            "250": {
                "active": true,
                "nrn_to": 249,
                "nrn_from": 4,
                "weight": 1.0230970870110745
            },
            "251": {
                "active": true,
                "nrn_to": 158,
                "nrn_from": 249,
                "weight": 2.3610416155915366
            },
            "13": {
                "nrn_to": 10,
                "nrn_from": 6,
                "weight": -0.33963416233739063,
                "active": true
            },
            "159": {
                "active": false,
                "nrn_to": 158,
                "nrn_from": 4,
                "weight": 2.9573849687178084
            }
        }
    },
    "Species 5 num animals": 7,
    "Species 5 top fitness": -84.97563986174085,
    "Species 5 mean fitness": -171.69041271025216,
    "Species 5 std fitness": 168.01542180558678,
    "Species 5 top animal N hidden neurons": 2,
    "Species 5 top animal N synapses": 6,
    "Species 5 top animal": {
        "neurons": {
            "0": {
                "type": "i",
                "bias": 0.3630066403550496
            },
            "1": {
                "type": "i",
                "bias": -0.2518990698520295
            },
            "2": {
                "type": "i",
                "bias": -0.04350576230295315
            },
            "3": {
                "type": "i",
                "bias": 0.24543242704362003
            },
            "4": {
                "type": "i",
                "bias": 2.4462327285909256
            },
            "5": {
                "type": "i",
                "bias": -0.04154452465786811
            },
            "6": {
                "type": "i",
                "bias": -0.05773954282995199
            },
            "7": {
                "type": "i",
                "bias": 0.009993658583083327
            },
            "8": {
                "type": "o",
                "bias": -0.015749107947996072
            },
            "9": {
                "type": "o",
                "bias": 0.1650386106400119
            },
            "10": {
                "type": "o",
                "bias": 0.16984783946816948
            },
            "11": {
                "type": "o",
                "bias": 0.010780937529766818
            },
            "214": {
                "type": "h",
                "bias": -0.026999226226979665
            },
            "158": {
                "type": "h",
                "bias": 0.10997677611152304
            }
        },
        "synapses": {
            "160": {
                "active": false,
                "nrn_to": 11,
                "nrn_from": 158,
                "weight": 0.3785214493833953
            },
            "33": {
                "nrn_to": 9,
                "nrn_from": 6,
                "weight": -0.21120217879428949,
                "active": false
            },
            "215": {
                "active": true,
                "nrn_to": 214,
                "nrn_from": 158,
                "weight": 1.9774525073660785
            },
            "216": {
                "active": true,
                "nrn_to": 11,
                "nrn_from": 214,
                "weight": 0.7197318387905328
            },
            "27": {
                "nrn_to": 11,
                "nrn_from": 4,
                "weight": 1.4862266439180918,
                "active": false
            },
            "159": {
                "active": true,
                "nrn_to": 158,
                "nrn_from": 4,
                "weight": 0.5822461466673821
            }
        }
    },
    "Species 3 num animals": 17,
    "Species 3 top fitness": -59.147509825143274,
    "Species 3 mean fitness": -293.70837214022765,
    "Species 3 std fitness": 362.604471790595,
    "Species 3 top animal N hidden neurons": 2,
    "Species 3 top animal N synapses": 7,