{
    "Num species": 1,
    "Species 0 num animals": 60,
    "Species 0 top fitness": -82.41683824607229,
    "Species 0 mean fitness": -147.83742578278097,
    "Species 0 std fitness": 94.31854859462084,
    "Species 0 top animal N hidden neurons": 1,
    "Species 0 top animal N synapses": 4,
    "Species 0 top animal": {
        "neurons": {
            "0": {
                "type": "i",
                "bias": -0.28732379167685207
            },
            "1": {
                "type": "i",
                "bias": 0.026792969940664713
            },
            "2": {
                "type": "i",
                "bias": 0.13754039202679427
            },
            "3": {
                "type": "i",
                "bias": 0.03134244986357777
            },
            "4": {
                "type": "i",
                "bias": 0.013728942886047424
            },
            "5": {
                "type": "i",
                "bias": 0.03243076306701655
            },
            "6": {
                "type": "i",
                "bias": 0.1736199702615554
            },
            "7": {
                "type": "i",
                "bias": 0.05090593462487815
            },
            "8": {
                "type": "o",
                "bias": 0.014218226316179318
            },
            "9": {
                "type": "o",
                "bias": 0.04290150050883519
            },
            "10": {
                "type": "o",
                "bias": 0.04816121827244468
            },
            "11": {
                "type": "o",
                "bias": 0.015696512563861023
            },
            "40": {
                "type": "h",
                "bias": 0.0
            }
        },
        "synapses": {
            "21": {
                "nrn_to": 11,
                "nrn_from": 6,
                "weight": 0.46413368097062924,
                "active": true
            },
            "30": {
                "nrn_to": 11,
                "nrn_from": 4,
                "weight": 0.2858267887940229,
                "active": false
            },
            "41": {
                "active": true,
                "nrn_to": 40,
                "nrn_from": 4,
                "weight": 1.0
            },
            "42": {
                "active": true,
                "nrn_to": 11,
                "nrn_from": 40,
                "weight": 0.5716535775880458
            }
        }
    }
}