{
    "Num species": 2,
    "Species 1 num animals": 3,
    "Species 1 top fitness": -176.0402980870808,
    "Species 1 mean fitness": -193.27261920674115,
    "Species 1 std fitness": 17.573330489165233,
    "Species 1 top animal N hidden neurons": 0,
    "Species 1 top animal N synapses": 14,
    "Species 1 top animal": {
        "neurons": {
            "0": {
                "type": "i",
                "bias": -0.16400793903069902
            },
            "1": {
                "type": "i",
                "bias": 0.03285494739337108
            },
            "2": {
                "type": "i",
                "bias": 0.08673015599354497
            },
            "3": {
                "type": "i",
                "bias": -0.25683015999028774
            },
            "4": {
                "type": "i",
                "bias": 0.2460609757893936
            },
            "5": {
                "type": "i",
                "bias": 0.3293925430938176
            },
            "6": {
                "type": "i",
                "bias": -0.11104540346305371
            },
            "7": {
                "type": "i",
                "bias": 0.13761821828444654
            },
            "8": {
                "type": "o",
                "bias": -0.18509627044449062
            },
            "9": {
                "type": "o",
                "bias": -0.20995342291035884
            },
            "10": {
                "type": "o",
                "bias": 0.25698685884569805
            },
            "11": {
                "type": "o",
                "bias": -0.2368122532284226
            }
        },
        "synapses": {
            "36": {
                "nrn_to": 11,
                "nrn_from": 2,
                "weight": -0.7340011291280403,
                "active": true
            },
            "37": {
                "nrn_to": 9,
                "nrn_from": 6,
                "weight": 0.5755753638426322,
                "active": true
            },
            "41": {
                "nrn_to": 11,
                "nrn_from": 7,
                "weight": 0.12310073818893473,
                "active": false
            },
            "12": {
                "nrn_to": 10,
                "nrn_from": 6,
                "weight": -1.4582193081684294,
                "active": true
            },
            "13": {
                "nrn_to": 8,
                "nrn_from": 1,
                "weight": 0.7593340395902722,
                "active": true
            },
            "45": {
                "nrn_to": 11,
                "nrn_from": 0,
                "weight": 0.38822957860096596,
                "active": true
            },
            "15": {
                "nrn_to": 9,
                "nrn_from": 5,
                "weight": 0.5227295414380619,
                "active": true
            },
            "16": {
                "nrn_to": 8,
                "nrn_from": 6,
                "weight": -0.28545601873776494,
                "active": true
            },
            "17": {
                "nrn_to": 10,
                "nrn_from": 3,
                "weight": -0.17220612368453384,
                "active": true
            },
            "46": {
                "nrn_to": 9,
                "nrn_from": 0,
                "weight": 0.7431307559428344,
                "active": true
            },
            "25": {
                "nrn_to": 10,
                "nrn_from": 7,
                "weight": 0.5889303114861028,
                "active": true
            },
            "27": {
                "nrn_to": 10,
                "nrn_from": 1,
                "weight": 0.18650125802118683,
                "active": false
            },
            "30": {
                "nrn_to": 11,
                "nrn_from": 5,
                "weight": 0.46681889978882557,
                "active": true
            },
            "31": {
                "nrn_to": 11,
                "nrn_from": 1,
                "weight": 0.13756626633801464,
                "active": false
            }
        }
    },
    "Species 0 num animals": 27,
    "Species 0 top fitness": -36.8558530855591,
    "Species 0 mean fitness": -116.46442097627872,
    "Species 0 std fitness": 62.98971619983972,
    "Species 0 top animal N hidden neurons": 0,
    "Species 0 top animal N synapses": 10,
    "Species 0 top animal": {
        "neurons": {
            "0": {
                "type": "i",
                "bias": 0.1587507566736036
            },
            "1": {
                "type": "i",
                "bias": -0.00806555140946866
            },
            "2": {
                "type": "i",
                "bias": 0.11577695260015845
            },
            "3": {
                "type": "i",
                "bias": -0.08818313220130887
            },
            "4": {
                "type": "i",
                "bias": 0.48498940886908215
            },
            "5": {
                "type": "i",
                "bias": 0.3929741035548521
            },
            "6": {
                "type": "i",
                "bias": -0.09067473359965628
            },
            "7": {
                "type": "i",
                "bias": -0.13577309102930318
            },
            "8": {
                "type": "o",
                "bias": -0.025831548423092973
            },
            "9": {
                "type": "o",
                "bias": -0.11414970716298559
            },
            "10": {
                "type": "o",
                "bias": 0.2933886490319873
            },
            "11": {
                "type": "o",
                "bias": -0.30198254368681465
            }
        },
        "synapses": {
            "36": {
                "nrn_to": 11,
                "nrn_from": 2,
                "weight": -0.7186868308554457,
                "active": true
            },
            "39": {
                "nrn_to": 8,
                "nrn_from": 4,
                "weight": 0.004908765924350191,
                "active": false
            },
            "41": {
                "nrn_to": 11,
                "nrn_from": 7,
                "weight": 0.07079427211369842,
                "active": false
            },
            "12": {
                "nrn_to": 10,
                "nrn_from": 6,
                "weight": -0.6846377988843299,
                "active": true
            },
            "13": {
                "nrn_to": 8,
                "nrn_from": 1,
                "weight": 0.42668302221409576,
                "active": true
            },
            "45": {
                "nrn_to": 11,
                "nrn_from": 0,
                "weight": 0.2301660419557599,
                "active": true
            },
            "46": {
                "nrn_to": 9,
                "nrn_from": 0,
                "weight": 0.5633531106958699,
                "active": true
            },
            "16": {
                "nrn_to": 8,
                "nrn_from": 6,
                "weight": -0.16778392286412275,
                "active": true
            },
            "27": {
                "nrn_to": 10,
                "nrn_from": 1,
                "weight": 0.07352555979480836,
                "active": false
            },
            "31": {
                "nrn_to": 11,
                "nrn_from": 1,
                "weight": 0.23418788938474067,
                "active": true
            }
        }
    }
}