{
    "Num species": 5,
    "Species 3 num animals": 8,
    "Species 3 top fitness": -173.98742377904367,
    "Species 3 mean fitness": -334.5673599583829,
    "Species 3 std fitness": 80.10897343857165,
    "Species 3 top animal N hidden neurons": 1,
    "Species 3 top animal N synapses": 14,
    "Species 3 top animal": {
        "neurons": {
            "0": {
                "type": "i",
                "bias": -0.08402994898644467
            },
            "1": {
                "type": "i",
                "bias": -0.008504902848359489
            },
            "2": {
                "type": "i",
                "bias": 0.056611602664536534
            },
            "3": {
                "type": "i",
                "bias": 0.3678865002372428
            },
            "4": {
                "type": "i",
                "bias": 1.249253419954639
            },
            "5": {
                "type": "i",
                "bias": -0.004169642371088216
            },
            "6": {
                "type": "i",
                "bias": -0.19684518120138267
            },
            "7": {
                "type": "i",
                "bias": 0.4804932616090613
            },
            "8": {
                "type": "o",
                "bias": 0.04525032489022897
            },
            "9": {
                "type": "o",
                "bias": -0.384835273357801
            },
            "10": {
                "type": "o",
                "bias": 0.07950017930072896
            },
            "11": {
                "type": "o",
                "bias": 0.10041158427246147
            },
            "44": {
                "type": "h",
                "bias": -0.040028865489570305
            }
        },
        "synapses": {
            "33": {
                "nrn_to": 10,
                "nrn_from": 3,
                "weight": -0.28717469347783997,
                "active": true
            },
            "37": {
                "nrn_to": 8,
                "nrn_from": 6,
                "weight": 0.5055186733350249,
                "active": true
            },
            "12": {
                "nrn_to": 9,
                "nrn_from": 6,
                "weight": 0.4247167114655537,
                "active": true
            },
            "45": {
                "active": true,
                "nrn_to": 44,
                "nrn_from": 6,
                "weight": 0.6796403109787671
            },
            "46": {
                "active": true,
                "nrn_to": 11,
                "nrn_from": 44,
                "weight": 0.4799169387597549
            },
            "17": {
                "nrn_to": 10,
                "nrn_from": 6,
                "weight": -0.19761590257760522,
                "active": true
            },
            "50": {
                "nrn_to": 44,
                "nrn_from": 7,
                "weight": -0.732594250482056,
                "active": true
            },
            "19": {
                "nrn_to": 11,
                "nrn_from": 6,
                "weight": -0.17417333039484556,
                "active": false
            },
            "20": {
                "nrn_to": 10,
                "nrn_from": 1,
                "weight": 0.4698411055239262,
                "active": true
            },
            "51": {
                "nrn_to": 44,
                "nrn_from": 4,
                "weight": 0.9633740493894556,
                "active": true
            },
            "26": {
                "nrn_to": 8,
                "nrn_from": 1,
                "weight": 0.13639640918192442,
                "active": false
            },
            "28": {
                "nrn_to": 9,
                "nrn_from": 1,
                "weight": 1.0031277945003223,
                "active": true
            },
            "31": {
                "nrn_to": 11,
                "nrn_from": 4,
                "weight": 0.03257575019728161,
                "active": false
            },
            "35": {
                "nrn_to": 11,
                "nrn_from": 3,
                "weight": -0.4104858846507589,
                "active": true
            }
        }
    },
    "Species 2 num animals": 21,
    "Species 2 top fitness": -50.271992700657144,
    "Species 2 mean fitness": -117.9599202566246,
    "Species 2 std fitness": 69.99665423687195,
    "Species 2 top animal N hidden neurons": 1,
    "Species 2 top animal N synapses": 12,
    "Species 2 top animal": {
        "neurons": {
            "0": {
                "type": "i",
                "bias": -0.09203887229906861
            },
            "1": {
                "type": "i",
                "bias": 0.0037923105526847575
            },
            "2": {
                "type": "i",
                "bias": 0.20660972710282857
            },
            "3": {
                "type": "i",
                "bias": 0.22702631435574852
            },
            "4": {
                "type": "i",
                "bias": 0.5243909360464998
            },
            "5": {
                "type": "i",
                "bias": 0.14434379452456217
            },
            "6": {
                "type": "i",
                "bias": -0.09672715885297882
            },
            "7": {
                "type": "i",
                "bias": 0.01585021668575829
            },
            "8": {
                "type": "o",
                "bias": -0.09647601560930953
            },
            "9": {
                "type": "o",
                "bias": -0.3574696433050512
            },
            "10": {
                "type": "o",
                "bias": 0.1380667618580398
            },
            "11": {
                "type": "o",
                "bias": 0.011852297606337443
            },
            "44": {
                "type": "h",
                "bias": -0.054426295188985646
            }
        },
        "synapses": {
            "37": {
                "nrn_to": 8,
                "nrn_from": 6,
                "weight": 0.46665629469605163,
                "active": true
            },
            "38": {
                "nrn_to": 9,
                "nrn_from": 5,
                "weight": -0.4856667122743942,
                "active": true
            },
            "40": {
                "nrn_to": 8,
                "nrn_from": 0,
                "weight": -0.12724954363555785,
                "active": false
            },
            "12": {
                "nrn_to": 9,
                "nrn_from": 6,
                "weight": 0.48474982944907086,
                "active": true
            },
            "45": {
                "active": true,
                "nrn_to": 44,
                "nrn_from": 6,
                "weight": 2.9954195093685376
            },
            "14": {
                "nrn_to": 8,
                "nrn_from": 2,
                "weight": 0.24135122112741858,
                "active": false
            },
            "46": {
                "active": true,
                "nrn_to": 11,
                "nrn_from": 44,
                "weight": 0.6221179116480444
            },
            "16": {
                "nrn_to": 11,
                "nrn_from": 5,
                "weight": -0.07557695110728634,
                "active": true
            },
            "19": {
                "nrn_to": 11,
                "nrn_from": 6,
                "weight": 0.1703676898190418,
                "active": false
            },
            "51": {
                "nrn_to": 44,
                "nrn_from": 4,
                "weight": 0.8111736752202792,
                "active": true
            },
            "26": {
                "nrn_to": 8,
                "nrn_from": 1,
                "weight": 0.2756337046246686,
                "active": true
            },
            "28": {
                "nrn_to": 9,
                "nrn_from": 1,