{
    "Num species": 1,
    "Species 0 num animals": 30,
    "Species 0 top fitness": -51.083129488537864,
    "Species 0 mean fitness": -117.20241415558915,
    "Species 0 std fitness": 65.45859024803308,
    "Species 0 top animal N hidden neurons": 0,
    "Species 0 top animal N synapses": 5,
    "Species 0 top animal": {
        "neurons": {
            "0": {
                "type": "i",
                "bias": 0.10439680861332144
            },
            "1": {
                "type": "i",
                "bias": -0.11703503137119584
            },
            "2": {
                "type": "i",
                "bias": 0.20711116898616128
            },
            "3": {
                "type": "i",
                "bias": -0.11786258392283853
            },
            "4": {
                "type": "i",
                "bias": 0.023921378081029468
            },
            "5": {
                "type": "i",
                "bias": 0.27953344105700295
            },
            "6": {
                "type": "i",
                "bias": -0.020661505661187313
            },
            "7": {
                "type": "i",
                "bias": -0.08334662988514999
            },
            "8": {
                "type": "o",
                "bias": -0.16932857933754258
            },
            "9": {
                "type": "o",
                "bias": 0.02990468318906657
            },
            "10": {
                "type": "o",
                "bias": 0.14597452356016144
            },
            "11": {
                "type": "o",
                "bias": -0.16801996130497415
            }
        },
        "synapses": {
            "36": {
                "nrn_to": 11,
                "nrn_from": 2,
                "weight": -0.5080394994665648,
                "active": true
            },
            "41": {
                "nrn_to": 11,
                "nrn_from": 7,
                "weight": 0.393734678684535,
                "active": true
            },
            "12": {
                "nrn_to": 10,
                "nrn_from": 6,
                "weight": -0.5999444750964468,
                "active": true
            },
            "13": {
                "nrn_to": 8,
                "nrn_from": 1,
                "weight": 0.41611383060019785,
                "active": true
            },
            "46": {
                "nrn_to": 9,
                "nrn_from": 0,
                "weight": 0.30715117121276914,
                "active": true
            }
        }
    }
}