{
    "Num species": 1,
    "Species 0 num animals": 60,
    "Species 0 top fitness": -85.76545738814855,
    "Species 0 mean fitness": -127.71471489471395,
    "Species 0 std fitness": 40.65098019694529,
    "Species 0 top animal N hidden neurons": 0,
    "Species 0 top animal N synapses": 6,
    "Species 0 top animal": {
        "neurons": {
            "0": {
                "type": "i",
                "bias": -0.08314426799978175
            },
            "1": {
                "type": "i",
                "bias": 0.07840405289331981
            },
            "2": {
                "type": "i",
                "bias": -0.01368433457231387
            },
            "3": {
                "type": "i",
                "bias": 0.03837893563782231
            },
            "4": {
                "type": "i",
                "bias": 0.011394699702500594
            },
            "5": {
                "type": "i",
                "bias": -0.0820712210783431
            },
            "6": {
                "type": "i",
                "bias": -0.022257578606830263
            },
            "7": {
                "type": "i",
                "bias": 0.03733936845948299
            },
            "8": {
                "type": "o",
                "bias": 0.20155209047903722
            },
            "9": {
                "type": "o",
                "bias": -0.13912322226904977
            },
            "10": {
                "type": "o",
                "bias": -0.11874334203978204
            },
            "11": {
                "type": "o",
                "bias": 0.1399158387915649
            }
        },
        "synapses": {
            "34": {
                "nrn_to": 10,
                "nrn_from": 4,
                "weight": -0.18648087328955693,
                "active": true
            },
            "35": {
                "nrn_to": 9,
                "nrn_from": 5,
                "weight": -0.06903207402610351,
                "active": true
            },
            "20": {
                "nrn_to": 9,
                "nrn_from": 3,
                "weight": -0.23230274846518065,
                "active": true
            },
            "22": {
                "nrn_to": 11,
                "nrn_from": 4,
                "weight": 0.683176632886033,
                "active": true
            },
            "23": {
                "nrn_to": 8,
                "nrn_from": 7,
                "weight": -0.06294511316506496,
                "active": false
            },
            "15": {
                "nrn_to": 10,
                "nrn_from": 5,
                "weight": -0.07322157842374782,
                "active": false
            }
        }
    }
}