{
    "Num species": 5,
    "Species 0 num animals": 23,
    "Species 0 top fitness": -40.86040694502303,
    "Species 0 mean fitness": -113.07896839404874,
    "Species 0 std fitness": 44.926160673117145,
    "Species 0 top animal N hidden neurons": 0,
    "Species 0 top animal N synapses": 11,
    "Species 0 top animal": {
        "neurons": {
            "0": {
                "type": "i",
                "bias": 0.21350777471611032
            },
            "1": {
                "type": "i",
                "bias": -0.07897054245118787
            },
            "2": {
                "type": "i",
                "bias": -0.015025103342377534
            },
            "3": {
                "type": "i",
                "bias": -0.09197912784929152
            },
            "4": {
                "type": "i",
                "bias": 0.35542610010128267
            },
            "5": {
                "type": "i",
                "bias": 0.04149302242063719
            },
            "6": {
                "type": "i",
                "bias": -0.09885618338449675
            },
            "7": {
                "type": "i",
                "bias": 0.3006243613663174
            },
            "8": {
                "type": "o",
                "bias": 0.3526004098587866
            },
            "9": {
                "type": "o",
                "bias": 0.2983767294585002
            },
            "10": {
                "type": "o",
                "bias": -0.41262625336737474
            },
            "11": {
                "type": "o",
                "bias": -0.25162194273875044
            }
        },
        "synapses": {
            "32": {
                "nrn_to": 9,
                "nrn_from": 0,
                "weight": 0.3585850945125461,
                "active": true
            },
            "36": {
                "nrn_to": 10,
                "nrn_from": 5,
                "weight": -0.07858271359318672,
                "active": false
            },
            "37": {
                "nrn_to": 8,
                "nrn_from": 2,
                "weight": 0.19137296908409482,
                "active": false
            },
            "41": {
                "nrn_to": 10,
                "nrn_from": 7,
                "weight": 0.726156481125395,
                "active": true
            },
            "12": {
                "nrn_to": 10,
                "nrn_from": 3,
                "weight": -0.61247080235468,
                "active": true
            },
            "50": {
                "nrn_to": 10,
                "nrn_from": 4,
                "weight": -0.1086534704134538,
                "active": true
            },
            "51": {
                "nrn_to": 9,
                "nrn_from": 4,
                "weight": -0.11725175934214495,
                "active": false
            },
            "20": {
                "nrn_to": 11,
                "nrn_from": 0,
                "weight": 0.5415544398105507,
                "active": true
            },
            "22": {
                "nrn_to": 9,
                "nrn_from": 6,
                "weight": 0.29747117659052347,
                "active": true
            },
            "30": {
                "nrn_to": 9,
                "nrn_from": 5,
                "weight": -1.0068756223948376,
                "active": true
            },
            "39": {
                "nrn_to": 10,
                "nrn_from": 1,
                "weight": -0.05334691437647851,
                "active": true
            }
        }
    },
    "Species 1 num animals": 11,
    "Species 1 top fitness": -115.38149348787863,
    "Species 1 mean fitness": -137.55092410759124,
    "Species 1 std fitness": 17.30991187510102,
    "Species 1 top animal N hidden neurons": 1,
    "Species 1 top animal N synapses": 11,
    "Species 1 top animal": {
        "neurons": {
            "0": {
                "type": "i",
                "bias": -0.015283416783959638
            },
            "1": {
                "type": "i",
                "bias": -0.17946189838678442
            },
            "2": {
                "type": "i",
                "bias": 0.02849777385206763
            },
            "3": {
                "type": "i",
                "bias": -0.032316574754145885
            },
            "4": {
                "type": "i",
                "bias": -0.035571868374903004
            },
            "5": {
                "type": "i",
                "bias": 0.4161101780884518
            },
            "6": {
                "type": "i",
                "bias": 0.1416965779987706
            },
            "7": {
                "type": "i",
                "bias": 0.2538008553250083
            },
            "8": {
                "type": "o",
                "bias": 0.44954542214237025
            },
            "9": {
                "type": "o",
                "bias": 0.04733834974674017
            },
            "10": {
                "type": "o",
                "bias": -0.17128328373596904
            },
            "11": {
                "type": "o",
                "bias": 0.017280268738906736
            },
            "84": {
                "type": "h",
                "bias": 0.13677404505562749
            }
        },
        "synapses": {
            "36": {
                "nrn_to": 10,
                "nrn_from": 5,
                "weight": -0.2852453532231809,
                "active": true
            },
            "37": {
                "nrn_to": 8,
                "nrn_from": 2,
                "weight": -0.003730515971363056,
                "active": false
            },
            "40": {
                "nrn_to": 11,
                "nrn_from": 1,
                "weight": -0.7628567362780093,
                "active": true
            },
            "41": {
                "nrn_to": 10,
                "nrn_from": 7,
                "weight": -0.14147316399327106,
                "active": true
            },
            "12": {
                "nrn_to": 10,
                "nrn_from": 3,
                "weight": -0.5333208816930425,
                "active": true
            },
            "14": {
                "nrn_to": 11,
                "nrn_from": 7,
                "weight": 0.5135391065682688,
                "active": true
            },
            "112": {
                "nrn_to": 84,
                "nrn_from": 1,
                "weight": -0.027876018025369848,
                "active": true
            },
            "18": {
                "nrn_to": 8,
                "nrn_from": 7,
                "weight": 0.09078140894736343,
                "active": true
            },
            "20": {
                "nrn_to": 11,
                "nrn_from": 0,
                "weight": -2.730270242513054,
                "active": true
            },
            "85": {
                "active": true,
                "nrn_to": 84,
                "nrn_from": 2,
                "weight": 0.39833717391110535
            },
            "86": {
                "active": false,
                "nrn_to": 8,
                "nrn_from": 84,
                "weight": 0.19642803274386655
            }
        }
    },
    "Species 2 num animals": 15,
    "Species 2 top fitness": -69.30644794934794,
    "Species 2 mean fitness": -99.82581962147577,
    "Species 2 std fitness": 18.417516876661146,
    "Species 2 top animal N hidden neurons": 0,
    "Species 2 top animal N synapses": 12,
    "Species 2 top animal": {
        "neurons": {
            "0": {
                "type": "i",
                "bias": 0.2530312015149684
            },
            "1": {
                "type": "i",
                "bias": 0.0012849493112406137
            },
            "2": {
                "type": "i",
                "bias": -0.009536621304948013
            },
            "3": {
                "type": "i",