{
    "Num species": 2,
    "Species 1 num animals": 56,
    "Species 1 top fitness": 26.625421393452704,
    "Species 1 mean fitness": -73.7266888694435,
    "Species 1 std fitness": 78.1337400463336,
    "Species 1 top animal N hidden neurons": 0,
    "Species 1 top animal N synapses": 9,
    "Species 1 top animal": {
        "neurons": {
            "0": {
                "type": "i",
                "bias": 1.1220177774996427
            },
            "1": {
                "type": "i",
                "bias": -0.083796128815562
            },
            "2": {
                "type": "i",
                "bias": 0.053273780224421266
            },
            "3": {
                "type": "i",
                "bias": 0.10073848313950685
            },
            "4": {
                "type": "i",
                "bias": 0.7126453652307868
            },
            "5": {
                "type": "i",
                "bias": -0.03253801753394772
            },
            "6": {
                "type": "i",
                "bias": -0.018309617844777318
            },
            "7": {
                "type": "i",
                "bias": 0.09488995447524973
            },
            "8": {
                "type": "o",
                "bias": 0.0028981119092991395
            },
            "9": {
                "type": "o",
                "bias": 0.2585886258909439
            },
            "10": {
                "type": "o",
                "bias": 0.2216017965409196
            },
            "11": {
                "type": "o",
                "bias": 0.09418157543487968
            }
        },
        "synapses": {
            "35": {
                "nrn_to": 9,
                "nrn_from": 5,
                "weight": -0.2304280322585173,
                "active": true
            },
            "37": {
                "nrn_to": 9,
                "nrn_from": 7,
                "weight": -0.02119976665432033,
                "active": false
            },
            "38": {
                "nrn_to": 8,
                "nrn_from": 1,
                "weight": 0.28672027390365373,
                "active": false
            },
            "43": {
                "nrn_to": 9,
                "nrn_from": 3,
                "weight": 0.21028462374529477,
                "active": true
            },
            "44": {
                "nrn_to": 11,
                "nrn_from": 5,
                "weight": 0.95701798157492,
                "active": true
            },
            "16": {
                "nrn_to": 9,
                "nrn_from": 6,
                "weight": -0.3794446684507342,
                "active": true
            },
            "24": {
                "nrn_to": 10,
                "nrn_from": 1,
                "weight": -0.140072596210562,
                "active": true
            },
            "27": {
                "nrn_to": 11,
                "nrn_from": 7,
                "weight": 0.3101973902680796,
                "active": true
            },
            "29": {
                "nrn_to": 10,
                "nrn_from": 6,
                "weight": 0.0030851936766411597,
                "active": true
            }
        }
    },
    "Species 0 num animals": 4,
    "Species 0 top fitness": -32.430798417840336,
    "Species 0 mean fitness": -87.1222809993515,
    "Species 0 std fitness": 50.13744174875709,
    "Species 0 top animal N hidden neurons": 0,
    "Species 0 top animal N synapses": 9,
    "Species 0 top animal": {
        "neurons": {
            "0": {
                "type": "i",
                "bias": 1.2263697803931561
            },
            "1": {
                "type": "i",
                "bias": -0.010717054645246648
            },
            "2": {
                "type": "i",
                "bias": 0.03728299379933894
            },
            "3": {
                "type": "i",
                "bias": 0.24246492205550027
            },
            "4": {
                "type": "i",
                "bias": 0.4958882744186174
            },
            "5": {
                "type": "i",
                "bias": 0.014603450760036926
            },
            "6": {
                "type": "i",
                "bias": -0.06410651440818918
            },
            "7": {
                "type": "i",
                "bias": 0.037613384820513705
            },
            "8": {
                "type": "o",
                "bias": 0.012127187277108036
            },
            "9": {
                "type": "o",
                "bias": 0.21026443093950192
            },
            "10": {
                "type": "o",
                "bias": 0.1707881300117854
            },
            "11": {
                "type": "o",
                "bias": 0.09887393759078136
            }
        },
        "synapses": {
            "35": {
                "nrn_to": 9,
                "nrn_from": 5,
                "weight": -0.3630895552758239,
                "active": true
            },
            "37": {
                "nrn_to": 9,
                "nrn_from": 7,
                "weight": -0.058434869398150874,
                "active": false
            },
            "38": {
                "nrn_to": 8,
                "nrn_from": 1,
                "weight": -0.03556380055879451,
                "active": false
            },
            "43": {
                "nrn_to": 9,
                "nrn_from": 3,
                "weight": 0.1902449369544843,
                "active": true
            },
            "44": {
                "nrn_to": 11,
                "nrn_from": 5,
                "weight": 0.7683763377906605,
                "active": true
            },
            "16": {
                "nrn_to": 9,
                "nrn_from": 6,
                "weight": -0.8472637968369449,
                "active": true
            },
            "24": {
                "nrn_to": 10,
                "nrn_from": 1,
                "weight": -0.14491401970915013,
                "active": true
            },
            "27": {
                "nrn_to": 11,
                "nrn_from": 7,
                "weight": 0.2857576381925369,
                "active": true
            },
            "29": {
                "nrn_to": 10,
                "nrn_from": 6,
                "weight": -0.14303548895258808,
                "active": false
            }
        }
    }
}