{
    "Num species": 2,
    "Species 0 num animals": 59,
    "Species 0 top fitness": -72.20065494627919,
    "Species 0 mean fitness": -115.17023112600323,
    "Species 0 std fitness": 37.629969910150265,
    "Species 0 top animal N hidden neurons": 0,
    "Species 0 top animal N synapses": 8,
    "Species 0 top animal": {
        "neurons": {
            "0": {
                "type": "i",
                "bias": -0.4355050018350696
            },
            "1": {
                "type": "i",
                "bias": -0.16150739171920236
            },
            "2": {
                "type": "i",
                "bias": 0.11130918568417901
            },
            "3": {
                "type": "i",
                "bias": 0.18047249423484085
            },
            "4": {
                "type": "i",
                "bias": 0.018554867128232726
            },
            "5": {
                "type": "i",
                "bias": -0.11107938667184573
            },
            "6": {
                "type": "i",
                "bias": -0.004283864496182049
            },
            "7": {
                "type": "i",
                "bias": 0.21982271028682604
            },
            "8": {
                "type": "o",
                "bias": 0.21952968294007907
            },
            "9": {
                "type": "o",
                "bias": -0.05782161820396981
            },
            "10": {
                "type": "o",
                "bias": 0.0560963098863202
            },
            "11": {
                "type": "o",
                "bias": 0.00382445398104906
            }
        },
        "synapses": {
            "32": {
                "nrn_to": 9,
                "nrn_from": 2,
                "weight": 0.20706546567542128,
                "active": true
            },
            "33": {
                "nrn_to": 8,
                "nrn_from": 3,
                "weight": 0.18802297463225293,
                "active": true
            },
            "36": {
                "nrn_to": 8,
                "nrn_from": 7,
                "weight": 0.00829588176649075,
                "active": true
            },
            "37": {
                "nrn_to": 11,
                "nrn_from": 5,
                "weight": 0.14116051876053215,
                "active": false
            },
            "41": {
                "nrn_to": 11,
                "nrn_from": 3,
                "weight": 0.28854483509521556,
                "active": true
            },
            "17": {
                "nrn_to": 9,
                "nrn_from": 1,
                "weight": -0.34178266969245624,
                "active": true
            },
            "26": {
                "nrn_to": 11,
                "nrn_from": 6,
                "weight": 0.4090076900224328,
                "active": true
            },
            "27": {
                "nrn_to": 9,
                "nrn_from": 7,
                "weight": 0.054496813697876186,
                "active": false
            }
        }
    },
    "Species 1 num animals": 1,
    "Species 1 top fitness": -157.74943012045372,
    "Species 1 mean fitness": -157.74943012045372,
    "Species 1 std fitness": 0.0,
    "Species 1 top animal N hidden neurons": 0,
    "Species 1 top animal N synapses": 9,
    "Species 1 top animal": {
        "neurons": {
            "0": {
                "type": "i",
                "bias": -0.6964996283471214
            },
            "1": {
                "type": "i",
                "bias": -0.16150739171920236
            },
            "2": {
                "type": "i",
                "bias": 0.16851480546005254
            },
            "3": {
                "type": "i",
                "bias": 0.1898083676202683
            },
            "4": {
                "type": "i",
                "bias": 0.030023864206118484
            },
            "5": {
                "type": "i",
                "bias": -0.11107938667184573
            },
            "6": {
                "type": "i",
                "bias": -0.08954636022920703
            },
            "7": {
                "type": "i",
                "bias": 0.21982271028682604
            },
            "8": {
                "type": "o",
                "bias": 0.1409788642532424
            },
            "9": {
                "type": "o",
                "bias": -0.06949069650996537
            },
            "10": {
                "type": "o",
                "bias": 0.0560963098863202
            },
            "11": {
                "type": "o",
                "bias": -0.0246993280224647
            }
        },
        "synapses": {
            "32": {
                "nrn_to": 9,
                "nrn_from": 2,
                "weight": 0.2675203078396592,
                "active": true
            },
            "33": {
                "nrn_to": 8,
                "nrn_from": 3,
                "weight": 0.21132540845748765,
                "active": true
            },
            "36": {
                "nrn_to": 8,
                "nrn_from": 7,
                "weight": 0.1407699880265998,
                "active": false
            },
            "37": {
                "nrn_to": 11,
                "nrn_from": 5,
                "weight": 0.0673661354089753,
                "active": false
            },
            "41": {
                "nrn_to": 11,
                "nrn_from": 3,
                "weight": 0.28854483509521556,
                "active": true
            },
            "17": {
                "nrn_to": 9,
                "nrn_from": 1,
                "weight": -0.30468497489174273,
                "active": true
            },
            "21": {
                "nrn_to": 9,
                "nrn_from": 5,
                "weight": 0.42023024657118574,
                "active": true
            },
            "26": {
                "nrn_to": 11,
                "nrn_from": 6,
                "weight": 0.34911078300175424,
                "active": true
            },
            "27": {
                "nrn_to": 9,
                "nrn_from": 7,
                "weight": 0.2837652978595814,
                "active": true
            }
        }
    }
}