{
    "Num species": 2,
    "Species 1 num animals": 4,
    "Species 1 top fitness": -72.16111286533055,
    "Species 1 mean fitness": -162.5583206295575,
    "Species 1 std fitness": 83.10102834768021,
    "Species 1 top animal N hidden neurons": 1,
    "Species 1 top animal N synapses": 18,
    "Species 1 top animal": {
        "neurons": {
            "0": {
                "type": "i",
                "bias": 0.02754091471853809
            },
            "1": {
                "type": "i",
                "bias": 0.06290031305533905
            },
            "2": {
                "type": "i",
                "bias": 0.1813167301054574
            },
            "3": {
                "type": "i",
                "bias": -0.478698412727678
            },
            "4": {
                "type": "i",
                "bias": 0.22005520981020332
            },
            "5": {
                "type": "i",
                "bias": 0.3660907688993026
            },
            "6": {
                "type": "i",
                "bias": -0.11282214674070415
            },
            "7": {
                "type": "i",
                "bias": 0.04419698921179677
            },
            "8": {
                "type": "o",
                "bias": -0.04440897968751295
            },
            "9": {
                "type": "o",
                "bias": -0.2238144397890629
            },
            "10": {
                "type": "o",
                "bias": 0.30808689774109504
            },
            "11": {
                "type": "o",
                "bias": -0.10518511398865077
            },
            "87": {
                "type": "h",
                "bias": 0.0
            }
        },
        "synapses": {
            "12": {
                "nrn_to": 10,
                "nrn_from": 6,
                "weight": -1.4848266349225339,
                "active": true
            },
            "13": {
                "nrn_to": 8,
                "nrn_from": 1,
                "weight": 0.8124182641503597,
                "active": true
            },
            "15": {
                "nrn_to": 9,
                "nrn_from": 5,
                "weight": 0.4619933441573491,
                "active": true
            },
            "16": {
                "nrn_to": 8,
                "nrn_from": 6,
                "weight": -0.20257767543863117,
                "active": true
            },
            "17": {
                "nrn_to": 10,
                "nrn_from": 3,
                "weight": -0.17640506852628485,
                "active": true
            },
            "88": {
                "active": true,
                "nrn_to": 87,
                "nrn_from": 5,
                "weight": 0.9336596784680538
            },
            "89": {
                "active": true,
                "nrn_to": 11,
                "nrn_from": 87,
                "weight": 0.6812648475319221
            },
            "25": {
                "nrn_to": 10,
                "nrn_from": 7,
                "weight": 0.64079734659778,
                "active": true
            },
            "90": {
                "nrn_to": 8,
                "nrn_from": 87,
                "weight": -0.316742974239667,
                "active": true
            },
            "27": {
                "nrn_to": 10,
                "nrn_from": 1,
                "weight": 0.27348393980677516,
                "active": false
            },
            "30": {
                "nrn_to": 11,
                "nrn_from": 5,
                "weight": 0.30707011224780567,
                "active": false
            },
            "31": {
                "nrn_to": 11,
                "nrn_from": 1,
                "weight": 0.15441033445782498,
                "active": false
            },
            "36": {
                "nrn_to": 11,
                "nrn_from": 2,
                "weight": -0.6193189298721894,
                "active": true
            },
            "37": {
                "nrn_to": 9,
                "nrn_from": 6,
                "weight": 0.5755753638426322,
                "active": true
            },
            "41": {
                "nrn_to": 11,
                "nrn_from": 7,
                "weight": -0.021871969118860836,
                "active": false
            },
            "45": {
                "nrn_to": 11,
                "nrn_from": 0,
                "weight": 0.35217537930992426,
                "active": false
            },
            "46": {
                "nrn_to": 9,
                "nrn_from": 0,
                "weight": 0.719184916448486,
                "active": true
            },
            "38": {
                "nrn_to": 8,
                "nrn_from": 0,
                "weight": 0.4699204619779563,
                "active": true
            }
        }
    },
    "Species 0 num animals": 26,
    "Species 0 top fitness": -78.85423315254734,
    "Species 0 mean fitness": -130.98528282543037,
    "Species 0 std fitness": 72.97903374598557,
    "Species 0 top animal N hidden neurons": 0,
    "Species 0 top animal N synapses": 11,
    "Species 0 top animal": {
        "neurons": {
            "0": {
                "type": "i",
                "bias": 0.05660760664690627
            },
            "1": {
                "type": "i",
                "bias": 0.05496404112804719
            },
            "2": {
                "type": "i",
                "bias": 0.16007573625608518
            },
            "3": {
                "type": "i",
                "bias": -0.0583699682560528
            },
            "4": {
                "type": "i",
                "bias": 0.504366935072925
            },
            "5": {
                "type": "i",
                "bias": 0.4213473903810872
            },
            "6": {
                "type": "i",
                "bias": -0.09067473359965628
            },
            "7": {
                "type": "i",
                "bias": -0.11839998866330753
            },
            "8": {
                "type": "o",
                "bias": -0.01823337003478421
            },
            "9": {
                "type": "o",
                "bias": 0.06294660735857471
            },
            "10": {
                "type": "o",
                "bias": 0.2933886490319873
            },
            "11": {
                "type": "o",
                "bias": -0.3279356155298269
            }
        },
        "synapses": {
            "36": {
                "nrn_to": 11,
                "nrn_from": 2,
                "weight": -0.5987779163262793,
                "active": true
            },
            "39": {
                "nrn_to": 8,
                "nrn_from": 4,
                "weight": 0.0629329804658448,
                "active": false
            },
            "41": {
                "nrn_to": 11,
                "nrn_from": 7,
                "weight": 0.06931138373155708,
                "active": false
            },
            "12": {
                "nrn_to": 10,
                "nrn_from": 6,
                "weight": -1.3692755977686597,
                "active": true
            },
            "13": {
                "nrn_to": 8,
                "nrn_from": 1,
                "weight": 0.47256098732617274,
                "active": true
            },
            "45": {
                "nrn_to": 11,
                "nrn_from": 0,
                "weight": 0.09211950105854182,
                "active": true
            },
            "46": {
                "nrn_to": 9,
                "nrn_from": 0,
                "weight": 0.605017431507253,
                "active": true
            },
            "16": {
                "nrn_to": 8,
                "nrn_from": 6,
                "weight": -0.22370616645744004,
                "active": true
            },
            "27": {
                "nrn_to": 10,