{
    "Num species": 1,
    "Species 0 num animals": 60,
    "Species 0 top fitness": -97.75736406852133,
    "Species 0 mean fitness": -132.82576150535348,
    "Species 0 std fitness": 60.84110196485406,
    "Species 0 top animal N hidden neurons": 0,
    "Species 0 top animal N synapses": 3,
    "Species 0 top animal": {
        "neurons": {
            "0": {
                "type": "i",
                "bias": 0.006549017267940396
            },
            "1": {
                "type": "i",
                "bias": -0.29448780198680385
            },
            "2": {
                "type": "i",
                "bias": -0.10161070620983596
            },
            "3": {
                "type": "i",
                "bias": -0.025251124955366362
            },
            "4": {
                "type": "i",
                "bias": 0.14185162629065923
            },
            "5": {
                "type": "i",
                "bias": -0.12240717402772514
            },
            "6": {
                "type": "i",
                "bias": -0.015733367321515927
            },
            "7": {
                "type": "i",
                "bias": 0.08571857125614056
            },
            "8": {
                "type": "o",
                "bias": 0.17908443797355517
            },
            "9": {
                "type": "o",
                "bias": -0.03322796929529673
            },
            "10": {
                "type": "o",
                "bias": -0.08814332227557203
            },
            "11": {
                "type": "o",
                "bias": -0.10846874660452588
            }
        },
        "synapses": {
            "12": {
                "nrn_to": 11,
                "nrn_from": 4,
                "weight": 0.315929047129348,
                "active": true
            },
            "14": {
                "nrn_to": 11,
                "nrn_from": 5,
                "weight": 0.4946389634767837,
                "active": true
            },
            "23": {
                "nrn_to": 8,
                "nrn_from": 3,
                "weight": 0.09821190152688736,
                "active": true
            }
        }
    }
}