{
    "Num species": 1,
    "Species 0 num animals": 60,
    "Species 0 top fitness": -87.47504246405359,
    "Species 0 mean fitness": -137.29567590736235,
    "Species 0 std fitness": 62.59041632935489,
    "Species 0 top animal N hidden neurons": 0,
    "Species 0 top animal N synapses": 6,
    "Species 0 top animal": {
        "neurons": {
            "0": {
                "type": "i",
                "bias": -0.06569369662572805
            },
            "1": {
                "type": "i",
                "bias": -0.013166095492675802
            },
            "2": {
                "type": "i",
                "bias": 0.07795574300647991
            },
            "3": {
                "type": "i",
                "bias": 0.03837893563782231
            },
            "4": {
                "type": "i",
                "bias": 0.011394699702500594
            },
            "5": {
                "type": "i",
                "bias": -0.034766758370376155
            },
            "6": {
                "type": "i",
                "bias": -0.03518642753484916
            },
            "7": {
                "type": "i",
                "bias": -0.00510184429548434
            },
            "8": {
                "type": "o",
                "bias": 0.20155209047903722
            },
            "9": {
                "type": "o",
                "bias": -0.13912322226904977
            },
            "10": {
                "type": "o",
                "bias": -0.1437727184849172
            },
            "11": {
                "type": "o",
                "bias": -0.13229475419068498
            }
        },
        "synapses": {
            "34": {
                "nrn_to": 10,
                "nrn_from": 4,
                "weight": -0.36849011755881134,
                "active": true
            },
            "35": {
                "nrn_to": 9,
                "nrn_from": 5,
                "weight": -0.10378336494833013,
                "active": true
            },
            "20": {
                "nrn_to": 9,
                "nrn_from": 3,
                "weight": -0.23230274846518065,
                "active": true
            },
            "22": {
                "nrn_to": 11,
                "nrn_from": 4,
                "weight": 0.683176632886033,
                "active": true
            },
            "23": {
                "nrn_to": 8,
                "nrn_from": 7,
                "weight": -0.10702527441334705,
                "active": false
            },
            "15": {
                "nrn_to": 10,
                "nrn_from": 5,
                "weight": -0.5364802065525873,
                "active": true
            }
        }
    }
}