{
    "Num species": 1,
    "Species 0 num animals": 60,
    "Species 0 top fitness": -84.12668586750269,
    "Species 0 mean fitness": -131.75019511429008,
    "Species 0 std fitness": 25.717277652075484,
    "Species 0 top animal N hidden neurons": 0,
    "Species 0 top animal N synapses": 3,
    "Species 0 top animal": {
        "neurons": {
            "0": {
                "type": "i",
                "bias": -0.029879951280405007
            },
            "1": {
                "type": "i",
                "bias": -0.2389767462468075
            },
            "2": {
                "type": "i",
                "bias": -0.04648236454092478
            },
            "3": {
                "type": "i",
                "bias": -0.055883163598000433
            },
            "4": {
                "type": "i",
                "bias": 0.04828410725183002
            },
            "5": {
                "type": "i",
                "bias": -0.2963232758998803
            },
            "6": {
                "type": "i",
                "bias": 0.07010559817307711
            },
            "7": {
                "type": "i",
                "bias": -0.13083743713753906
            },
            "8": {
                "type": "o",
                "bias": 0.4013793316801346
            },
            "9": {
                "type": "o",
                "bias": 0.003527375134141515
            },
            "10": {
                "type": "o",
                "bias": 0.008058360249910593
            },
            "11": {
                "type": "o",
                "bias": -0.08357592025561232
            }
        },
        "synapses": {
            "18": {
                "nrn_to": 11,
                "nrn_from": 4,
                "weight": 0.39954027187287355,
                "active": true
            },
            "22": {
                "nrn_to": 8,
                "nrn_from": 3,
                "weight": 0.3810069269047798,
                "active": true
            },
            "30": {
                "nrn_to": 8,
                "nrn_from": 5,
                "weight": 0.049825105786337066,
                "active": true
            }
        }
    }
}