{
    "Num species": 3,
    "Species 3 num animals": 15,
    "Species 3 top fitness": 76.16780572375858,
    "Species 3 mean fitness": -56.106875384686354,
    "Species 3 std fitness": 121.89763909810556,
    "Species 3 top animal N hidden neurons": 1,
    "Species 3 top animal N synapses": 13,
    "Species 3 top animal": {
        "neurons": {
            "0": {
                "type": "i",
                "bias": 0.03458999112473388
            },
            "1": {
                "type": "i",
                "bias": 0.3489667528703464
            },
            "2": {
                "type": "i",
                "bias": 0.1308835792188055
            },
            "3": {
                "type": "i",
                "bias": 0.07624646537844507
            },
            "4": {
                "type": "i",
                "bias": 0.02179532547448746
            },
            "5": {
                "type": "i",
                "bias": 0.15905969081393234
            },
            "6": {
                "type": "i",
                "bias": -0.4065260076594849
            },
            "7": {
                "type": "i",
                "bias": 0.13975775519995665
            },
            "8": {
                "type": "o",
                "bias": -0.5054194361816217
            },
            "9": {
                "type": "o",
                "bias": 0.09167218025305707
            },
            "10": {
                "type": "o",
                "bias": -0.014617038534039537
            },
            "11": {
                "type": "o",
                "bias": 0.026787718318848318
            },
            "144": {
                "type": "h",
                "bias": 0.0
            }
        },
        "synapses": {
            "33": {
                "nrn_to": 10,
                "nrn_from": 3,
                "weight": -0.23343980115115034,
                "active": true
            },
            "42": {
                "nrn_to": 8,
                "nrn_from": 1,
                "weight": -0.14064259076731261,
                "active": false
            },
            "12": {
                "nrn_to": 10,
                "nrn_from": 6,
                "weight": 0.5359415551568083,
                "active": true
            },
            "13": {
                "nrn_to": 8,
                "nrn_from": 3,
                "weight": 0.07416857180782814,
                "active": true
            },
            "45": {
                "nrn_to": 10,
                "nrn_from": 5,
                "weight": 0.46574420285629015,
                "active": false
            },
            "47": {
                "nrn_to": 8,
                "nrn_from": 7,
                "weight": 0.1698257845954803,
                "active": true
            },
            "145": {
                "active": true,
                "nrn_to": 144,
                "nrn_from": 5,
                "weight": 1.0224693321803877
            },
            "146": {
                "active": true,
                "nrn_to": 10,
                "nrn_from": 144,
                "weight": 0.46574420285629015
            },
            "22": {
                "nrn_to": 11,
                "nrn_from": 5,
                "weight": 1.6621601225436957,
                "active": true
            },
            "24": {
                "nrn_to": 9,
                "nrn_from": 7,
                "weight": -0.25834082391095864,
                "active": false
            },
            "26": {
                "nrn_to": 11,
                "nrn_from": 2,
                "weight": -0.5537524532578907,
                "active": true
            },
            "28": {
                "nrn_to": 11,
                "nrn_from": 4,
                "weight": 0.25428336515460853,
                "active": true
            },
            "29": {
                "nrn_to": 9,
                "nrn_from": 5,
                "weight": 0.4912144280242508,
                "active": true
            }
        }
    },
    "Species 2 num animals": 14,
    "Species 2 top fitness": -16.976024287379122,
    "Species 2 mean fitness": -66.5563781451694,
    "Species 2 std fitness": 43.215744608929064,
    "Species 2 top animal N hidden neurons": 1,
    "Species 2 top animal N synapses": 12,
    "Species 2 top animal": {
        "neurons": {
            "0": {
                "type": "i",
                "bias": 0.1348948083509285
            },
            "1": {
                "type": "i",
                "bias": 0.28621846691461744
            },
            "2": {
                "type": "i",
                "bias": -0.16858453860491862
            },
            "3": {
                "type": "i",
                "bias": 0.17099559713339985
            },
            "4": {
                "type": "i",
                "bias": -0.015329456064057473
            },
            "5": {
                "type": "i",
                "bias": 0.4649734751102368
            },
            "6": {
                "type": "i",
                "bias": -0.49618606835626156
            },
            "7": {
                "type": "i",
                "bias": 0.03936361033360818
            },
            "8": {
                "type": "o",
                "bias": 0.13606441537219885
            },
            "9": {
                "type": "o",
                "bias": -0.04028800129852004
            },
            "10": {
                "type": "o",
                "bias": -0.024030832430222526
            },
            "11": {
                "type": "o",
                "bias": 0.051922478267415306
            },
            "100": {
                "type": "h",
                "bias": -0.3089490250530508
            }
        },
        "synapses": {
            "33": {
                "nrn_to": 10,
                "nrn_from": 3,
                "weight": -0.2898517442316701,
                "active": true
            },
            "101": {
                "active": true,
                "nrn_to": 100,
                "nrn_from": 5,
                "weight": 0.47089830805280614
            },
            "102": {
                "active": true,
                "nrn_to": 11,
                "nrn_from": 100,
                "weight": 0.3710944533103006
            },
            "42": {
                "nrn_to": 8,
                "nrn_from": 1,
                "weight": 0.22671072369896988,
                "active": false
            },
            "12": {
                "nrn_to": 10,
                "nrn_from": 6,
                "weight": 3.0,
                "active": true
            },
            "14": {
                "nrn_to": 8,
                "nrn_from": 5,
                "weight": -0.07029677262711756,
                "active": false
            },
            "46": {
                "nrn_to": 11,
                "nrn_from": 6,
                "weight": -0.07064348579454405,
                "active": false
            },
            "19": {
                "nrn_to": 9,
                "nrn_from": 2,
                "weight": 0.4279629312972493,
                "active": true
            },
            "22": {
                "nrn_to": 11,
                "nrn_from": 5,
                "weight": 2.9140920417990146,
                "active": true
            },
            "23": {
                "nrn_to": 8,
                "nrn_from": 4,
                "weight": -0.39789062487534244,
                "active": false
            },
            "24": {
                "nrn_to": 9,
                "nrn_from": 7,
                "weight": 0.5034523341224294,
                "active": false
            },
            "30": {
                "nrn_to": 10,
                "nrn_from": 7,
                "weight": 0.6194145641374211,
                "active": true
            }
        }
    },
    "Species 1 num animals": 31,
    "Species 1 top fitness": 115.90082006972601,