{
    "Num species": 1,
    "Species 0 num animals": 60,
    "Species 0 top fitness": -59.6280158757242,
    "Species 0 mean fitness": -128.28985860483382,
    "Species 0 std fitness": 62.97184816498425,
    "Species 0 top animal N hidden neurons": 0,
    "Species 0 top animal N synapses": 4,
    "Species 0 top animal": {
        "neurons": {
            "0": {
                "type": "i",
                "bias": 0.08500317421068052
            },
            "1": {
                "type": "i",
                "bias": 0.12248337746793314
            },
            "2": {
                "type": "i",
                "bias": -0.12391143626290246
            },
            "3": {
                "type": "i",
                "bias": -0.0036159612951292726
            },
            "4": {
                "type": "i",
                "bias": 0.08101728011730155
            },
            "5": {
                "type": "i",
                "bias": 0.19875989364178664
            },
            "6": {
                "type": "i",
                "bias": -0.06768171644237163
            },
            "7": {
                "type": "i",
                "bias": 0.012465370568866409
            },
            "8": {
                "type": "o",
                "bias": 0.05617403060804678
            },
            "9": {
                "type": "o",
                "bias": 0.07441842360087646
            },
            "10": {
                "type": "o",
                "bias": -0.018502517588364374
            },
            "11": {
                "type": "o",
                "bias": -0.0052299140486162295
            }
        },
        "synapses": {
            "24": {
                "nrn_to": 9,
                "nrn_from": 7,
                "weight": 0.04942268773442572,
                "active": true
            },
            "33": {
                "nrn_to": 10,
                "nrn_from": 3,
                "weight": -0.13105239269621743,
                "active": true
            },
            "42": {
                "nrn_to": 8,
                "nrn_from": 1,
                "weight": 0.018199347355340526,
                "active": true
            },
            "22": {
                "nrn_to": 11,
                "nrn_from": 5,
                "weight": 1.6116582447633707,
                "active": true
            }
        }
    }
}