{
    "Num species": 2,
    "Species 0 num animals": 48,
    "Species 0 top fitness": -44.164647059468855,
    "Species 0 mean fitness": -86.66591139434668,
    "Species 0 std fitness": 29.1019244585246,
    "Species 0 top animal N hidden neurons": 0,
    "Species 0 top animal N synapses": 8,
    "Species 0 top animal": {
        "neurons": {
            "0": {
                "type": "i",
                "bias": 0.20502490033493176
            },
            "1": {
                "type": "i",
                "bias": 0.015181077200544419
            },
            "2": {
                "type": "i",
                "bias": 0.12489796188443007
            },
            "3": {
                "type": "i",
                "bias": 0.4192811967566937
            },
            "4": {
                "type": "i",
                "bias": -0.09217725055006383
            },
            "5": {
                "type": "i",
                "bias": 0.08468772493480113
            },
            "6": {
                "type": "i",
                "bias": -0.038566769332280856
            },
            "7": {
                "type": "i",
                "bias": -0.13235709927570732
            },
            "8": {
                "type": "o",
                "bias": 0.2641868548850258
            },
            "9": {
                "type": "o",
                "bias": 0.058859180178352836
            },
            "10": {
                "type": "o",
                "bias": -0.06867474174680975
            },
            "11": {
                "type": "o",
                "bias": -0.07419454850247993
            }
        },
        "synapses": {
            "34": {
                "nrn_to": 10,
                "nrn_from": 4,
                "weight": -0.25349384804271796,
                "active": true
            },
            "42": {
                "nrn_to": 8,
                "nrn_from": 3,
                "weight": 0.37246961412519164,
                "active": true
            },
            "15": {
                "nrn_to": 10,
                "nrn_from": 5,
                "weight": -1.1396043812830234,
                "active": true
            },
            "49": {
                "nrn_to": 9,
                "nrn_from": 0,
                "weight": 0.25746560216774517,
                "active": false
            },
            "19": {
                "nrn_to": 9,
                "nrn_from": 2,
                "weight": 0.279110310222499,
                "active": true
            },
            "22": {
                "nrn_to": 11,
                "nrn_from": 4,
                "weight": 0.8296240286952077,
                "active": true
            },
            "23": {
                "nrn_to": 8,
                "nrn_from": 7,
                "weight": -0.1209802584646648,
                "active": false
            },
            "24": {
                "nrn_to": 8,
                "nrn_from": 6,
                "weight": 0.44704427215153425,
                "active": true
            }
        }
    },
    "Species 1 num animals": 12,
    "Species 1 top fitness": -95.15096028019614,
    "Species 1 mean fitness": -101.38966837412136,
    "Species 1 std fitness": 6.752171044684418,
    "Species 1 top animal N hidden neurons": 0,
    "Species 1 top animal N synapses": 8,
    "Species 1 top animal": {
        "neurons": {
            "0": {
                "type": "i",
                "bias": 0.026422937204472377
            },
            "1": {
                "type": "i",
                "bias": -0.015688023853906167
            },
            "2": {
                "type": "i",
                "bias": -0.0289244565913857
            },
            "3": {
                "type": "i",
                "bias": 0.29351404190493396
            },
            "4": {
                "type": "i",
                "bias": 0.011394699702500594
            },
            "5": {
                "type": "i",
                "bias": -0.29891333630175837
            },
            "6": {
                "type": "i",
                "bias": -0.14570977168811855
            },
            "7": {
                "type": "i",
                "bias": 0.06616175372188096
            },
            "8": {
                "type": "o",
                "bias": 0.14425154482616565
            },
            "9": {
                "type": "o",
                "bias": -0.06605181229828505
            },
            "10": {
                "type": "o",
                "bias": -0.04967210395042215
            },
            "11": {
                "type": "o",
                "bias": -0.07510342127406379
            }
        },
        "synapses": {
            "33": {
                "nrn_to": 8,
                "nrn_from": 5,
                "weight": -0.12537901523533124,
                "active": true
            },
            "34": {
                "nrn_to": 10,
                "nrn_from": 4,
                "weight": -0.15379052358219428,
                "active": false
            },
            "42": {
                "nrn_to": 8,
                "nrn_from": 3,
                "weight": 0.5906859420726921,
                "active": true
            },
            "15": {
                "nrn_to": 10,
                "nrn_from": 5,
                "weight": -0.4634929588022551,
                "active": true
            },
            "18": {
                "nrn_to": 8,
                "nrn_from": 2,
                "weight": -0.5136290754618199,
                "active": true
            },
            "19": {
                "nrn_to": 9,
                "nrn_from": 2,
                "weight": 0.237305491713266,
                "active": true
            },
            "22": {
                "nrn_to": 11,
                "nrn_from": 4,
                "weight": 3.0,
                "active": true
            },
            "23": {
                "nrn_to": 8,
                "nrn_from": 7,
                "weight": 0.011041208632789847,
                "active": true
            }
        }
    }
}