{
    "Num species": 3,
    "Species 0 num animals": 7,
    "Species 0 top fitness": -30.701361769624487,
    "Species 0 mean fitness": -74.67292580535032,
    "Species 0 std fitness": 37.80626616539933,
    "Species 0 top animal N hidden neurons": 0,
    "Species 0 top animal N synapses": 14,
    "Species 0 top animal": {
        "neurons": {
            "0": {
                "type": "i",
                "bias": -0.08756761598081463
            },
            "1": {
                "type": "i",
                "bias": 0.215394102634825
            },
            "2": {
                "type": "i",
                "bias": -0.07700923587914961
            },
            "3": {
                "type": "i",
                "bias": 0.03290915238824654
            },
            "4": {
                "type": "i",
                "bias": 0.40196272311846476
            },
            "5": {
                "type": "i",
                "bias": 0.5466079538398819
            },
            "6": {
                "type": "i",
                "bias": -0.11966067386173977
            },
            "7": {
                "type": "i",
                "bias": 1.3413475924348974
            },
            "8": {
                "type": "o",
                "bias": -0.24097799148199886
            },
            "9": {
                "type": "o",
                "bias": -0.023616091529307708
            },
            "10": {
                "type": "o",
                "bias": 0.10207354832954234
            },
            "11": {
                "type": "o",
                "bias": 0.09194702964822382
            }
        },
        "synapses": {
            "32": {
                "nrn_to": 8,
                "nrn_from": 1,
                "weight": 0.224120507288595,
                "active": true
            },
            "37": {
                "nrn_to": 11,
                "nrn_from": 0,
                "weight": -0.28800686192784186,
                "active": true
            },
            "39": {
                "nrn_to": 9,
                "nrn_from": 5,
                "weight": -0.17528318605063184,
                "active": true
            },
            "12": {
                "nrn_to": 9,
                "nrn_from": 7,
                "weight": 0.21885918553244169,
                "active": true
            },
            "13": {
                "nrn_to": 9,
                "nrn_from": 4,
                "weight": -0.29578704790789917,
                "active": true
            },
            "14": {
                "nrn_to": 9,
                "nrn_from": 0,
                "weight": 0.1590486473975946,
                "active": true
            },
            "16": {
                "nrn_to": 11,
                "nrn_from": 4,
                "weight": 0.8381863943644976,
                "active": true
            },
            "17": {
                "nrn_to": 8,
                "nrn_from": 7,
                "weight": 0.005769677915956712,
                "active": true
            },
            "18": {
                "nrn_to": 10,
                "nrn_from": 7,
                "weight": -1.4975175630837927,
                "active": true
            },
            "20": {
                "nrn_to": 11,
                "nrn_from": 1,
                "weight": -0.252429664577836,
                "active": false
            },
            "22": {
                "nrn_to": 11,
                "nrn_from": 3,
                "weight": 0.05763884684814513,
                "active": false
            },
            "54": {
                "nrn_to": 9,
                "nrn_from": 1,
                "weight": 0.16850023204868142,
                "active": true
            },
            "28": {
                "nrn_to": 8,
                "nrn_from": 2,
                "weight": -0.03830695650326037,
                "active": true
            },
            "31": {
                "nrn_to": 8,
                "nrn_from": 5,
                "weight": -0.4139734625617755,
                "active": true
            }
        }
    },
    "Species 2 num animals": 13,
    "Species 2 top fitness": -51.54781490519574,
    "Species 2 mean fitness": -84.8006398996673,
    "Species 2 std fitness": 39.49317819976447,
    "Species 2 top animal N hidden neurons": 1,
    "Species 2 top animal N synapses": 13,
    "Species 2 top animal": {
        "neurons": {
            "0": {
                "type": "i",
                "bias": -0.14175343154584452
            },
            "1": {
                "type": "i",
                "bias": 0.3272188046379132
            },
            "2": {
                "type": "i",
                "bias": 0.1022639970196769
            },
            "3": {
                "type": "i",
                "bias": -0.030941438724338077
            },
            "4": {
                "type": "i",
                "bias": 0.3825289964270243
            },
            "5": {
                "type": "i",
                "bias": 0.2385220702726459
            },
            "6": {
                "type": "i",
                "bias": -0.36280402231494524
            },
            "7": {
                "type": "i",
                "bias": 1.3170343351515006
            },
            "8": {
                "type": "o",
                "bias": -0.3055823401159945
            },
            "9": {
                "type": "o",
                "bias": 0.09449893528920973
            },
            "10": {
                "type": "o",
                "bias": 0.17472602488360486
            },
            "11": {
                "type": "o",
                "bias": -0.09463235324579121
            },
            "131": {
                "type": "h",
                "bias": -0.10507448083052437
            }
        },
        "synapses": {
            "32": {
                "nrn_to": 8,
                "nrn_from": 1,
                "weight": 0.5461709960174225,
                "active": true
            },
            "132": {
                "active": true,
                "nrn_to": 131,
                "nrn_from": 7,
                "weight": 0.9704823213256677
            },
            "133": {
                "active": true,
                "nrn_to": 9,
                "nrn_from": 131,
                "weight": 0.18650655671456437
            },
            "37": {
                "nrn_to": 11,
                "nrn_from": 0,
                "weight": -0.19163109251155372,
                "active": true
            },
            "39": {
                "nrn_to": 9,
                "nrn_from": 5,
                "weight": 0.2585434953495292,
                "active": false
            },
            "12": {
                "nrn_to": 9,
                "nrn_from": 7,
                "weight": 0.4443065250907322,
                "active": false
            },
            "13": {
                "nrn_to": 9,
                "nrn_from": 4,
                "weight": -0.2557572948683999,
                "active": true
            },
            "16": {
                "nrn_to": 11,
                "nrn_from": 4,
                "weight": 0.6633302350927337,
                "active": true
            },
            "17": {
                "nrn_to": 8,
                "nrn_from": 7,
                "weight": -0.07944191167687212,
                "active": true
            },
            "18": {
                "nrn_to": 10,
                "nrn_from": 7,
                "weight": -0.043114609999765595,
                "active": false
            },
            "20": {
                "nrn_to": 11,
                "nrn_from": 1,
                "weight": -0.04951041451879726,
                "active": false
            },
            "22": {
                "nrn_to": 11,
                "nrn_from": 3,
                "weight": 0.006704649167529636,
                "active": false
            },