{
    "Num species": 2,
    "Species 0 num animals": 46,
    "Species 0 top fitness": -106.02073263576274,
    "Species 0 mean fitness": -139.23595331812058,
    "Species 0 std fitness": 14.35793425261113,
    "Species 0 top animal N hidden neurons": 0,
    "Species 0 top animal N synapses": 5,
    "Species 0 top animal": {
        "neurons": {
            "0": {
                "type": "i",
                "bias": 0.16966361230151977
            },
            "1": {
                "type": "i",
                "bias": -0.09890729817032365
            },
            "2": {
                "type": "i",
                "bias": -0.057769869621784556
            },
            "3": {
                "type": "i",
                "bias": 0.22012345359044697
            },
            "4": {
                "type": "i",
                "bias": 0.17505803324775662
            },
            "5": {
                "type": "i",
                "bias": -0.1742419803244521
            },
            "6": {
                "type": "i",
                "bias": 0.09499451123176768
            },
            "7": {
                "type": "i",
                "bias": -0.051782188972842216
            },
            "8": {
                "type": "o",
                "bias": 0.4103853923840849
            },
            "9": {
                "type": "o",
                "bias": 0.13717803159494207
            },
            "10": {
                "type": "o",
                "bias": -0.16923329672830803
            },
            "11": {
                "type": "o",
                "bias": -0.23109773221496438
            }
        },
        "synapses": {
            "51": {
                "nrn_to": 9,
                "nrn_from": 4,
                "weight": -0.1792284391403751,
                "active": true
            },
            "36": {
                "nrn_to": 10,
                "nrn_from": 5,
                "weight": -0.3889343550554184,
                "active": true
            },
            "37": {
                "nrn_to": 8,
                "nrn_from": 2,
                "weight": 0.10586877605727474,
                "active": true
            },
            "20": {
                "nrn_to": 11,
                "nrn_from": 0,
                "weight": 0.3810740667694169,
                "active": true
            },
            "12": {
                "nrn_to": 10,
                "nrn_from": 3,
                "weight": -0.5055230739558423,
                "active": true
            }
        }
    },
    "Species 1 num animals": 14,
    "Species 1 top fitness": -114.68293092005304,
    "Species 1 mean fitness": -139.67626930410526,
    "Species 1 std fitness": 13.057749786699706,
    "Species 1 top animal N hidden neurons": 0,
    "Species 1 top animal N synapses": 6,
    "Species 1 top animal": {
        "neurons": {
            "0": {
                "type": "i",
                "bias": 0.006785332561549586
            },
            "1": {
                "type": "i",
                "bias": -0.1811538137917957
            },
            "2": {
                "type": "i",
                "bias": -0.1356501002699164
            },
            "3": {
                "type": "i",
                "bias": 0.0815449494249269
            },
            "4": {
                "type": "i",
                "bias": -0.04539410387751477
            },
            "5": {
                "type": "i",
                "bias": 0.06484237019826446
            },
            "6": {
                "type": "i",
                "bias": 0.02750843252955943
            },
            "7": {
                "type": "i",
                "bias": -0.006315419907520742
            },
            "8": {
                "type": "o",
                "bias": 0.32716037760124467
            },
            "9": {
                "type": "o",
                "bias": -0.0632154005891318
            },
            "10": {
                "type": "o",
                "bias": -0.21662206215947927
            },
            "11": {
                "type": "o",
                "bias": -0.22435590249526238
            }
        },
        "synapses": {
            "50": {
                "nrn_to": 10,
                "nrn_from": 4,
                "weight": -0.08268640552789344,
                "active": true
            },
            "36": {
                "nrn_to": 10,
                "nrn_from": 5,
                "weight": -0.3003314171826809,
                "active": true
            },
            "37": {
                "nrn_to": 8,
                "nrn_from": 2,
                "weight": 0.14072574223152132,
                "active": true
            },
            "38": {
                "nrn_to": 8,
                "nrn_from": 6,
                "weight": -0.19842720408781792,
                "active": true
            },
            "20": {
                "nrn_to": 11,
                "nrn_from": 0,
                "weight": -0.7440505233467756,
                "active": true
            },
            "12": {
                "nrn_to": 10,
                "nrn_from": 3,
                "weight": -0.47254989002603454,
                "active": true
            }
        }
    }
}