{
    "Num species": 1,
    "Species 0 num animals": 60,
    "Species 0 top fitness": -80.26399816780629,
    "Species 0 mean fitness": -180.98636274235025,
    "Species 0 std fitness": 127.98738844582212,
    "Species 0 top animal N hidden neurons": 0,
    "Species 0 top animal N synapses": 2,
    "Species 0 top animal": {
        "neurons": {
            "0": {
                "type": "i",
                "bias": -0.0691197583178835
            },
            "1": {
                "type": "i",
                "bias": -0.024304303465568736
            },
            "2": {
                "type": "i",
                "bias": -0.1110640404379984
            },
            "3": {
                "type": "i",
                "bias": 0.08438383670236715
            },
            "4": {
                "type": "i",
                "bias": 0.06953235238354216
            },
            "5": {
                "type": "i",
                "bias": -0.03612188840440295
            },
            "6": {
                "type": "i",
                "bias": -0.06198979753935149
            },
            "7": {
                "type": "i",
                "bias": 0.020362276975909685
            },
            "8": {
                "type": "o",
                "bias": 0.10447589862602846
            },
            "9": {
                "type": "o",
                "bias": -0.11296871111271177
            },
            "10": {
                "type": "o",
                "bias": -0.026280588017228337
            },
            "11": {
                "type": "o",
                "bias": 0.004237534301326933
            }
        },
        "synapses": {
            "12": {
                "nrn_to": 10,
                "nrn_from": 6,
                "weight": 0.05433252902221574,
                "active": true
            },
            "19": {
                "nrn_to": 9,
                "nrn_from": 2,
                "weight": 0.6130034599727252,
                "active": true
            }
        }
    }
}