{
    "Num species": 1,
    "Species 0 num animals": 60,
    "Species 0 top fitness": -10.76954295104743,
    "Species 0 mean fitness": -75.03044702119435,
    "Species 0 std fitness": 48.63027757997751,
    "Species 0 top animal N hidden neurons": 0,
    "Species 0 top animal N synapses": 6,
    "Species 0 top animal": {
        "neurons": {
            "0": {
                "type": "i",
                "bias": 0.24790443540819596
            },
            "1": {
                "type": "i",
                "bias": 0.01703493207812355
            },
            "2": {
                "type": "i",
                "bias": 0.020856678287221833
            },
            "3": {
                "type": "i",
                "bias": -0.1654664347373183
            },
            "4": {
                "type": "i",
                "bias": -0.13027181758271345
            },
            "5": {
                "type": "i",
                "bias": -0.13430723669829514
            },
            "6": {
                "type": "i",
                "bias": 0.24495701020005492
            },
            "7": {
                "type": "i",
                "bias": 0.008781811415700856
            },
            "8": {
                "type": "o",
                "bias": -0.009552449853973468
            },
            "9": {
                "type": "o",
                "bias": 0.04809830313309019
            },
            "10": {
                "type": "o",
                "bias": -0.030774789563991614
            },
            "11": {
                "type": "o",
                "bias": 0.08675154639147775
            }
        },
        "synapses": {
            "48": {
                "nrn_to": 10,
                "nrn_from": 3,
                "weight": -0.24081189370512912,
                "active": true
            },
            "33": {
                "nrn_to": 11,
                "nrn_from": 5,
                "weight": 0.48303854441986693,
                "active": true
            },
            "22": {
                "nrn_to": 8,
                "nrn_from": 1,
                "weight": 0.14994516315152923,
                "active": true
            },
            "12": {
                "nrn_to": 10,
                "nrn_from": 4,
                "weight": -0.16704278118002308,
                "active": false
            },
            "45": {
                "nrn_to": 9,
                "nrn_from": 2,
                "weight": 0.1923732886334747,
                "active": true
            },
            "14": {
                "nrn_to": 8,
                "nrn_from": 2,
                "weight": -0.47072347766195294,
                "active": true
            }
        }
    }
}