{
    "Num species": 1,
    "Species 0 num animals": 60,
    "Species 0 top fitness": -36.32505987060831,
    "Species 0 mean fitness": -162.05344793455822,
    "Species 0 std fitness": 102.44492688091647,
    "Species 0 top animal N hidden neurons": 1,
    "Species 0 top animal N synapses": 9,
    "Species 0 top animal": {
        "neurons": {
            "0": {
                "type": "i",
                "bias": 0.009833618384328627
            },
            "1": {
                "type": "i",
                "bias": 0.011899170004773446
            },
            "2": {
                "type": "i",
                "bias": 0.15317972903034388
            },
            "3": {
                "type": "i",
                "bias": 0.26528129358701286
            },
            "4": {
                "type": "i",
                "bias": 0.2598244871079455
            },
            "5": {
                "type": "i",
                "bias": -0.09457900153961765
            },
            "6": {
                "type": "i",
                "bias": -0.026053439471737248
            },
            "7": {
                "type": "i",
                "bias": 0.02930225399151789
            },
            "8": {
                "type": "o",
                "bias": 0.08878045227227366
            },
            "9": {
                "type": "o",
                "bias": -0.4425486925363889
            },
            "10": {
                "type": "o",
                "bias": 0.1476309675303304
            },
            "11": {
                "type": "o",
                "bias": -0.03030697287699481
            },
            "44": {
                "type": "h",
                "bias": 0.001669550550800804
            }
        },
        "synapses": {
            "66": {
                "nrn_to": 44,
                "nrn_from": 2,
                "weight": -0.10566432915172815,
                "active": false
            },
            "37": {
                "nrn_to": 8,
                "nrn_from": 6,
                "weight": 0.5220146844595066,
                "active": true
            },
            "12": {
                "nrn_to": 9,
                "nrn_from": 6,
                "weight": 0.27946355093399666,
                "active": true
            },
            "45": {
                "active": true,
                "nrn_to": 44,
                "nrn_from": 6,
                "weight": 1.0952858548466224
            },
            "46": {
                "active": true,
                "nrn_to": 11,
                "nrn_from": 44,
                "weight": 0.4698569381384631
            },
            "19": {
                "nrn_to": 11,
                "nrn_from": 6,
                "weight": 0.2620993339435242,
                "active": false
            },
            "51": {
                "nrn_to": 44,
                "nrn_from": 4,
                "weight": 0.7138240235915484,
                "active": true
            },
            "26": {
                "nrn_to": 8,
                "nrn_from": 1,
                "weight": 0.17676687214919617,
                "active": false
            },
            "28": {
                "nrn_to": 9,
                "nrn_from": 1,
                "weight": 0.5071497330333913,
                "active": true
            }
        }
    }
}