{
    "Num species": 3,
    "Species 1 num animals": 35,
    "Species 1 top fitness": 121.94751934213254,
    "Species 1 mean fitness": -80.9272281339202,
    "Species 1 std fitness": 228.26080398292703,
    "Species 1 top animal N hidden neurons": 0,
    "Species 1 top animal N synapses": 9,
    "Species 1 top animal": {
        "neurons": {
            "0": {
                "type": "i",
                "bias": 0.19739840861356167
            },
            "1": {
                "type": "i",
                "bias": -0.01974145259661422
            },
            "2": {
                "type": "i",
                "bias": -0.2302922275868297
            },
            "3": {
                "type": "i",
                "bias": 0.5279091992961709
            },
            "4": {
                "type": "i",
                "bias": 0.601958774735132
            },
            "5": {
                "type": "i",
                "bias": 0.2687292464687623
            },
            "6": {
                "type": "i",
                "bias": -0.0843237746603469
            },
            "7": {
                "type": "i",
                "bias": -0.32526554684313314
            },
            "8": {
                "type": "o",
                "bias": -0.5070708489393458
            },
            "9": {
                "type": "o",
                "bias": 0.07017361956486097
            },
            "10": {
                "type": "o",
                "bias": 0.1181564249604196
            },
            "11": {
                "type": "o",
                "bias": 0.1632831655865612
            }
        },
        "synapses": {
            "13": {
                "nrn_to": 11,
                "nrn_from": 0,
                "weight": -0.2674733242515946,
                "active": false
            },
            "15": {
                "nrn_to": 11,
                "nrn_from": 5,
                "weight": 0.18854112811542392,
                "active": false
            },
            "16": {
                "nrn_to": 8,
                "nrn_from": 1,
                "weight": 0.2816825280245369,
                "active": false
            },
            "22": {
                "nrn_to": 9,
                "nrn_from": 0,
                "weight": 1.6591958086965126,
                "active": true
            },
            "23": {
                "nrn_to": 9,
                "nrn_from": 7,
                "weight": -0.28844670070119155,
                "active": true
            },
            "24": {
                "nrn_to": 9,
                "nrn_from": 4,
                "weight": -2.910413238339359,
                "active": true
            },
            "25": {
                "nrn_to": 10,
                "nrn_from": 5,
                "weight": 0.07327174660701873,
                "active": false
            },
            "28": {
                "nrn_to": 11,
                "nrn_from": 3,
                "weight": 0.2178765034241018,
                "active": true
            },
            "30": {
                "nrn_to": 9,
                "nrn_from": 5,
                "weight": -0.38982705567861453,
                "active": true
            }
        }
    },
    "Species 2 num animals": 10,
    "Species 2 top fitness": -37.71361004686752,
    "Species 2 mean fitness": -105.18872075854286,
    "Species 2 std fitness": 58.10803722303609,
    "Species 2 top animal N hidden neurons": 1,
    "Species 2 top animal N synapses": 11,
    "Species 2 top animal": {
        "neurons": {
            "0": {
                "type": "i",
                "bias": 0.8215353984728802
            },
            "1": {
                "type": "i",
                "bias": 0.034679067483061723
            },
            "2": {
                "type": "i",
                "bias": -0.3109521693858541
            },
            "3": {
                "type": "i",
                "bias": 0.5216777990443459
            },
            "4": {
                "type": "i",
                "bias": 0.23974543876693408
            },
            "5": {
                "type": "i",
                "bias": 0.22804293491046834
            },
            "6": {
                "type": "i",
                "bias": -0.04211866512153709
            },
            "7": {
                "type": "i",
                "bias": -0.3644098266035374
            },
            "8": {
                "type": "o",
                "bias": -0.14251736498531636
            },
            "9": {
                "type": "o",
                "bias": 0.017840704042398924
            },
            "10": {
                "type": "o",
                "bias": 0.06317409378524666
            },
            "11": {
                "type": "o",
                "bias": -0.019968877393652145
            },
            "147": {
                "type": "h",
                "bias": -0.11566888852094005
            }
        },
        "synapses": {
            "34": {
                "nrn_to": 10,
                "nrn_from": 7,
                "weight": 0.0998097505996234,
                "active": true
            },
            "163": {
                "nrn_to": 147,
                "nrn_from": 4,
                "weight": -0.010316188754864005,
                "active": true
            },
            "36": {
                "nrn_to": 11,
                "nrn_from": 4,
                "weight": 1.903392910761396,
                "active": true
            },
            "41": {
                "nrn_to": 8,
                "nrn_from": 5,
                "weight": -0.18367601433115827,
                "active": false
            },
            "13": {
                "nrn_to": 11,
                "nrn_from": 0,
                "weight": -0.14122197950278978,
                "active": false
            },
            "15": {
                "nrn_to": 11,
                "nrn_from": 5,
                "weight": 0.28645802190541464,
                "active": true
            },
            "16": {
                "nrn_to": 8,
                "nrn_from": 1,
                "weight": 0.22802892050603593,
                "active": true
            },
            "148": {
                "active": true,
                "nrn_to": 147,
                "nrn_from": 5,
                "weight": 1.0823505703046563
            },
            "149": {
                "active": false,
                "nrn_to": 8,
                "nrn_from": 147,
                "weight": -0.28958658254464853
            },
            "23": {
                "nrn_to": 9,
                "nrn_from": 7,
                "weight": 0.019704560711587257,
                "active": true
            },
            "24": {
                "nrn_to": 9,
                "nrn_from": 4,
                "weight": -1.1186814570655297,
                "active": true
            }
        }
    },
    "Species 0 num animals": 15,
    "Species 0 top fitness": 104.25015391585322,
    "Species 0 mean fitness": -45.40923888871925,
    "Species 0 std fitness": 289.7172001525333,
    "Species 0 top animal N hidden neurons": 0,
    "Species 0 top animal N synapses": 9,
    "Species 0 top animal": {
        "neurons": {
            "0": {
                "type": "i",
                "bias": 0.07076346915865768
            },
            "1": {
                "type": "i",
                "bias": -0.1056443920861124
            },
            "2": {
                "type": "i",
                "bias": -0.23458305520815906
            },
            "3": {
                "type": "i",
                "bias": 0.5175232001695385
            },
            "4": {
                "type": "i",
                "bias": 0.48131858037546843
            },
            "5": {
                "type": "i",
                "bias": 0.2404917665786876
            },
            "6": {
                "type": "i",
                "bias": -0.048741745777734644
            },