{
    "Num species": 1,
    "Species 0 num animals": 60,
    "Species 0 top fitness": -95.73978537483391,
    "Species 0 mean fitness": -170.0871204071395,
    "Species 0 std fitness": 147.94426242419877,
    "Species 0 top animal N hidden neurons": 0,
    "Species 0 top animal N synapses": 3,
    "Species 0 top animal": {
        "neurons": {
            "0": {
                "type": "i",
                "bias": 0.05190450421527918
            },
            "1": {
                "type": "i",
                "bias": 0.09616141331985606
            },
            "2": {
                "type": "i",
                "bias": -0.0983544693530082
            },
            "3": {
                "type": "i",
                "bias": 0.1890029825025023
            },
            "4": {
                "type": "i",
                "bias": -0.05454999934941
            },
            "5": {
                "type": "i",
                "bias": 0.07503153919083794
            },
            "6": {
                "type": "i",
                "bias": -0.03416501269459168
            },
            "7": {
                "type": "i",
                "bias": 0.07938869552618218
            },
            "8": {
                "type": "o",
                "bias": -0.01994097362023662
            },
            "9": {
                "type": "o",
                "bias": 0.016522987031688544
            },
            "10": {
                "type": "o",
                "bias": 0.018447085238382982
            },
            "11": {
                "type": "o",
                "bias": 0.01262610425041985
            }
        },
        "synapses": {
            "18": {
                "nrn_to": 11,
                "nrn_from": 5,
                "weight": 1.9089736870373657,
                "active": true
            },
            "26": {
                "nrn_to": 11,
                "nrn_from": 6,
                "weight": 0.833052937224931,
                "active": true
            },
            "20": {
                "nrn_to": 9,
                "nrn_from": 5,
                "weight": -0.004948819547730616,
                "active": true
            }
        }
    }
}