{
    "Num species": 1,
    "Species 0 num animals": 60,
    "Species 0 top fitness": -82.28605110205669,
    "Species 0 mean fitness": -146.68701205070542,
    "Species 0 std fitness": 75.16821871510766,
    "Species 0 top animal N hidden neurons": 0,
    "Species 0 top animal N synapses": 3,
    "Species 0 top animal": {
        "neurons": {
            "0": {
                "type": "i",
                "bias": -0.1474727245463128
            },
            "1": {
                "type": "i",
                "bias": -0.007737039204677642
            },
            "2": {
                "type": "i",
                "bias": -0.028074116527946384
            },
            "3": {
                "type": "i",
                "bias": -0.17337887174505867
            },
            "4": {
                "type": "i",
                "bias": 0.0005829849898053574
            },
            "5": {
                "type": "i",
                "bias": 0.08518277953673892
            },
            "6": {
                "type": "i",
                "bias": -0.0035239404388555037
            },
            "7": {
                "type": "i",
                "bias": 0.026419630010915532
            },
            "8": {
                "type": "o",
                "bias": -0.07661093272508648
            },
            "9": {
                "type": "o",
                "bias": -0.021021831505531403
            },
            "10": {
                "type": "o",
                "bias": 0.008398756299700896
            },
            "11": {
                "type": "o",
                "bias": 0.02576382369971283
            }
        },
        "synapses": {
            "24": {
                "nrn_to": 8,
                "nrn_from": 1,
                "weight": 0.1786433722300169,
                "active": true
            },
            "25": {
                "nrn_to": 11,
                "nrn_from": 6,
                "weight": -0.05465011660646103,
                "active": true
            },
            "35": {
                "nrn_to": 10,
                "nrn_from": 0,
                "weight": 0.08391029853826754,
                "active": true
            }
        }
    }
}