{
    "Num species": 3,
    "Species 0 num animals": 19,
    "Species 0 top fitness": -27.156168187019652,
    "Species 0 mean fitness": -88.31744244341922,
    "Species 0 std fitness": 55.77859821266067,
    "Species 0 top animal N hidden neurons": 0,
    "Species 0 top animal N synapses": 15,
    "Species 0 top animal": {
        "neurons": {
            "0": {
                "type": "i",
                "bias": -0.3102340934395251
            },
            "1": {
                "type": "i",
                "bias": 0.24530917946225966
            },
            "2": {
                "type": "i",
                "bias": -0.07700923587914961
            },
            "3": {
                "type": "i",
                "bias": 0.017436931703643552
            },
            "4": {
                "type": "i",
                "bias": 0.3302803025310219
            },
            "5": {
                "type": "i",
                "bias": 0.6111577368929113
            },
            "6": {
                "type": "i",
                "bias": -0.1958749411936687
            },
            "7": {
                "type": "i",
                "bias": 0.35327198160127166
            },
            "8": {
                "type": "o",
                "bias": -0.26463770704250056
            },
            "9": {
                "type": "o",
                "bias": -0.04408634961916373
            },
            "10": {
                "type": "o",
                "bias": 0.07126030958300578
            },
            "11": {
                "type": "o",
                "bias": 0.05459937894142326
            }
        },
        "synapses": {
            "32": {
                "nrn_to": 8,
                "nrn_from": 1,
                "weight": 0.3799453313913395,
                "active": true
            },
            "37": {
                "nrn_to": 11,
                "nrn_from": 0,
                "weight": -0.25698187550983814,
                "active": true
            },
            "39": {
                "nrn_to": 9,
                "nrn_from": 5,
                "weight": -0.09086022136053704,
                "active": true
            },
            "12": {
                "nrn_to": 9,
                "nrn_from": 7,
                "weight": 0.20268892457712392,
                "active": true
            },
            "13": {
                "nrn_to": 9,
                "nrn_from": 4,
                "weight": -0.23136772694194874,
                "active": true
            },
            "14": {
                "nrn_to": 9,
                "nrn_from": 0,
                "weight": 0.11722254708938018,
                "active": true
            },
            "16": {
                "nrn_to": 11,
                "nrn_from": 4,
                "weight": 1.2466466025853902,
                "active": true
            },
            "17": {
                "nrn_to": 8,
                "nrn_from": 7,
                "weight": -0.2582713371028966,
                "active": true
            },
            "18": {
                "nrn_to": 10,
                "nrn_from": 7,
                "weight": -0.6410099682431178,
                "active": true
            },
            "20": {
                "nrn_to": 11,
                "nrn_from": 1,
                "weight": -0.12904972148037605,
                "active": false
            },
            "22": {
                "nrn_to": 11,
                "nrn_from": 3,
                "weight": 0.008652874509275599,
                "active": false
            },
            "54": {
                "nrn_to": 9,
                "nrn_from": 1,
                "weight": 0.08475496649500183,
                "active": true
            },
            "24": {
                "nrn_to": 11,
                "nrn_from": 6,
                "weight": -0.17480612542583757,
                "active": false
            },
            "28": {
                "nrn_to": 8,
                "nrn_from": 2,
                "weight": 0.10316879675007602,
                "active": true
            },
            "31": {
                "nrn_to": 8,
                "nrn_from": 5,
                "weight": -0.3493575526299478,
                "active": true
            }
        }
    },
    "Species 2 num animals": 8,
    "Species 2 top fitness": -68.00289018423793,
    "Species 2 mean fitness": -108.72852274973181,
    "Species 2 std fitness": 53.91159824435713,
    "Species 2 top animal N hidden neurons": 1,
    "Species 2 top animal N synapses": 15,
    "Species 2 top animal": {
        "neurons": {
            "0": {
                "type": "i",
                "bias": -0.21448330195605192
            },
            "1": {
                "type": "i",
                "bias": 0.3162290424911688
            },
            "2": {
                "type": "i",
                "bias": 0.1022639970196769
            },
            "3": {
                "type": "i",
                "bias": -0.030941438724338077
            },
            "4": {
                "type": "i",
                "bias": 0.39390557236336293
            },
            "5": {
                "type": "i",
                "bias": 0.1793823086190097
            },
            "6": {
                "type": "i",
                "bias": -0.18140201115747262
            },
            "7": {
                "type": "i",
                "bias": 1.352644521881903
            },
            "8": {
                "type": "o",
                "bias": -0.2893806560505395
            },
            "9": {
                "type": "o",
                "bias": 0.09449893528920973
            },
            "10": {
                "type": "o",
                "bias": 0.1459419846439682
            },
            "11": {
                "type": "o",
                "bias": -0.09463235324579121
            },
            "131": {
                "type": "h",
                "bias": -0.14037734432108195
            }
        },
        "synapses": {
            "32": {
                "nrn_to": 8,
                "nrn_from": 1,
                "weight": 0.5687934606397015,
                "active": true
            },
            "132": {
                "active": true,
                "nrn_to": 131,
                "nrn_from": 7,
                "weight": 1.0
            },
            "133": {
                "active": true,
                "nrn_to": 9,
                "nrn_from": 131,
                "weight": 0.18650655671456437
            },
            "37": {
                "nrn_to": 11,
                "nrn_from": 0,
                "weight": -0.2646193952088127,
                "active": true
            },
            "39": {
                "nrn_to": 9,
                "nrn_from": 5,
                "weight": 0.2585434953495292,
                "active": false
            },
            "12": {
                "nrn_to": 9,
                "nrn_from": 7,
                "weight": 0.4470058410223943,
                "active": false
            },
            "13": {
                "nrn_to": 9,
                "nrn_from": 4,
                "weight": -0.2557572948683999,
                "active": true
            },
            "16": {
                "nrn_to": 11,
                "nrn_from": 4,
                "weight": 0.6633302350927337,
                "active": true
            },
            "17": {
                "nrn_to": 8,
                "nrn_from": 7,
                "weight": -0.11493477276150682,
                "active": false
            },
            "18": {
                "nrn_to": 10,
                "nrn_from": 7,
                "weight": -0.043114609999765595,
                "active": false
            },
            "50": {
                "nrn_to": 8,
                "nrn_from": 4,
                "weight": 0.36476335779412966,
                "active": true
            },
            "20": {
                "nrn_to": 11,