{
    "Num species": 2,
    "Species 1 num animals": 20,
    "Species 1 top fitness": -2.5730417026930925,
    "Species 1 mean fitness": -232.14576013043666,
    "Species 1 std fitness": 684.0862128018888,
    "Species 1 top animal N hidden neurons": 0,
    "Species 1 top animal N synapses": 7,
    "Species 1 top animal": {
        "neurons": {
            "0": {
                "type": "i",
                "bias": 0.10716552378198747
            },
            "1": {
                "type": "i",
                "bias": -0.06141261985849665
            },
            "2": {
                "type": "i",
                "bias": -0.17569880755730632
            },
            "3": {
                "type": "i",
                "bias": 0.49757484966191445
            },
            "4": {
                "type": "i",
                "bias": 0.11405945036123001
            },
            "5": {
                "type": "i",
                "bias": 0.3020722408457457
            },
            "6": {
                "type": "i",
                "bias": -0.14451630254790543
            },
            "7": {
                "type": "i",
                "bias": -0.3557168939617135
            },
            "8": {
                "type": "o",
                "bias": -0.15591844896352092
            },
            "9": {
                "type": "o",
                "bias": -0.02691056716232522
            },
            "10": {
                "type": "o",
                "bias": 0.08874130727042678
            },
            "11": {
                "type": "o",
                "bias": 0.10093751644371818
            }
        },
        "synapses": {
            "16": {
                "nrn_to": 8,
                "nrn_from": 1,
                "weight": 0.2755666667918739,
                "active": true
            },
            "18": {
                "nrn_to": 8,
                "nrn_from": 2,
                "weight": -0.05262666968533042,
                "active": true
            },
            "23": {
                "nrn_to": 9,
                "nrn_from": 7,
                "weight": -0.07577712899671316,
                "active": true
            },
            "24": {
                "nrn_to": 9,
                "nrn_from": 4,
                "weight": -2.361816530689332,
                "active": true
            },
            "28": {
                "nrn_to": 11,
                "nrn_from": 3,
                "weight": 0.11284141519432583,
                "active": true
            },
            "13": {
                "nrn_to": 11,
                "nrn_from": 0,
                "weight": -0.04051970097515752,
                "active": false
            },
            "15": {
                "nrn_to": 11,
                "nrn_from": 5,
                "weight": 0.9024609773676027,
                "active": true
            }
        }
    },
    "Species 0 num animals": 40,
    "Species 0 top fitness": 3.1386666929317144,
    "Species 0 mean fitness": -52.04096536683123,
    "Species 0 std fitness": 58.30294585135175,
    "Species 0 top animal N hidden neurons": 0,
    "Species 0 top animal N synapses": 7,
    "Species 0 top animal": {
        "neurons": {
            "0": {
                "type": "i",
                "bias": 0.3811529879781533
            },
            "1": {
                "type": "i",
                "bias": -0.10111751074213557
            },
            "2": {
                "type": "i",
                "bias": -0.2156497953781793
            },
            "3": {
                "type": "i",
                "bias": 0.5047317383918626
            },
            "4": {
                "type": "i",
                "bias": 0.4951510639412695
            },
            "5": {
                "type": "i",
                "bias": 0.2857828093596819
            },
            "6": {
                "type": "i",
                "bias": -0.1200962310520891
            },
            "7": {
                "type": "i",
                "bias": -0.1963127524807674
            },
            "8": {
                "type": "o",
                "bias": -0.1776158675260186
            },
            "9": {
                "type": "o",
                "bias": -0.01345528358116261
            },
            "10": {
                "type": "o",
                "bias": 0.07543103855126353
            },
            "11": {
                "type": "o",
                "bias": 0.10687791879108349
            }
        },
        "synapses": {
            "16": {
                "nrn_to": 8,
                "nrn_from": 1,
                "weight": 0.2755666667918739,
                "active": true
            },
            "22": {
                "nrn_to": 9,
                "nrn_from": 0,
                "weight": 0.42532903370277453,
                "active": true
            },
            "23": {
                "nrn_to": 9,
                "nrn_from": 7,
                "weight": -0.2649702155926948,
                "active": true
            },
            "24": {
                "nrn_to": 9,
                "nrn_from": 4,
                "weight": -2.398171467451177,
                "active": true
            },
            "28": {
                "nrn_to": 11,
                "nrn_from": 3,
                "weight": 0.1479744082474516,
                "active": true
            },
            "13": {
                "nrn_to": 11,
                "nrn_from": 0,
                "weight": -0.022981396564152823,
                "active": true
            },
            "15": {
                "nrn_to": 11,
                "nrn_from": 5,
                "weight": 0.2863915113350575,
                "active": true
            }
        }
    }
}