{
    "Num species": 2,
    "Species 0 num animals": 42,
    "Species 0 top fitness": -54.61476215001122,
    "Species 0 mean fitness": -108.88173330189358,
    "Species 0 std fitness": 65.85940545079067,
    "Species 0 top animal N hidden neurons": 1,
    "Species 0 top animal N synapses": 11,
    "Species 0 top animal": {
        "neurons": {
            "0": {
                "type": "i",
                "bias": -0.19667691654987082
            },
            "1": {
                "type": "i",
                "bias": -0.0029617862952374223
            },
            "2": {
                "type": "i",
                "bias": -0.009235271212768438
            },
            "3": {
                "type": "i",
                "bias": -0.1909845015089146
            },
            "4": {
                "type": "i",
                "bias": 0.23469160521857793
            },
            "5": {
                "type": "i",
                "bias": 0.028296405269249224
            },
            "6": {
                "type": "i",
                "bias": 0.04979302524201355
            },
            "7": {
                "type": "i",
                "bias": -0.14478846173007615
            },
            "8": {
                "type": "o",
                "bias": -0.2964235181167589
            },
            "9": {
                "type": "o",
                "bias": -0.12902967168938995
            },
            "10": {
                "type": "o",
                "bias": 0.21684729158234267
            },
            "11": {
                "type": "o",
                "bias": 0.03909297018287562
            },
            "56": {
                "type": "h",
                "bias": 0.0
            }
        },
        "synapses": {
            "66": {
                "nrn_to": 56,
                "nrn_from": 7,
                "weight": 0.019875457838147412,
                "active": false
            },
            "34": {
                "nrn_to": 9,
                "nrn_from": 3,
                "weight": -0.23104128436576396,
                "active": true
            },
            "71": {
                "nrn_to": 11,
                "nrn_from": 6,
                "weight": 0.2436161859580604,
                "active": true
            },
            "42": {
                "nrn_to": 10,
                "nrn_from": 5,
                "weight": 0.12266534799195927,
                "active": false
            },
            "12": {
                "nrn_to": 10,
                "nrn_from": 0,
                "weight": 0.16652949993747046,
                "active": true
            },
            "13": {
                "nrn_to": 8,
                "nrn_from": 1,
                "weight": 0.7924896081294197,
                "active": true
            },
            "16": {
                "nrn_to": 11,
                "nrn_from": 5,
                "weight": 0.36360375695032543,
                "active": false
            },
            "17": {
                "nrn_to": 9,
                "nrn_from": 5,
                "weight": -1.2688646249537392,
                "active": true
            },
            "18": {
                "nrn_to": 10,
                "nrn_from": 2,
                "weight": -0.03521939782146588,
                "active": true
            },
            "57": {
                "active": true,
                "nrn_to": 56,
                "nrn_from": 5,
                "weight": 0.7888593296750104
            },
            "58": {
                "active": true,
                "nrn_to": 11,
                "nrn_from": 56,
                "weight": 0.28265752569134084
            }
        }
    },
    "Species 1 num animals": 18,
    "Species 1 top fitness": -61.18903792413374,
    "Species 1 mean fitness": -102.19159600075012,
    "Species 1 std fitness": 28.289911304316785,
    "Species 1 top animal N hidden neurons": 1,
    "Species 1 top animal N synapses": 9,
    "Species 1 top animal": {
        "neurons": {
            "0": {
                "type": "i",
                "bias": -0.3722930732923099
            },
            "1": {
                "type": "i",
                "bias": 0.07635864657213684
            },
            "2": {
                "type": "i",
                "bias": 0.09403389933137582
            },
            "3": {
                "type": "i",
                "bias": -0.06431840391677127
            },
            "4": {
                "type": "i",
                "bias": 0.35444919872028924
            },
            "5": {
                "type": "i",
                "bias": 0.07745410511297804
            },
            "6": {
                "type": "i",
                "bias": 0.05400963107869958
            },
            "7": {
                "type": "i",
                "bias": -0.05056488455204099
            },
            "8": {
                "type": "o",
                "bias": -0.17358431506629216
            },
            "9": {
                "type": "o",
                "bias": -0.25748053564860907
            },
            "10": {
                "type": "o",
                "bias": 0.07444165909482504
            },
            "11": {
                "type": "o",
                "bias": -0.04360520616031602
            },
            "56": {
                "type": "h",
                "bias": 0.03606991087369617
            }
        },
        "synapses": {
            "66": {
                "nrn_to": 56,
                "nrn_from": 7,
                "weight": 0.27276835491819645,
                "active": false
            },
            "34": {
                "nrn_to": 9,
                "nrn_from": 3,
                "weight": -0.16324852868980114,
                "active": true
            },
            "71": {
                "nrn_to": 11,
                "nrn_from": 6,
                "weight": 0.294592174207723,
                "active": true
            },
            "42": {
                "nrn_to": 10,
                "nrn_from": 5,
                "weight": 0.012607646950171164,
                "active": false
            },
            "13": {
                "nrn_to": 8,
                "nrn_from": 1,
                "weight": 0.3726252506810671,
                "active": true
            },
            "16": {
                "nrn_to": 11,
                "nrn_from": 5,
                "weight": 0.7749936811983974,
                "active": false
            },
            "17": {
                "nrn_to": 9,
                "nrn_from": 5,
                "weight": -0.6220354474791483,
                "active": true
            },
            "57": {
                "active": true,
                "nrn_to": 56,
                "nrn_from": 5,
                "weight": 0.6232897493902126
            },
            "58": {
                "active": true,
                "nrn_to": 11,
                "nrn_from": 56,
                "weight": 1.3741188947164065
            }
        }
    }
}