{
    "Num species": 1,
    "Species 0 num animals": 60,
    "Species 0 top fitness": 79.40886899271234,
    "Species 0 mean fitness": -58.83883738310508,
    "Species 0 std fitness": 79.5891176400707,
    "Species 0 top animal N hidden neurons": 0,
    "Species 0 top animal N synapses": 6,
    "Species 0 top animal": {
        "neurons": {
            "0": {
                "type": "i",
                "bias": 0.2426450831763934
            },
            "1": {
                "type": "i",
                "bias": -0.03402687990987529
            },
            "2": {
                "type": "i",
                "bias": 0.1475946624864249
            },
            "3": {
                "type": "i",
                "bias": -0.11106065862956446
            },
            "4": {
                "type": "i",
                "bias": 0.010921672310240216
            },
            "5": {
                "type": "i",
                "bias": -0.10174772713661547
            },
            "6": {
                "type": "i",
                "bias": 0.2396638362846816
            },
            "7": {
                "type": "i",
                "bias": -0.10134656245219117
            },
            "8": {
                "type": "o",
                "bias": -0.11529305358765572
            },
            "9": {
                "type": "o",
                "bias": 0.017173257274130382
            },
            "10": {
                "type": "o",
                "bias": -0.015220697226460113
            },
            "11": {
                "type": "o",
                "bias": 0.06668466725994979
            }
        },
        "synapses": {
            "48": {
                "nrn_to": 10,
                "nrn_from": 3,
                "weight": -0.31899919723753156,
                "active": true
            },
            "33": {
                "nrn_to": 11,
                "nrn_from": 5,
                "weight": 0.5382602560503433,
                "active": true
            },
            "22": {
                "nrn_to": 8,
                "nrn_from": 1,
                "weight": 0.14269238057496766,
                "active": true
            },
            "23": {
                "nrn_to": 11,
                "nrn_from": 4,
                "weight": 0.2288576276512364,
                "active": true
            },
            "12": {
                "nrn_to": 10,
                "nrn_from": 4,
                "weight": -0.2205977830782929,
                "active": true
            },
            "45": {
                "nrn_to": 9,
                "nrn_from": 2,
                "weight": 0.32303622781863384,
                "active": true
            }
        }
    }
}