{
    "Num species": 1,
    "Species 0 num animals": 60,
    "Species 0 top fitness": -37.47698071392774,
    "Species 0 mean fitness": -113.04732174322154,
    "Species 0 std fitness": 59.46292058349788,
    "Species 0 top animal N hidden neurons": 0,
    "Species 0 top animal N synapses": 6,
    "Species 0 top animal": {
        "neurons": {
            "0": {
                "type": "i",
                "bias": 0.0012948393779512665
            },
            "1": {
                "type": "i",
                "bias": -0.004536467718420718
            },
            "2": {
                "type": "i",
                "bias": 0.07805897352777691
            },
            "3": {
                "type": "i",
                "bias": 0.30879604357970125
            },
            "4": {
                "type": "i",
                "bias": -0.04149211540313197
            },
            "5": {
                "type": "i",
                "bias": 0.007459707383044672
            },
            "6": {
                "type": "i",
                "bias": 0.2370493875637288
            },
            "7": {
                "type": "i",
                "bias": -0.010690227870807152
            },
            "8": {
                "type": "o",
                "bias": 0.17043713294004015
            },
            "9": {
                "type": "o",
                "bias": 0.0847971538227989
            },
            "10": {
                "type": "o",
                "bias": 0.09833245855395183
            },
            "11": {
                "type": "o",
                "bias": -0.029803577950931054
            }
        },
        "synapses": {
            "32": {
                "nrn_to": 8,
                "nrn_from": 6,
                "weight": -0.10510775955943202,
                "active": false
            },
            "48": {
                "nrn_to": 9,
                "nrn_from": 7,
                "weight": 0.16683247511429594,
                "active": false
            },
            "18": {
                "nrn_to": 9,
                "nrn_from": 4,
                "weight": -0.3540735923814445,
                "active": true
            },
            "19": {
                "nrn_to": 8,
                "nrn_from": 3,
                "weight": 0.633215951808932,
                "active": true
            },
            "22": {
                "nrn_to": 11,
                "nrn_from": 4,
                "weight": 1.0084239116503935,
                "active": true
            },
            "29": {
                "nrn_to": 11,
                "nrn_from": 5,
                "weight": 0.18833249134476043,
                "active": true
            }
        }
    }
}