{
    "Num species": 2,
    "Species 1 num animals": 14,
    "Species 1 top fitness": 17.697326845079147,
    "Species 1 mean fitness": -88.51349080633057,
    "Species 1 std fitness": 115.68671838867893,
    "Species 1 top animal N hidden neurons": 0,
    "Species 1 top animal N synapses": 8,
    "Species 1 top animal": {
        "neurons": {
            "0": {
                "type": "i",
                "bias": -0.3013874850289824
            },
            "1": {
                "type": "i",
                "bias": 0.16022553701355452
            },
            "2": {
                "type": "i",
                "bias": 0.06186852556277889
            },
            "3": {
                "type": "i",
                "bias": 0.0326825044396981
            },
            "4": {
                "type": "i",
                "bias": 0.010537417879370028
            },
            "5": {
                "type": "i",
                "bias": 0.17387973223817907
            },
            "6": {
                "type": "i",
                "bias": -0.24083363605117442
            },
            "7": {
                "type": "i",
                "bias": 0.061547588112037074
            },
            "8": {
                "type": "o",
                "bias": 0.12396787515542435
            },
            "9": {
                "type": "o",
                "bias": -0.04757686453871441
            },
            "10": {
                "type": "o",
                "bias": 0.0685990177876973
            },
            "11": {
                "type": "o",
                "bias": 0.020817183290195225
            }
        },
        "synapses": {
            "40": {
                "nrn_to": 8,
                "nrn_from": 3,
                "weight": 0.4912319749684622,
                "active": true
            },
            "12": {
                "nrn_to": 9,
                "nrn_from": 2,
                "weight": 0.34770353710066604,
                "active": true
            },
            "13": {
                "nrn_to": 8,
                "nrn_from": 7,
                "weight": 0.13187879495415744,
                "active": false
            },
            "18": {
                "nrn_to": 8,
                "nrn_from": 5,
                "weight": 0.141705254324413,
                "active": true
            },
            "19": {
                "nrn_to": 8,
                "nrn_from": 6,
                "weight": 0.21169860905560756,
                "active": true
            },
            "21": {
                "nrn_to": 8,
                "nrn_from": 1,
                "weight": 0.36320021544642045,
                "active": true
            },
            "22": {
                "nrn_to": 9,
                "nrn_from": 4,
                "weight": -2.3843373971156923,
                "active": true
            },
            "30": {
                "nrn_to": 11,
                "nrn_from": 5,
                "weight": 0.20322807549833227,
                "active": true
            }
        }
    },
    "Species 0 num animals": 46,
    "Species 0 top fitness": 222.24719008607565,
    "Species 0 mean fitness": 104.13528724900299,
    "Species 0 std fitness": 84.28502553559643,
    "Species 0 top animal N hidden neurons": 1,
    "Species 0 top animal N synapses": 15,
    "Species 0 top animal": {
        "neurons": {
            "0": {
                "type": "i",
                "bias": 0.4970743737082884
            },
            "1": {
                "type": "i",
                "bias": 0.0014404718876773748
            },
            "2": {
                "type": "i",
                "bias": 0.011978394447312538
            },
            "3": {
                "type": "i",
                "bias": 0.10029011932566342
            },
            "4": {
                "type": "i",
                "bias": 0.14846503910487013
            },
            "5": {
                "type": "i",
                "bias": -0.14562917939267986
            },
            "6": {
                "type": "i",
                "bias": -0.054665132194116575
            },
            "7": {
                "type": "i",
                "bias": 0.19181544003711581
            },
            "8": {
                "type": "o",
                "bias": 0.11351633672459972
            },
            "9": {
                "type": "o",
                "bias": 0.027562658682148113
            },
            "10": {
                "type": "o",
                "bias": -0.0551547289434772
            },
            "11": {
                "type": "o",
                "bias": 0.05451176559124536
            },
            "88": {
                "type": "h",
                "bias": -0.046874177772245035
            }
        },
        "synapses": {
            "26": {
                "nrn_to": 9,
                "nrn_from": 0,
                "weight": 0.30455500024297194,
                "active": true
            },
            "37": {
                "nrn_to": 11,
                "nrn_from": 2,
                "weight": -0.39090170622301784,
                "active": true
            },
            "40": {
                "nrn_to": 8,
                "nrn_from": 3,
                "weight": 0.2892654685646564,
                "active": true
            },
            "105": {
                "nrn_to": 88,
                "nrn_from": 7,
                "weight": -0.21114739761467,
                "active": true
            },
            "13": {
                "nrn_to": 8,
                "nrn_from": 7,
                "weight": 0.156665051644538,
                "active": false
            },
            "15": {
                "nrn_to": 8,
                "nrn_from": 2,
                "weight": -0.34141989449159,
                "active": true
            },
            "19": {
                "nrn_to": 8,
                "nrn_from": 6,
                "weight": 0.5230165858705613,
                "active": false
            },
            "21": {
                "nrn_to": 8,
                "nrn_from": 1,
                "weight": 0.3210134152579173,
                "active": false
            },
            "22": {
                "nrn_to": 9,
                "nrn_from": 4,
                "weight": -1.1424113737068164,
                "active": true
            },
            "30": {
                "nrn_to": 11,
                "nrn_from": 5,
                "weight": 0.2816163925213166,
                "active": true
            },
            "24": {
                "nrn_to": 10,
                "nrn_from": 3,
                "weight": -0.6179063406128847,
                "active": true
            },
            "89": {
                "active": true,
                "nrn_to": 88,
                "nrn_from": 5,
                "weight": 0.5731944985457157
            },
            "90": {
                "active": true,
                "nrn_to": 11,
                "nrn_from": 88,
                "weight": 0.4600465185287985
            },
            "54": {
                "nrn_to": 10,
                "nrn_from": 5,
                "weight": -0.13939586603508222,
                "active": true
            },
            "94": {
                "nrn_to": 88,
                "nrn_from": 4,
                "weight": 0.03925181764203069,
                "active": true
            }
        }
    }
}