{
    "Num species": 1,
    "Species 0 num animals": 30,
    "Species 0 top fitness": -74.50453481281747,
    "Species 0 mean fitness": -106.19724638246346,
    "Species 0 std fitness": 49.80205789682074,
    "Species 0 top animal N hidden neurons": 0,
    "Species 0 top animal N synapses": 4,
    "Species 0 top animal": {
        "neurons": {
            "0": {
                "type": "i",
                "bias": 0.1360765550689853
            },
            "1": {
                "type": "i",
                "bias": -0.23407006274239167
            },
            "2": {
                "type": "i",
                "bias": 0.22314314410354852
            },
            "3": {
                "type": "i",
                "bias": -0.15630707529245239
            },
            "4": {
                "type": "i",
                "bias": 0.12076242862734764
            },
            "5": {
                "type": "i",
                "bias": 0.19701181896796244
            },
            "6": {
                "type": "i",
                "bias": -0.026900612627601548
            },
            "7": {
                "type": "i",
                "bias": -0.08409770006478896
            },
            "8": {
                "type": "o",
                "bias": -0.14058868787391438
            },
            "9": {
                "type": "o",
                "bias": -0.04239081186174059
            },
            "10": {
                "type": "o",
                "bias": 0.1392765128087544
            },
            "11": {
                "type": "o",
                "bias": -0.1872938469405774
            }
        },
        "synapses": {
            "13": {
                "nrn_to": 8,
                "nrn_from": 1,
                "weight": 0.3167119723851818,
                "active": true
            },
            "36": {
                "nrn_to": 11,
                "nrn_from": 2,
                "weight": -0.5080394994665648,
                "active": true
            },
            "12": {
                "nrn_to": 10,
                "nrn_from": 6,
                "weight": -0.7536809331697712,
                "active": true
            },
            "46": {
                "nrn_to": 9,
                "nrn_from": 0,
                "weight": 0.3735462861868765,
                "active": true
            }
        }
    }
}