{
    "Num species": 2,
    "Species 0 num animals": 44,
    "Species 0 top fitness": 202.9790421583652,
    "Species 0 mean fitness": 48.53461482386979,
    "Species 0 std fitness": 165.0634105575187,
    "Species 0 top animal N hidden neurons": 0,
    "Species 0 top animal N synapses": 17,
    "Species 0 top animal": {
        "neurons": {
            "0": {
                "type": "i",
                "bias": -0.08266275293037739
            },
            "1": {
                "type": "i",
                "bias": -0.46634935972239205
            },
            "2": {
                "type": "i",
                "bias": 0.02561665655015853
            },
            "3": {
                "type": "i",
                "bias": -0.1696375310598851
            },
            "4": {
                "type": "i",
                "bias": 0.24843910657952528
            },
            "5": {
                "type": "i",
                "bias": 0.28792011640285203
            },
            "6": {
                "type": "i",
                "bias": -0.10401212716234076
            },
            "7": {
                "type": "i",
                "bias": -0.09186779621183126
            },
            "8": {
                "type": "o",
                "bias": 0.20282439450880868
            },
            "9": {
                "type": "o",
                "bias": 0.13938263511006316
            },
            "10": {
                "type": "o",
                "bias": 0.13949376902699578
            },
            "11": {
                "type": "o",
                "bias": 0.02393235278772557
            }
        },
        "synapses": {
            "13": {
                "nrn_to": 8,
                "nrn_from": 3,
                "weight": 0.4751054122767868,
                "active": true
            },
            "14": {
                "nrn_to": 10,
                "nrn_from": 5,
                "weight": 0.2167731576461338,
                "active": false
            },
            "15": {
                "nrn_to": 9,
                "nrn_from": 6,
                "weight": -0.23357909190355283,
                "active": false
            },
            "16": {
                "nrn_to": 9,
                "nrn_from": 1,
                "weight": -0.009610696932559237,
                "active": false
            },
            "23": {
                "nrn_to": 8,
                "nrn_from": 5,
                "weight": 0.1842664338882969,
                "active": true
            },
            "24": {
                "nrn_to": 8,
                "nrn_from": 1,
                "weight": 0.03773162091500618,
                "active": false
            },
            "25": {
                "nrn_to": 11,
                "nrn_from": 6,
                "weight": 0.14262182829821343,
                "active": false
            },
            "26": {
                "nrn_to": 9,
                "nrn_from": 0,
                "weight": 0.17958175724365938,
                "active": true
            },
            "28": {
                "nrn_to": 10,
                "nrn_from": 3,
                "weight": -0.48177244358416915,
                "active": true
            },
            "29": {
                "nrn_to": 11,
                "nrn_from": 2,
                "weight": 0.1331946525259703,
                "active": false
            },
            "32": {
                "nrn_to": 9,
                "nrn_from": 2,
                "weight": 0.5357353192397767,
                "active": true
            },
            "33": {
                "nrn_to": 10,
                "nrn_from": 7,
                "weight": -0.10940154911547811,
                "active": true
            },
            "35": {
                "nrn_to": 10,
                "nrn_from": 0,
                "weight": -0.015955337344403707,
                "active": false
            },
            "36": {
                "nrn_to": 11,
                "nrn_from": 4,
                "weight": 2.1230341000482147,
                "active": true
            },
            "37": {
                "nrn_to": 9,
                "nrn_from": 7,
                "weight": -0.34003954153551025,
                "active": true
            },
            "39": {
                "nrn_to": 11,
                "nrn_from": 0,
                "weight": -0.31200827908218143,
                "active": true
            },
            "41": {
                "nrn_to": 9,
                "nrn_from": 4,
                "weight": -0.8035587033084716,
                "active": true
            }
        }
    },
    "Species 1 num animals": 16,
    "Species 1 top fitness": -6.098511270997834,
    "Species 1 mean fitness": -99.5643629558397,
    "Species 1 std fitness": 125.88478645891588,
    "Species 1 top animal N hidden neurons": 0,
    "Species 1 top animal N synapses": 11,
    "Species 1 top animal": {
        "neurons": {
            "0": {
                "type": "i",
                "bias": 0.04743165657937165
            },
            "1": {
                "type": "i",
                "bias": 0.030449881469365093
            },
            "2": {
                "type": "i",
                "bias": 0.14522694169492048
            },
            "3": {
                "type": "i",
                "bias": -0.00581156815120706
            },
            "4": {
                "type": "i",
                "bias": -0.04057599806098385
            },
            "5": {
                "type": "i",
                "bias": 0.2320281603557876
            },
            "6": {
                "type": "i",
                "bias": 0.0029437349721005562
            },
            "7": {
                "type": "i",
                "bias": 0.17458847554885143
            },
            "8": {
                "type": "o",
                "bias": 0.012097006336949573
            },
            "9": {
                "type": "o",
                "bias": 0.09972695055774713
            },
            "10": {
                "type": "o",
                "bias": 0.083099700976037
            },
            "11": {
                "type": "o",
                "bias": 0.032625777835096736
            }
        },
        "synapses": {
            "33": {
                "nrn_to": 10,
                "nrn_from": 7,
                "weight": 0.01979729753454678,
                "active": false
            },
            "35": {
                "nrn_to": 10,
                "nrn_from": 0,
                "weight": -0.0010171566923108284,
                "active": false
            },
            "36": {
                "nrn_to": 11,
                "nrn_from": 4,
                "weight": 1.1516004674655278,
                "active": true
            },
            "37": {
                "nrn_to": 9,
                "nrn_from": 7,
                "weight": -0.4221509524319823,
                "active": true
            },
            "39": {
                "nrn_to": 11,
                "nrn_from": 0,
                "weight": -0.521297796500329,
                "active": true
            },
            "14": {
                "nrn_to": 10,
                "nrn_from": 5,
                "weight": 1.1411958512337579,
                "active": true
            },
            "15": {
                "nrn_to": 9,
                "nrn_from": 6,
                "weight": -0.5838341569676783,
                "active": true
            },
            "16": {
                "nrn_to": 9,
                "nrn_from": 1,
                "weight": 0.18168141611567867,
                "active": false
            },
            "18": {
                "nrn_to": 8,
                "nrn_from": 7,
                "weight": -1.5324853654542343,
                "active": true
            },
            "24": {
                "nrn_to": 8,
                "nrn_from": 1,
                "weight": 0.0957169681504548,