{
    "Num species": 1,
    "Species 0 num animals": 60,
    "Species 0 top fitness": 204.13705808048962,
    "Species 0 mean fitness": 19.13063257500528,
    "Species 0 std fitness": 148.74731483127448,
    "Species 0 top animal N hidden neurons": 0,
    "Species 0 top animal N synapses": 12,
    "Species 0 top animal": {
        "neurons": {
            "0": {
                "type": "i",
                "bias": -0.34137570480232604
            },
            "1": {
                "type": "i",
                "bias": 0.3319183787460795
            },
            "2": {
                "type": "i",
                "bias": 0.10071445156420257
            },
            "3": {
                "type": "i",
                "bias": 0.1835340755695611
            },
            "4": {
                "type": "i",
                "bias": 0.25824783159385734
            },
            "5": {
                "type": "i",
                "bias": 0.28326205508346175
            },
            "6": {
                "type": "i",
                "bias": 0.05721544950351034
            },
            "7": {
                "type": "i",
                "bias": -0.08669681776460189
            },
            "8": {
                "type": "o",
                "bias": 0.21867697575700853
            },
            "9": {
                "type": "o",
                "bias": 0.1207788525510292
            },
            "10": {
                "type": "o",
                "bias": 0.12293893193032246
            },
            "11": {
                "type": "o",
                "bias": 0.08298026256413846
            }
        },
        "synapses": {
            "32": {
                "nrn_to": 8,
                "nrn_from": 6,
                "weight": -0.18107006130571465,
                "active": false
            },
            "34": {
                "nrn_to": 11,
                "nrn_from": 2,
                "weight": -0.22126751304339706,
                "active": true
            },
            "41": {
                "nrn_to": 11,
                "nrn_from": 3,
                "weight": 0.07143284050650947,
                "active": true
            },
            "42": {
                "nrn_to": 11,
                "nrn_from": 0,
                "weight": -0.47828958413927003,
                "active": true
            },
            "43": {
                "nrn_to": 9,
                "nrn_from": 6,
                "weight": -0.3755702168122026,
                "active": true
            },
            "48": {
                "nrn_to": 9,
                "nrn_from": 7,
                "weight": 0.21240854268954884,
                "active": false
            },
            "18": {
                "nrn_to": 9,
                "nrn_from": 4,
                "weight": -0.12635280842303623,
                "active": false
            },
            "19": {
                "nrn_to": 8,
                "nrn_from": 3,
                "weight": 0.7030309908662962,
                "active": true
            },
            "21": {
                "nrn_to": 8,
                "nrn_from": 4,
                "weight": 0.4135241932907316,
                "active": true
            },
            "22": {
                "nrn_to": 11,
                "nrn_from": 4,
                "weight": 1.1135702667030656,
                "active": true
            },
            "28": {
                "nrn_to": 9,
                "nrn_from": 3,
                "weight": 0.187584443154472,
                "active": true
            },
            "29": {
                "nrn_to": 11,
                "nrn_from": 5,
                "weight": 0.5846096005582588,
                "active": true
            }
        }
    }
}