{
    "Num species": 1,
    "Species 0 num animals": 30,
    "Species 0 top fitness": -55.21511173663343,
    "Species 0 mean fitness": -91.18165676570494,
    "Species 0 std fitness": 33.74222997286033,
    "Species 0 top animal N hidden neurons": 0,
    "Species 0 top animal N synapses": 6,
    "Species 0 top animal": {
        "neurons": {
            "0": {
                "type": "i",
                "bias": 0.1848158294708961
            },
            "1": {
                "type": "i",
                "bias": -0.137120814413387
            },
            "2": {
                "type": "i",
                "bias": 0.12996602244402886
            },
            "3": {
                "type": "i",
                "bias": -0.15837796398567372
            },
            "4": {
                "type": "i",
                "bias": 0.07864943273294445
            },
            "5": {
                "type": "i",
                "bias": 0.2710097308241146
            },
            "6": {
                "type": "i",
                "bias": -0.07152571878854497
            },
            "7": {
                "type": "i",
                "bias": 0.052348769254364366
            },
            "8": {
                "type": "o",
                "bias": -0.1863606091376049
            },
            "9": {
                "type": "o",
                "bias": -0.09109458176142132
            },
            "10": {
                "type": "o",
                "bias": 0.11706883418529075
            },
            "11": {
                "type": "o",
                "bias": -0.2559054702752813
            }
        },
        "synapses": {
            "36": {
                "nrn_to": 11,
                "nrn_from": 2,
                "weight": -0.5866527201244952,
                "active": true
            },
            "41": {
                "nrn_to": 11,
                "nrn_from": 7,
                "weight": 0.04176361229417928,
                "active": false
            },
            "12": {
                "nrn_to": 10,
                "nrn_from": 6,
                "weight": -0.4142612834074231,
                "active": true
            },
            "13": {
                "nrn_to": 8,
                "nrn_from": 1,
                "weight": 0.3870351142713757,
                "active": true
            },
            "46": {
                "nrn_to": 9,
                "nrn_from": 0,
                "weight": 0.2580509141892,
                "active": true
            },
            "31": {
                "nrn_to": 11,
                "nrn_from": 1,
                "weight": 0.08628515242560943,
                "active": true
            }
        }
    }
}