{
    "Num species": 2,
    "Species 0 num animals": 21,
    "Species 0 top fitness": -61.92009171766509,
    "Species 0 mean fitness": -168.65906115165936,
    "Species 0 std fitness": 125.3843356817632,
    "Species 0 top animal N hidden neurons": 0,
    "Species 0 top animal N synapses": 6,
    "Species 0 top animal": {
        "neurons": {
            "0": {
                "type": "i",
                "bias": 0.6007498168300706
            },
            "1": {
                "type": "i",
                "bias": 0.06711845748342121
            },
            "2": {
                "type": "i",
                "bias": -0.3255893242294695
            },
            "3": {
                "type": "i",
                "bias": 0.4191200234149945
            },
            "4": {
                "type": "i",
                "bias": -0.11274076219983281
            },
            "5": {
                "type": "i",
                "bias": -0.4734337845960167
            },
            "6": {
                "type": "i",
                "bias": 0.1732887432563725
            },
            "7": {
                "type": "i",
                "bias": 0.22647943111456903
            },
            "8": {
                "type": "o",
                "bias": -0.1698732305281836
            },
            "9": {
                "type": "o",
                "bias": 0.05422319955818432
            },
            "10": {
                "type": "o",
                "bias": 0.05608688227060937
            },
            "11": {
                "type": "o",
                "bias": 0.018147446614957728
            }
        },
        "synapses": {
            "32": {
                "nrn_to": 8,
                "nrn_from": 1,
                "weight": 0.16792644871515236,
                "active": true
            },
            "34": {
                "nrn_to": 8,
                "nrn_from": 6,
                "weight": -0.2725605946635785,
                "active": true
            },
            "22": {
                "nrn_to": 11,
                "nrn_from": 0,
                "weight": -0.4929501508402423,
                "active": true
            },
            "13": {
                "nrn_to": 9,
                "nrn_from": 4,
                "weight": -0.1829054974368311,
                "active": true
            },
            "14": {
                "nrn_to": 8,
                "nrn_from": 5,
                "weight": 0.6728920424251595,
                "active": true
            },
            "31": {
                "nrn_to": 11,
                "nrn_from": 5,
                "weight": 0.9662857347059435,
                "active": true
            }
        }
    },
    "Species 1 num animals": 39,
    "Species 1 top fitness": -12.952995845561299,
    "Species 1 mean fitness": -65.36395008856928,
    "Species 1 std fitness": 49.951380367337336,
    "Species 1 top animal N hidden neurons": 0,
    "Species 1 top animal N synapses": 7,
    "Species 1 top animal": {
        "neurons": {
            "0": {
                "type": "i",
                "bias": 0.13871382933508872
            },
            "1": {
                "type": "i",
                "bias": 0.12810616813739734
            },
            "2": {
                "type": "i",
                "bias": -0.3978400013858503
            },
            "3": {
                "type": "i",
                "bias": 0.1974333612371022
            },
            "4": {
                "type": "i",
                "bias": -0.17956220177311202
            },
            "5": {
                "type": "i",
                "bias": -0.09024099966924573
            },
            "6": {
                "type": "i",
                "bias": 0.09835306197690007
            },
            "7": {
                "type": "i",
                "bias": -0.014180670480346325
            },
            "8": {
                "type": "o",
                "bias": -0.17407841690453726
            },
            "9": {
                "type": "o",
                "bias": -0.09564801896529052
            },
            "10": {
                "type": "o",
                "bias": 0.11688116760546942
            },
            "11": {
                "type": "o",
                "bias": 0.17021260212043543
            }
        },
        "synapses": {
            "32": {
                "nrn_to": 8,
                "nrn_from": 1,
                "weight": 0.3713634661389631,
                "active": true
            },
            "24": {
                "nrn_to": 10,
                "nrn_from": 7,
                "weight": 0.15687569977200505,
                "active": true
            },
            "26": {
                "nrn_to": 11,
                "nrn_from": 7,
                "weight": 0.2182789587399491,
                "active": true
            },
            "43": {
                "nrn_to": 9,
                "nrn_from": 1,
                "weight": 0.3215021148073669,
                "active": true
            },
            "13": {
                "nrn_to": 9,
                "nrn_from": 4,
                "weight": -0.7910339799888157,
                "active": true
            },
            "14": {
                "nrn_to": 8,
                "nrn_from": 5,
                "weight": 0.2165863543131492,
                "active": true
            },
            "31": {
                "nrn_to": 11,
                "nrn_from": 5,
                "weight": 1.043334559890347,
                "active": true
            }
        }
    }
}