{
    "Num species": 2,
    "Species 1 num animals": 46,
    "Species 1 top fitness": -18.044346400873238,
    "Species 1 mean fitness": -44.649452117726675,
    "Species 1 std fitness": 34.322169404139146,
    "Species 1 top animal N hidden neurons": 0,
    "Species 1 top animal N synapses": 5,
    "Species 1 top animal": {
        "neurons": {
            "0": {
                "type": "i",
                "bias": 0.2974029405265899
            },
            "1": {
                "type": "i",
                "bias": -0.10435558113797588
            },
            "2": {
                "type": "i",
                "bias": 0.5498102674348431
            },
            "3": {
                "type": "i",
                "bias": -0.20047959220158046
            },
            "4": {
                "type": "i",
                "bias": 0.2147559949165382
            },
            "5": {
                "type": "i",
                "bias": -0.19300801317441577
            },
            "6": {
                "type": "i",
                "bias": 0.006515973820939252
            },
            "7": {
                "type": "i",
                "bias": -0.03577635783678107
            },
            "8": {
                "type": "o",
                "bias": -0.031179057758218012
            },
            "9": {
                "type": "o",
                "bias": -0.05026261985816583
            },
            "10": {
                "type": "o",
                "bias": -0.11972812387828698
            },
            "11": {
                "type": "o",
                "bias": 0.010750924674994874
            }
        },
        "synapses": {
            "16": {
                "nrn_to": 9,
                "nrn_from": 1,
                "weight": 0.1579561211295334,
                "active": true
            },
            "34": {
                "nrn_to": 11,
                "nrn_from": 7,
                "weight": 0.14460844472136394,
                "active": true
            },
            "39": {
                "nrn_to": 11,
                "nrn_from": 4,
                "weight": 1.8257194236906376,
                "active": true
            },
            "24": {
                "nrn_to": 10,
                "nrn_from": 3,
                "weight": -0.275640691949745,
                "active": true
            },
            "29": {
                "nrn_to": 9,
                "nrn_from": 5,
                "weight": -0.4620331871072353,
                "active": true
            }
        }
    },
    "Species 0 num animals": 14,
    "Species 0 top fitness": -16.704691990636586,
    "Species 0 mean fitness": -50.373348539504434,
    "Species 0 std fitness": 31.16847825669869,
    "Species 0 top animal N hidden neurons": 0,
    "Species 0 top animal N synapses": 5,
    "Species 0 top animal": {
        "neurons": {
            "0": {
                "type": "i",
                "bias": 0.14870147026329494
            },
            "1": {
                "type": "i",
                "bias": -0.07231124886214374
            },
            "2": {
                "type": "i",
                "bias": 0.6804791680765145
            },
            "3": {
                "type": "i",
                "bias": -0.22924648672762946
            },
            "4": {
                "type": "i",
                "bias": 0.2147559949165382
            },
            "5": {
                "type": "i",
                "bias": -0.17589817185250892
            },
            "6": {
                "type": "i",
                "bias": 0.020142287108384754
            },
            "7": {
                "type": "i",
                "bias": -0.11591249299907767
            },
            "8": {
                "type": "o",
                "bias": -0.062358115516436025
            },
            "9": {
                "type": "o",
                "bias": -0.11399478128060536
            },
            "10": {
                "type": "o",
                "bias": -0.16171883975484624
            },
            "11": {
                "type": "o",
                "bias": 0.010750924674994874
            }
        },
        "synapses": {
            "16": {
                "nrn_to": 9,
                "nrn_from": 1,
                "weight": 0.2544577627240655,
                "active": true
            },
            "34": {
                "nrn_to": 11,
                "nrn_from": 7,
                "weight": 0.2511720950493129,
                "active": true
            },
            "39": {
                "nrn_to": 11,
                "nrn_from": 4,
                "weight": 0.9339388466719888,
                "active": true
            },
            "24": {
                "nrn_to": 10,
                "nrn_from": 3,
                "weight": -0.35523375223214565,
                "active": true
            },
            "29": {
                "nrn_to": 9,
                "nrn_from": 5,
                "weight": -0.4620331871072353,
                "active": true
            }
        }
    }
}