{
    "Num species": 4,
    "Species 2 num animals": 25,
    "Species 2 top fitness": -34.18080942135994,
    "Species 2 mean fitness": -146.49879832493986,
    "Species 2 std fitness": 144.09543920320766,
    "Species 2 top animal N hidden neurons": 1,
    "Species 2 top animal N synapses": 12,
    "Species 2 top animal": {
        "neurons": {
            "0": {
                "type": "i",
                "bias": -0.08605717966977258
            },
            "1": {
                "type": "i",
                "bias": -0.14624309984864212
            },
            "2": {
                "type": "i",
                "bias": 0.16239265641174924
            },
            "3": {
                "type": "i",
                "bias": 0.1608363916247939
            },
            "4": {
                "type": "i",
                "bias": 0.5666847437843919
            },
            "5": {
                "type": "i",
                "bias": 0.1442588786840982
            },
            "6": {
                "type": "i",
                "bias": -0.160785427269448
            },
            "7": {
                "type": "i",
                "bias": 0.21372685478259829
            },
            "8": {
                "type": "o",
                "bias": -0.08358977891981453
            },
            "9": {
                "type": "o",
                "bias": -0.3574696433050512
            },
            "10": {
                "type": "o",
                "bias": 0.1380667618580398
            },
            "11": {
                "type": "o",
                "bias": 0.011852297606337443
            },
            "44": {
                "type": "h",
                "bias": -0.021543190944665565
            }
        },
        "synapses": {
            "37": {
                "nrn_to": 8,
                "nrn_from": 6,
                "weight": 0.46665629469605163,
                "active": true
            },
            "38": {
                "nrn_to": 9,
                "nrn_from": 5,
                "weight": -0.4415006593120344,
                "active": true
            },
            "40": {
                "nrn_to": 8,
                "nrn_from": 0,
                "weight": -0.12724954363555785,
                "active": false
            },
            "12": {
                "nrn_to": 9,
                "nrn_from": 6,
                "weight": 0.5163801273450888,
                "active": true
            },
            "45": {
                "active": true,
                "nrn_to": 44,
                "nrn_from": 6,
                "weight": 3.0
            },
            "14": {
                "nrn_to": 8,
                "nrn_from": 2,
                "weight": 0.08641824196477216,
                "active": false
            },
            "46": {
                "active": true,
                "nrn_to": 11,
                "nrn_from": 44,
                "weight": 0.5343633978202533
            },
            "16": {
                "nrn_to": 11,
                "nrn_from": 5,
                "weight": -0.07557695110728634,
                "active": true
            },
            "19": {
                "nrn_to": 11,
                "nrn_from": 6,
                "weight": 0.15383220215576857,
                "active": false
            },
            "51": {
                "nrn_to": 44,
                "nrn_from": 4,
                "weight": 0.8111736752202792,
                "active": true
            },
            "26": {
                "nrn_to": 8,
                "nrn_from": 1,
                "weight": 0.31353097769257426,
                "active": true
            },
            "28": {
                "nrn_to": 9,
                "nrn_from": 1,
                "weight": 0.4734269764558999,
                "active": true
            }
        }
    },
    "Species 0 num animals": 6,
    "Species 0 top fitness": -67.9258477779221,
    "Species 0 mean fitness": -157.66552735285342,
    "Species 0 std fitness": 96.78849548867134,
    "Species 0 top animal N hidden neurons": 1,
    "Species 0 top animal N synapses": 11,
    "Species 0 top animal": {
        "neurons": {
            "0": {
                "type": "i",
                "bias": 0.04413951498515661
            },
            "1": {
                "type": "i",
                "bias": 0.01608661608805219
            },
            "2": {
                "type": "i",
                "bias": 0.3328405179792328
            },
            "3": {
                "type": "i",
                "bias": 0.19299194141052567
            },
            "4": {
                "type": "i",
                "bias": 0.399129762027436
            },
            "5": {
                "type": "i",
                "bias": 0.056387326605203396
            },
            "6": {
                "type": "i",
                "bias": -0.16790520546374382
            },
            "7": {
                "type": "i",
                "bias": -0.013110767567463624
            },
            "8": {
                "type": "o",
                "bias": 0.018879917285271015
            },
            "9": {
                "type": "o",
                "bias": -0.47370444686630486
            },
            "10": {
                "type": "o",
                "bias": 0.22074924228634718
            },
            "11": {
                "type": "o",
                "bias": 0.03934349169603591
            },
            "44": {
                "type": "h",
                "bias": -0.012224678771386647
            }
        },
        "synapses": {
            "65": {
                "nrn_to": 44,
                "nrn_from": 0,
                "weight": -0.920331996923389,
                "active": false
            },
            "66": {
                "nrn_to": 44,
                "nrn_from": 2,
                "weight": -0.03825439518327048,
                "active": false
            },
            "37": {
                "nrn_to": 8,
                "nrn_from": 6,
                "weight": 0.4255702259767232,
                "active": true
            },
            "12": {
                "nrn_to": 9,
                "nrn_from": 6,
                "weight": 0.6544398356202513,
                "active": true
            },
            "45": {
                "active": true,
                "nrn_to": 44,
                "nrn_from": 6,
                "weight": 1.2404470586098504
            },
            "46": {
                "active": true,
                "nrn_to": 11,
                "nrn_from": 44,
                "weight": 0.4517396578023904
            },
            "19": {
                "nrn_to": 11,
                "nrn_from": 6,
                "weight": 0.04489795527854716,
                "active": false
            },
            "51": {
                "nrn_to": 44,
                "nrn_from": 4,
                "weight": 1.4921386226690827,
                "active": true
            },
            "26": {
                "nrn_to": 8,
                "nrn_from": 1,
                "weight": 0.3171921872681014,
                "active": true
            },
            "59": {
                "nrn_to": 44,
                "nrn_from": 1,
                "weight": -0.08139818392741546,
                "active": true
            },
            "28": {
                "nrn_to": 9,
                "nrn_from": 1,
                "weight": 0.4622492382639213,
                "active": true
            }
        }
    },
    "Species 3 num animals": 9,
    "Species 3 top fitness": -88.5418453951474,
    "Species 3 mean fitness": -112.04239596308452,
    "Species 3 std fitness": 37.91906577406832,
    "Species 3 top animal N hidden neurons": 1,
    "Species 3 top animal N synapses": 11,
    "Species 3 top animal": {
        "neurons": {
            "0": {
                "type": "i",
                "bias": -0.18291476845901644
            },