{
    "Num species": 1,
    "Species 0 num animals": 60,
    "Species 0 top fitness": -61.74664769698806,
    "Species 0 mean fitness": -154.30689756055511,
    "Species 0 std fitness": 163.69740365976654,
    "Species 0 top animal N hidden neurons": 0,
    "Species 0 top animal N synapses": 4,
    "Species 0 top animal": {
        "neurons": {
            "0": {
                "type": "i",
                "bias": 0.11687866590498536
            },
            "1": {
                "type": "i",
                "bias": -0.14203798675438523
            },
            "2": {
                "type": "i",
                "bias": -0.08257801540394336
            },
            "3": {
                "type": "i",
                "bias": 0.13790496482127967
            },
            "4": {
                "type": "i",
                "bias": 0.14122976600038864
            },
            "5": {
                "type": "i",
                "bias": -0.006745731937187041
            },
            "6": {
                "type": "i",
                "bias": 0.09876458852839631
            },
            "7": {
                "type": "i",
                "bias": 0.11243648860600494
            },
            "8": {
                "type": "o",
                "bias": 0.11371628639707004
            },
            "9": {
                "type": "o",
                "bias": 0.09287005703283391
            },
            "10": {
                "type": "o",
                "bias": 0.15889456398780538
            },
            "11": {
                "type": "o",
                "bias": 0.0270876637692748
            }
        },
        "synapses": {
            "24": {
                "nrn_to": 10,
                "nrn_from": 1,
                "weight": -0.08629864780485537,
                "active": true
            },
            "43": {
                "nrn_to": 9,
                "nrn_from": 3,
                "weight": 0.32287976320197787,
                "active": true
            },
            "44": {
                "nrn_to": 11,
                "nrn_from": 5,
                "weight": 0.9282223380656127,
                "active": true
            },
            "37": {
                "nrn_to": 9,
                "nrn_from": 7,
                "weight": 0.07868959655666508,
                "active": true
            }
        }
    }
}