{
    "Num species": 1,
    "Species 0 num animals": 60,
    "Species 0 top fitness": -61.679905845948504,
    "Species 0 mean fitness": -121.32779507869341,
    "Species 0 std fitness": 65.45724827769278,
    "Species 0 top animal N hidden neurons": 0,
    "Species 0 top animal N synapses": 7,
    "Species 0 top animal": {
        "neurons": {
            "0": {
                "type": "i",
                "bias": 0.13944319587697682
            },
            "1": {
                "type": "i",
                "bias": -0.0916394224649611
            },
            "2": {
                "type": "i",
                "bias": -0.09600408667988576
            },
            "3": {
                "type": "i",
                "bias": -0.10771524259772355
            },
            "4": {
                "type": "i",
                "bias": 0.2951551639109355
            },
            "5": {
                "type": "i",
                "bias": -0.022479074939632318
            },
            "6": {
                "type": "i",
                "bias": 0.2993999387503037
            },
            "7": {
                "type": "i",
                "bias": -0.052376765150303664
            },
            "8": {
                "type": "o",
                "bias": -0.008606666626507095
            },
            "9": {
                "type": "o",
                "bias": -0.029314832671998033
            },
            "10": {
                "type": "o",
                "bias": 0.025631067622098568
            },
            "11": {
                "type": "o",
                "bias": 0.024399746847855532
            }
        },
        "synapses": {
            "17": {
                "nrn_to": 8,
                "nrn_from": 1,
                "weight": 0.6180301917223503,
                "active": true
            },
            "34": {
                "nrn_to": 11,
                "nrn_from": 1,
                "weight": 0.5130070332113417,
                "active": true
            },
            "50": {
                "nrn_to": 9,
                "nrn_from": 2,
                "weight": 0.3118485746180131,
                "active": true
            },
            "26": {
                "nrn_to": 11,
                "nrn_from": 4,
                "weight": 0.42668945325550833,
                "active": true
            },
            "27": {
                "nrn_to": 10,
                "nrn_from": 3,
                "weight": -0.4551422667402829,
                "active": true
            },
            "14": {
                "nrn_to": 10,
                "nrn_from": 4,
                "weight": -0.0720108402757913,
                "active": false
            },
            "36": {
                "nrn_to": 11,
                "nrn_from": 6,
                "weight": -0.02617583837755825,
                "active": true
            }
        }
    }
}