{
    "Num species": 1,
    "Species 0 num animals": 60,
    "Species 0 top fitness": -103.88921292955753,
    "Species 0 mean fitness": -156.01080576786305,
    "Species 0 std fitness": 116.90912636623247,
    "Species 0 top animal N hidden neurons": 0,
    "Species 0 top animal N synapses": 2,
    "Species 0 top animal": {
        "neurons": {
            "0": {
                "type": "i",
                "bias": 0.0558275520553722
            },
            "1": {
                "type": "i",
                "bias": 0.032854076877006234
            },
            "2": {
                "type": "i",
                "bias": -0.10164245183162932
            },
            "3": {
                "type": "i",
                "bias": 0.061169755097940516
            },
            "4": {
                "type": "i",
                "bias": -0.029050925813323206
            },
            "5": {
                "type": "i",
                "bias": -0.05246379730265799
            },
            "6": {
                "type": "i",
                "bias": -0.023004390943813093
            },
            "7": {
                "type": "i",
                "bias": -0.041448575296513496
            },
            "8": {
                "type": "o",
                "bias": 0.10473316499360066
            },
            "9": {
                "type": "o",
                "bias": -0.2374198425986462
            },
            "10": {
                "type": "o",
                "bias": 0.010109342292716905
            },
            "11": {
                "type": "o",
                "bias": 0.05653655093097165
            }
        },
        "synapses": {
            "21": {
                "nrn_to": 8,
                "nrn_from": 1,
                "weight": 0.15690034762259428,
                "active": true
            },
            "14": {
                "nrn_to": 11,
                "nrn_from": 4,
                "weight": 0.24629332973533102,
                "active": true
            }
        }
    }
}