{
    "Num species": 1,
    "Species 0 num animals": 30,
    "Species 0 top fitness": -62.189890965325816,
    "Species 0 mean fitness": -127.63427462961035,
    "Species 0 std fitness": 111.79741077963013,
    "Species 0 top animal N hidden neurons": 0,
    "Species 0 top animal N synapses": 6,
    "Species 0 top animal": {
        "neurons": {
            "0": {
                "type": "i",
                "bias": 0.058602590477587806
            },
            "1": {
                "type": "i",
                "bias": -0.11151627229169236
            },
            "2": {
                "type": "i",
                "bias": 0.2449680447583194
            },
            "3": {
                "type": "i",
                "bias": -0.23490325522325067
            },
            "4": {
                "type": "i",
                "bias": 0.11894871805491938
            },
            "5": {
                "type": "i",
                "bias": 0.576047232924132
            },
            "6": {
                "type": "i",
                "bias": -0.06084403226562542
            },
            "7": {
                "type": "i",
                "bias": 0.06829530215395352
            },
            "8": {
                "type": "o",
                "bias": -0.1863606091376049
            },
            "9": {
                "type": "o",
                "bias": -0.1500577051922929
            },
            "10": {
                "type": "o",
                "bias": 0.11711977203686981
            },
            "11": {
                "type": "o",
                "bias": -0.20974896085815836
            }
        },
        "synapses": {
            "36": {
                "nrn_to": 11,
                "nrn_from": 2,
                "weight": -0.5871890543609427,
                "active": true
            },
            "41": {
                "nrn_to": 11,
                "nrn_from": 7,
                "weight": 0.04176361229417928,
                "active": true
            },
            "12": {
                "nrn_to": 10,
                "nrn_from": 6,
                "weight": -0.45520998028051796,
                "active": true
            },
            "13": {
                "nrn_to": 8,
                "nrn_from": 1,
                "weight": 0.41881572599288935,
                "active": true
            },
            "46": {
                "nrn_to": 9,
                "nrn_from": 0,
                "weight": 0.16854750402750457,
                "active": true
            },
            "31": {
                "nrn_to": 11,
                "nrn_from": 1,
                "weight": 0.04918772158741265,
                "active": true
            }
        }
    }
}