{
    "Num species": 2,
    "Species 1 num animals": 58,
    "Species 1 top fitness": 29.674684566259696,
    "Species 1 mean fitness": -99.13652359243282,
    "Species 1 std fitness": 91.51700216557329,
    "Species 1 top animal N hidden neurons": 0,
    "Species 1 top animal N synapses": 9,
    "Species 1 top animal": {
        "neurons": {
            "0": {
                "type": "i",
                "bias": 1.8667846855114734
            },
            "1": {
                "type": "i",
                "bias": 0.2086119253259829
            },
            "2": {
                "type": "i",
                "bias": 0.08294306811917734
            },
            "3": {
                "type": "i",
                "bias": 0.18624874782779705
            },
            "4": {
                "type": "i",
                "bias": 0.6141463078045766
            },
            "5": {
                "type": "i",
                "bias": -0.03253801753394772
            },
            "6": {
                "type": "i",
                "bias": -0.15390272965754168
            },
            "7": {
                "type": "i",
                "bias": 0.04625857417842705
            },
            "8": {
                "type": "o",
                "bias": 0.060492731044890946
            },
            "9": {
                "type": "o",
                "bias": 0.2013569635932131
            },
            "10": {
                "type": "o",
                "bias": 0.204402080044896
            },
            "11": {
                "type": "o",
                "bias": 0.09715833458081802
            }
        },
        "synapses": {
            "35": {
                "nrn_to": 9,
                "nrn_from": 5,
                "weight": -0.31256881431549227,
                "active": true
            },
            "37": {
                "nrn_to": 9,
                "nrn_from": 7,
                "weight": 0.037010864429556256,
                "active": false
            },
            "38": {
                "nrn_to": 8,
                "nrn_from": 1,
                "weight": 0.1783648435118445,
                "active": false
            },
            "43": {
                "nrn_to": 9,
                "nrn_from": 3,
                "weight": 0.21028462374529477,
                "active": true
            },
            "44": {
                "nrn_to": 11,
                "nrn_from": 5,
                "weight": 0.914889322044067,
                "active": true
            },
            "16": {
                "nrn_to": 9,
                "nrn_from": 6,
                "weight": -0.4323807350841795,
                "active": true
            },
            "24": {
                "nrn_to": 10,
                "nrn_from": 1,
                "weight": -0.11957973337874864,
                "active": true
            },
            "27": {
                "nrn_to": 11,
                "nrn_from": 7,
                "weight": 0.2857576381925369,
                "active": true
            },
            "29": {
                "nrn_to": 10,
                "nrn_from": 6,
                "weight": -0.06794736279374827,
                "active": true
            }
        }
    },
    "Species 0 num animals": 2,
    "Species 0 top fitness": -87.97492015810062,
    "Species 0 mean fitness": -100.3062558399455,
    "Species 0 std fitness": 12.331335681844891,
    "Species 0 top animal N hidden neurons": 0,
    "Species 0 top animal N synapses": 10,
    "Species 0 top animal": {
        "neurons": {
            "0": {
                "type": "i",
                "bias": 0.533807578627009
            },
            "1": {
                "type": "i",
                "bias": 0.05392161549792049
            },
            "2": {
                "type": "i",
                "bias": 0.5092745373140477
            },
            "3": {
                "type": "i",
                "bias": -0.0026034345093673347
            },
            "4": {
                "type": "i",
                "bias": 0.38260345784452404
            },
            "5": {
                "type": "i",
                "bias": 0.016650718268031037
            },
            "6": {
                "type": "i",
                "bias": 0.13993802021532506
            },
            "7": {
                "type": "i",
                "bias": 0.05686149597174503
            },
            "8": {
                "type": "o",
                "bias": -0.01904964810137516
            },
            "9": {
                "type": "o",
                "bias": 0.18690113035331085
            },
            "10": {
                "type": "o",
                "bias": 0.2003371371981291
            },
            "11": {
                "type": "o",
                "bias": 0.01727208130861617
            }
        },
        "synapses": {
            "35": {
                "nrn_to": 9,
                "nrn_from": 5,
                "weight": -0.17181828335515195,
                "active": true
            },
            "36": {
                "nrn_to": 10,
                "nrn_from": 3,
                "weight": 0.7662173693295002,
                "active": true
            },
            "37": {
                "nrn_to": 9,
                "nrn_from": 7,
                "weight": 0.02051746153821932,
                "active": false
            },
            "38": {
                "nrn_to": 8,
                "nrn_from": 1,
                "weight": 0.1463804443167375,
                "active": false
            },
            "43": {
                "nrn_to": 9,
                "nrn_from": 3,
                "weight": 0.2266875136880394,
                "active": true
            },
            "12": {
                "nrn_to": 11,
                "nrn_from": 4,
                "weight": -0.19680827131153233,
                "active": true
            },
            "44": {
                "nrn_to": 11,
                "nrn_from": 5,
                "weight": 0.8791372823788894,
                "active": true
            },
            "24": {
                "nrn_to": 10,
                "nrn_from": 1,
                "weight": -0.15744335347962146,
                "active": true
            },
            "27": {
                "nrn_to": 11,
                "nrn_from": 7,
                "weight": 0.36923061690392023,
                "active": true
            },
            "29": {
                "nrn_to": 10,
                "nrn_from": 6,
                "weight": -0.015834960982881334,
                "active": true
            }
        }
    }
}