{
    "Num species": 1,
    "Species 0 num animals": 60,
    "Species 0 top fitness": -88.66186652565902,
    "Species 0 mean fitness": -155.67618185274566,
    "Species 0 std fitness": 215.23595838123668,
    "Species 0 top animal N hidden neurons": 0,
    "Species 0 top animal N synapses": 3,
    "Species 0 top animal": {
        "neurons": {
            "0": {
                "type": "i",
                "bias": 0.04031442364318293
            },
            "1": {
                "type": "i",
                "bias": 0.032009599430792096
            },
            "2": {
                "type": "i",
                "bias": 0.052002186957189944
            },
            "3": {
                "type": "i",
                "bias": -0.1390410505219034
            },
            "4": {
                "type": "i",
                "bias": 0.1283771819150934
            },
            "5": {
                "type": "i",
                "bias": -0.07008280052487134
            },
            "6": {
                "type": "i",
                "bias": -0.11499292042937563
            },
            "7": {
                "type": "i",
                "bias": -0.0791718997839627
            },
            "8": {
                "type": "o",
                "bias": 0.22795467676272957
            },
            "9": {
                "type": "o",
                "bias": 0.07368508657072642
            },
            "10": {
                "type": "o",
                "bias": -0.08414236952800966
            },
            "11": {
                "type": "o",
                "bias": 0.11635717456339195
            }
        },
        "synapses": {
            "33": {
                "nrn_to": 10,
                "nrn_from": 7,
                "weight": 0.3952811241583921,
                "active": true
            },
            "37": {
                "nrn_to": 8,
                "nrn_from": 0,
                "weight": 0.49495426148833443,
                "active": true
            },
            "13": {
                "nrn_to": 8,
                "nrn_from": 1,
                "weight": 0.9653467663971275,
                "active": true
            }
        }
    }
}