{
    "Num species": 1,
    "Species 0 num animals": 60,
    "Species 0 top fitness": -23.28984249795112,
    "Species 0 mean fitness": -155.50983659429812,
    "Species 0 std fitness": 104.78690607698256,
    "Species 0 top animal N hidden neurons": 0,
    "Species 0 top animal N synapses": 2,
    "Species 0 top animal": {
        "neurons": {
            "0": {
                "type": "i",
                "bias": -0.027491501053369123
            },
            "1": {
                "type": "i",
                "bias": 0.03684366780038101
            },
            "2": {
                "type": "i",
                "bias": -0.05100796234709805
            },
            "3": {
                "type": "i",
                "bias": 0.2507783840622152
            },
            "4": {
                "type": "i",
                "bias": 0.05910235816942987
            },
            "5": {
                "type": "i",
                "bias": -0.03509118868179196
            },
            "6": {
                "type": "i",
                "bias": -0.019148803354759103
            },
            "7": {
                "type": "i",
                "bias": -0.050351822966212864
            },
            "8": {
                "type": "o",
                "bias": 0.13116579753981766
            },
            "9": {
                "type": "o",
                "bias": 0.03583834785079901
            },
            "10": {
                "type": "o",
                "bias": 0.05861406048213916
            },
            "11": {
                "type": "o",
                "bias": 0.02386860684542902
            }
        },
        "synapses": {
            "19": {
                "nrn_to": 8,
                "nrn_from": 3,
                "weight": 0.4776118247218902,
                "active": true
            },
            "22": {
                "nrn_to": 11,
                "nrn_from": 4,
                "weight": 0.27589364744633316,
                "active": true
            }
        }
    }
}