{
    "Num species": 1,
    "Species 0 num animals": 60,
    "Species 0 top fitness": -120.67043901231912,
    "Species 0 mean fitness": -153.82060400263225,
    "Species 0 std fitness": 67.20618897547065,
    "Species 0 top animal N hidden neurons": 1,
    "Species 0 top animal N synapses": 3,
    "Species 0 top animal": {
        "neurons": {
            "0": {
                "type": "i",
                "bias": 0.014096163140419296
            },
            "1": {
                "type": "i",
                "bias": 0.06158432728065783
            },
            "2": {
                "type": "i",
                "bias": -0.6014796335397922
            },
            "3": {
                "type": "i",
                "bias": 0.09210782109866084
            },
            "4": {
                "type": "i",
                "bias": -0.027847424286794917
            },
            "5": {
                "type": "i",
                "bias": 0.04183484130588014
            },
            "6": {
                "type": "i",
                "bias": 0.01964345643424494
            },
            "7": {
                "type": "i",
                "bias": 0.07762202304227328
            },
            "8": {
                "type": "o",
                "bias": 0.14187802074189435
            },
            "9": {
                "type": "o",
                "bias": 0.019964888826498776
            },
            "10": {
                "type": "o",
                "bias": 0.034121654942161475
            },
            "11": {
                "type": "o",
                "bias": -0.004571252060435925
            },
            "49": {
                "type": "h",
                "bias": 0.06587744416773585
            }
        },
        "synapses": {
            "50": {
                "active": true,
                "nrn_to": 49,
                "nrn_from": 6,
                "weight": 1.0
            },
            "51": {
                "active": true,
                "nrn_to": 8,
                "nrn_from": 49,
                "weight": -0.05062287970663335
            },
            "20": {
                "nrn_to": 8,
                "nrn_from": 6,
                "weight": -0.06327938987618915,
                "active": false
            }
        }
    }
}