{
    "Num species": 2,
    "Species 0 num animals": 48,
    "Species 0 top fitness": 195.36467938237965,
    "Species 0 mean fitness": 71.94540165324827,
    "Species 0 std fitness": 87.7981146123706,
    "Species 0 top animal N hidden neurons": 0,
    "Species 0 top animal N synapses": 10,
    "Species 0 top animal": {
        "neurons": {
            "0": {
                "type": "i",
                "bias": 0.08097562740508436
            },
            "1": {
                "type": "i",
                "bias": -0.16457947374495624
            },
            "2": {
                "type": "i",
                "bias": 0.01630113842314046
            },
            "3": {
                "type": "i",
                "bias": -0.13971805624092543
            },
            "4": {
                "type": "i",
                "bias": 0.0008673228726203529
            },
            "5": {
                "type": "i",
                "bias": 0.014406091581965923
            },
            "6": {
                "type": "i",
                "bias": 0.11110555372256206
            },
            "7": {
                "type": "i",
                "bias": -0.07483853673271731
            },
            "8": {
                "type": "o",
                "bias": 0.1426614107092289
            },
            "9": {
                "type": "o",
                "bias": 0.1911628680066457
            },
            "10": {
                "type": "o",
                "bias": 0.028526805075572058
            },
            "11": {
                "type": "o",
                "bias": 0.06976980300958815
            }
        },
        "synapses": {
            "36": {
                "nrn_to": 10,
                "nrn_from": 2,
                "weight": 0.08315619278219975,
                "active": true
            },
            "39": {
                "nrn_to": 9,
                "nrn_from": 2,
                "weight": 0.39639920399389017,
                "active": true
            },
            "45": {
                "nrn_to": 10,
                "nrn_from": 0,
                "weight": 0.1866948290497252,
                "active": true
            },
            "14": {
                "nrn_to": 10,
                "nrn_from": 3,
                "weight": -1.0203589116322398,
                "active": true
            },
            "20": {
                "nrn_to": 8,
                "nrn_from": 6,
                "weight": 0.27054840665745905,
                "active": true
            },
            "21": {
                "nrn_to": 11,
                "nrn_from": 6,
                "weight": -0.5925187184861003,
                "active": true
            },
            "22": {
                "nrn_to": 9,
                "nrn_from": 5,
                "weight": -0.1207302010016876,
                "active": false
            },
            "26": {
                "nrn_to": 11,
                "nrn_from": 4,
                "weight": 1.7103680151992409,
                "active": true
            },
            "27": {
                "nrn_to": 10,
                "nrn_from": 6,
                "weight": 0.29940583311955726,
                "active": true
            },
            "30": {
                "nrn_to": 9,
                "nrn_from": 6,
                "weight": -0.05265439532832681,
                "active": false
            }
        }
    },
    "Species 1 num animals": 12,
    "Species 1 top fitness": 135.2510714526083,
    "Species 1 mean fitness": 81.91442215599578,
    "Species 1 std fitness": 57.96746091889567,
    "Species 1 top animal N hidden neurons": 0,
    "Species 1 top animal N synapses": 10,
    "Species 1 top animal": {
        "neurons": {
            "0": {
                "type": "i",
                "bias": 0.1793811855719206
            },
            "1": {
                "type": "i",
                "bias": -0.10926636784002333
            },
            "2": {
                "type": "i",
                "bias": -0.10817939487418052
            },
            "3": {
                "type": "i",
                "bias": -0.15061482982649127
            },
            "4": {
                "type": "i",
                "bias": 0.0008673228726203529
            },
            "5": {
                "type": "i",
                "bias": -0.03999299216541857
            },
            "6": {
                "type": "i",
                "bias": 0.11110555372256206
            },
            "7": {
                "type": "i",
                "bias": -0.2098738782626992
            },
            "8": {
                "type": "o",
                "bias": 0.18172058998734947
            },
            "9": {
                "type": "o",
                "bias": 0.1911628680066457
            },
            "10": {
                "type": "o",
                "bias": 0.03197482396284987
            },
            "11": {
                "type": "o",
                "bias": 0.1071477627403938
            }
        },
        "synapses": {
            "36": {
                "nrn_to": 10,
                "nrn_from": 2,
                "weight": -0.13974220865474063,
                "active": true
            },
            "39": {
                "nrn_to": 9,
                "nrn_from": 2,
                "weight": 0.3600792000113655,
                "active": true
            },
            "45": {
                "nrn_to": 10,
                "nrn_from": 0,
                "weight": 0.06651612940002741,
                "active": true
            },
            "14": {
                "nrn_to": 10,
                "nrn_from": 3,
                "weight": -1.0228787245295146,
                "active": true
            },
            "20": {
                "nrn_to": 8,
                "nrn_from": 6,
                "weight": 0.18134492228709825,
                "active": true
            },
            "21": {
                "nrn_to": 11,
                "nrn_from": 6,
                "weight": -0.546697264663915,
                "active": true
            },
            "22": {
                "nrn_to": 9,
                "nrn_from": 5,
                "weight": -0.16848030054665367,
                "active": false
            },
            "26": {
                "nrn_to": 11,
                "nrn_from": 4,
                "weight": 1.648948551498859,
                "active": true
            },
            "27": {
                "nrn_to": 10,
                "nrn_from": 6,
                "weight": 0.16205093207411625,
                "active": true
            },
            "30": {
                "nrn_to": 9,
                "nrn_from": 6,
                "weight": -0.0007472201916638652,
                "active": false
            }
        }
    }
}