{
    "Num species": 4,
    "Species 2 num animals": 29,
    "Species 2 top fitness": -114.07779540847342,
    "Species 2 mean fitness": -148.61089292770433,
    "Species 2 std fitness": 30.952751567141583,
    "Species 2 top animal N hidden neurons": 0,
    "Species 2 top animal N synapses": 10,
    "Species 2 top animal": {
        "neurons": {
            "0": {
                "type": "i",
                "bias": 0.6351278789792505
            },
            "1": {
                "type": "i",
                "bias": -0.23566173555815728
            },
            "2": {
                "type": "i",
                "bias": 0.036614802805264815
            },
            "3": {
                "type": "i",
                "bias": -0.043821869326058145
            },
            "4": {
                "type": "i",
                "bias": 0.1655097146324186
            },
            "5": {
                "type": "i",
                "bias": -0.012061075371497839
            },
            "6": {
                "type": "i",
                "bias": -0.3691955394171539
            },
            "7": {
                "type": "i",
                "bias": 0.07180841857700662
            },
            "8": {
                "type": "o",
                "bias": 0.13403829643902665
            },
            "9": {
                "type": "o",
                "bias": -0.18500753526302002
            },
            "10": {
                "type": "o",
                "bias": 0.8035661152678875
            },
            "11": {
                "type": "o",
                "bias": 0.322017818798441
            }
        },
        "synapses": {
            "32": {
                "nrn_to": 10,
                "nrn_from": 6,
                "weight": 0.1271557432139508,
                "active": true
            },
            "37": {
                "nrn_to": 8,
                "nrn_from": 0,
                "weight": 0.3789930774116321,
                "active": true
            },
            "44": {
                "nrn_to": 11,
                "nrn_from": 3,
                "weight": -0.3106976258108409,
                "active": true
            },
            "13": {
                "nrn_to": 8,
                "nrn_from": 1,
                "weight": 1.0024075645721222,
                "active": true
            },
            "14": {
                "nrn_to": 8,
                "nrn_from": 7,
                "weight": 0.36715588318008263,
                "active": true
            },
            "15": {
                "nrn_to": 9,
                "nrn_from": 7,
                "weight": -0.35511773351862264,
                "active": true
            },
            "48": {
                "nrn_to": 9,
                "nrn_from": 0,
                "weight": -0.03819785166672339,
                "active": false
            },
            "17": {
                "nrn_to": 11,
                "nrn_from": 7,
                "weight": -0.031672454253744896,
                "active": true
            },
            "19": {
                "nrn_to": 9,
                "nrn_from": 1,
                "weight": 0.1051870529739072,
                "active": true
            },
            "20": {
                "nrn_to": 10,
                "nrn_from": 4,
                "weight": -0.14997927395023758,
                "active": false
            }
        }
    },
    "Species 3 num animals": 19,
    "Species 3 top fitness": -123.63821685865071,
    "Species 3 mean fitness": -143.23711794876826,
    "Species 3 std fitness": 15.677948396796447,
    "Species 3 top animal N hidden neurons": 0,
    "Species 3 top animal N synapses": 8,
    "Species 3 top animal": {
        "neurons": {
            "0": {
                "type": "i",
                "bias": 0.34688684284306626
            },
            "1": {
                "type": "i",
                "bias": 0.02804616215087461
            },
            "2": {
                "type": "i",
                "bias": -0.06355327121578556
            },
            "3": {
                "type": "i",
                "bias": -0.19774460523482593
            },
            "4": {
                "type": "i",
                "bias": 0.7613281474549343
            },
            "5": {
                "type": "i",
                "bias": -0.0344493343662067
            },
            "6": {
                "type": "i",
                "bias": -0.01606804329920454
            },
            "7": {
                "type": "i",
                "bias": -0.11603162307789264
            },
            "8": {
                "type": "o",
                "bias": 0.013358287661315152
            },
            "9": {
                "type": "o",
                "bias": -0.10380592220588887
            },
            "10": {
                "type": "o",
                "bias": 0.12170065767361553
            },
            "11": {
                "type": "o",
                "bias": 0.3641667176860418
            }
        },
        "synapses": {
            "33": {
                "nrn_to": 10,
                "nrn_from": 7,
                "weight": 0.1733185626439894,
                "active": true
            },
            "35": {
                "nrn_to": 8,
                "nrn_from": 4,
                "weight": 0.031458852761658315,
                "active": false
            },
            "37": {
                "nrn_to": 8,
                "nrn_from": 0,
                "weight": 0.9752391809195194,
                "active": true
            },
            "44": {
                "nrn_to": 11,
                "nrn_from": 3,
                "weight": -0.3839408769692464,
                "active": true
            },
            "13": {
                "nrn_to": 8,
                "nrn_from": 1,
                "weight": 0.6144208410432019,
                "active": true
            },
            "22": {
                "nrn_to": 9,
                "nrn_from": 6,
                "weight": 0.40507857246622275,
                "active": true
            },
            "25": {
                "nrn_to": 9,
                "nrn_from": 3,
                "weight": -0.2076033835253147,
                "active": true
            },
            "26": {
                "nrn_to": 11,
                "nrn_from": 1,
                "weight": -0.8375515059683902,
                "active": true
            }
        }
    },
    "Species 0 num animals": 4,
    "Species 0 top fitness": -137.5923905092869,
    "Species 0 mean fitness": -148.2400312378557,
    "Species 0 std fitness": 8.608974212931727,
    "Species 0 top animal N hidden neurons": 0,
    "Species 0 top animal N synapses": 6,
    "Species 0 top animal": {
        "neurons": {
            "0": {
                "type": "i",
                "bias": 0.3863757779562973
            },
            "1": {
                "type": "i",
                "bias": -0.03214329072716503
            },
            "2": {
                "type": "i",
                "bias": -0.09722678722550576
            },
            "3": {
                "type": "i",
                "bias": -0.10624000827629151
            },
            "4": {
                "type": "i",
                "bias": 0.36093656025519827
            },
            "5": {
                "type": "i",
                "bias": -0.016695310435872114
            },
            "6": {
                "type": "i",
                "bias": 0.11223987551197838
            },
            "7": {
                "type": "i",
                "bias": -0.1420568782054675
            },
            "8": {
                "type": "o",
                "bias": 0.2505781534622535
            },
            "9": {
                "type": "o",
                "bias": -0.06913482940974774
            },
            "10": {
                "type": "o",
                "bias": 0.1481637970115476
            },