{
    "Num species": 2,
    "Species 1 num animals": 41,
    "Species 1 top fitness": -1.1909267201100397,
    "Species 1 mean fitness": -75.22630719969693,
    "Species 1 std fitness": 74.32749438203417,
    "Species 1 top animal N hidden neurons": 0,
    "Species 1 top animal N synapses": 10,
    "Species 1 top animal": {
        "neurons": {
            "0": {
                "type": "i",
                "bias": -0.027387020992894973
            },
            "1": {
                "type": "i",
                "bias": -0.03372375210666156
            },
            "2": {
                "type": "i",
                "bias": -0.09681706784593437
            },
            "3": {
                "type": "i",
                "bias": 0.10034765870268392
            },
            "4": {
                "type": "i",
                "bias": 0.2974825554513322
            },
            "5": {
                "type": "i",
                "bias": 0.02496191920478912
            },
            "6": {
                "type": "i",
                "bias": 0.02385213369385885
            },
            "7": {
                "type": "i",
                "bias": 0.18162313382721834
            },
            "8": {
                "type": "o",
                "bias": 0.22672659414587434
            },
            "9": {
                "type": "o",
                "bias": -0.1715635774363539
            },
            "10": {
                "type": "o",
                "bias": 0.15352275293296488
            },
            "11": {
                "type": "o",
                "bias": -0.056392557470007355
            }
        },
        "synapses": {
            "35": {
                "nrn_to": 11,
                "nrn_from": 6,
                "weight": 1.8622402090902395,
                "active": true
            },
            "37": {
                "nrn_to": 10,
                "nrn_from": 6,
                "weight": 0.3439515991002274,
                "active": true
            },
            "43": {
                "nrn_to": 8,
                "nrn_from": 6,
                "weight": 0.38469813021900046,
                "active": true
            },
            "12": {
                "nrn_to": 11,
                "nrn_from": 4,
                "weight": 0.5850586723928389,
                "active": true
            },
            "14": {
                "nrn_to": 11,
                "nrn_from": 5,
                "weight": 0.40109936210232766,
                "active": true
            },
            "15": {
                "nrn_to": 10,
                "nrn_from": 3,
                "weight": -0.05843523646863537,
                "active": false
            },
            "23": {
                "nrn_to": 8,
                "nrn_from": 3,
                "weight": 0.2824469880770668,
                "active": true
            },
            "26": {
                "nrn_to": 9,
                "nrn_from": 1,
                "weight": 0.3346894701397754,
                "active": true
            },
            "27": {
                "nrn_to": 10,
                "nrn_from": 5,
                "weight": -0.08075178799589812,
                "active": false
            },
            "19": {
                "nrn_to": 8,
                "nrn_from": 7,
                "weight": 0.7723405820331685,
                "active": true
            }
        }
    },
    "Species 0 num animals": 19,
    "Species 0 top fitness": -77.8585407986288,
    "Species 0 mean fitness": -115.21537996176657,
    "Species 0 std fitness": 21.377723472574356,
    "Species 0 top animal N hidden neurons": 0,
    "Species 0 top animal N synapses": 8,
    "Species 0 top animal": {
        "neurons": {
            "0": {
                "type": "i",
                "bias": -0.05649914189354582
            },
            "1": {
                "type": "i",
                "bias": 0.010223155986203247
            },
            "2": {
                "type": "i",
                "bias": 0.0639851203842913
            },
            "3": {
                "type": "i",
                "bias": 0.27859933128599584
            },
            "4": {
                "type": "i",
                "bias": 0.9277311636737088
            },
            "5": {
                "type": "i",
                "bias": -0.05400775331877876
            },
            "6": {
                "type": "i",
                "bias": 0.1757444085441642
            },
            "7": {
                "type": "i",
                "bias": 0.07636972555664387
            },
            "8": {
                "type": "o",
                "bias": 0.34705230242428226
            },
            "9": {
                "type": "o",
                "bias": -0.19452774227586755
            },
            "10": {
                "type": "o",
                "bias": 0.05327802069012526
            },
            "11": {
                "type": "o",
                "bias": 0.26006390278683117
            }
        },
        "synapses": {
            "35": {
                "nrn_to": 11,
                "nrn_from": 6,
                "weight": 0.9201143885735661,
                "active": true
            },
            "37": {
                "nrn_to": 10,
                "nrn_from": 6,
                "weight": 0.2785057406572075,
                "active": true
            },
            "12": {
                "nrn_to": 11,
                "nrn_from": 4,
                "weight": 1.2925081408215193,
                "active": true
            },
            "44": {
                "nrn_to": 9,
                "nrn_from": 5,
                "weight": -0.14639456225997172,
                "active": true
            },
            "14": {
                "nrn_to": 11,
                "nrn_from": 5,
                "weight": 0.18802303884790994,
                "active": false
            },
            "49": {
                "nrn_to": 10,
                "nrn_from": 7,
                "weight": 0.39895757193234477,
                "active": false
            },
            "23": {
                "nrn_to": 8,
                "nrn_from": 3,
                "weight": 0.3556941500225262,
                "active": false
            },
            "25": {
                "nrn_to": 9,
                "nrn_from": 3,
                "weight": -0.356280258595598,
                "active": true
            }
        }
    }
}