{
    "Num species": 1,
    "Species 0 num animals": 60,
    "Species 0 top fitness": -89.10927720567634,
    "Species 0 mean fitness": -120.10041962112072,
    "Species 0 std fitness": 16.479634916631046,
    "Species 0 top animal N hidden neurons": 0,
    "Species 0 top animal N synapses": 3,
    "Species 0 top animal": {
        "neurons": {
            "0": {
                "type": "i",
                "bias": 0.06974934703761321
            },
            "1": {
                "type": "i",
                "bias": 0.18885864652348727
            },
            "2": {
                "type": "i",
                "bias": -0.07467608971405462
            },
            "3": {
                "type": "i",
                "bias": -0.019166445828375123
            },
            "4": {
                "type": "i",
                "bias": -0.009080914952657199
            },
            "5": {
                "type": "i",
                "bias": 0.04301025501720162
            },
            "6": {
                "type": "i",
                "bias": -0.17135166603589086
            },
            "7": {
                "type": "i",
                "bias": 0.008823409743198573
            },
            "8": {
                "type": "o",
                "bias": 0.20182552700477518
            },
            "9": {
                "type": "o",
                "bias": 0.07676637636485077
            },
            "10": {
                "type": "o",
                "bias": -0.028664404446045788
            },
            "11": {
                "type": "o",
                "bias": 0.15632448371165017
            }
        },
        "synapses": {
            "32": {
                "nrn_to": 10,
                "nrn_from": 6,
                "weight": -0.045988981846753756,
                "active": true
            },
            "37": {
                "nrn_to": 8,
                "nrn_from": 0,
                "weight": 0.5426025939755612,
                "active": true
            },
            "13": {
                "nrn_to": 8,
                "nrn_from": 1,
                "weight": 0.4304042410777048,
                "active": true
            }
        }
    }
}