{
    "Num species": 1,
    "Species 0 num animals": 60,
    "Species 0 top fitness": 124.76561415100446,
    "Species 0 mean fitness": 4.549893840502362,
    "Species 0 std fitness": 87.53368352822962,
    "Species 0 top animal N hidden neurons": 0,
    "Species 0 top animal N synapses": 6,
    "Species 0 top animal": {
        "neurons": {
            "0": {
                "type": "i",
                "bias": 0.5313385369933877
            },
            "1": {
                "type": "i",
                "bias": 0.24374993067682532
            },
            "2": {
                "type": "i",
                "bias": 0.2131622852560416
            },
            "3": {
                "type": "i",
                "bias": -0.08004338668235486
            },
            "4": {
                "type": "i",
                "bias": -0.0788139533388986
            },
            "5": {
                "type": "i",
                "bias": -0.17556553306255548
            },
            "6": {
                "type": "i",
                "bias": 0.4566127811474098
            },
            "7": {
                "type": "i",
                "bias": -0.18815737571043656
            },
            "8": {
                "type": "o",
                "bias": -0.08500495978289103
            },
            "9": {
                "type": "o",
                "bias": 0.13937798507872548
            },
            "10": {
                "type": "o",
                "bias": 0.009003793744891402
            },
            "11": {
                "type": "o",
                "bias": 0.08119235741348856
            }
        },
        "synapses": {
            "48": {
                "nrn_to": 10,
                "nrn_from": 3,
                "weight": -0.44789187589130586,
                "active": true
            },
            "33": {
                "nrn_to": 11,
                "nrn_from": 5,
                "weight": 0.6503285896914982,
                "active": true
            },
            "22": {
                "nrn_to": 8,
                "nrn_from": 1,
                "weight": 0.18232405162913995,
                "active": false
            },
            "23": {
                "nrn_to": 11,
                "nrn_from": 4,
                "weight": 0.681030074480845,
                "active": true
            },
            "12": {
                "nrn_to": 10,
                "nrn_from": 4,
                "weight": -0.1787604768632474,
                "active": false
            },
            "45": {
                "nrn_to": 9,
                "nrn_from": 2,
                "weight": 0.39151578668614295,
                "active": true
            }
        }
    }
}