{
    "Num species": 1,
    "Species 0 num animals": 60,
    "Species 0 top fitness": -91.54660846436845,
    "Species 0 mean fitness": -112.95088282212087,
    "Species 0 std fitness": 39.50333993971054,
    "Species 0 top animal N hidden neurons": 0,
    "Species 0 top animal N synapses": 2,
    "Species 0 top animal": {
        "neurons": {
            "0": {
                "type": "i",
                "bias": 0.23948400515519708
            },
            "1": {
                "type": "i",
                "bias": -0.12679284151334325
            },
            "2": {
                "type": "i",
                "bias": 0.16883281671316214
            },
            "3": {
                "type": "i",
                "bias": -0.19664244438821082
            },
            "4": {
                "type": "i",
                "bias": 0.2410906413280349
            },
            "5": {
                "type": "i",
                "bias": -0.024723144743961967
            },
            "6": {
                "type": "i",
                "bias": 0.0170980855648417
            },
            "7": {
                "type": "i",
                "bias": 0.018452982310826038
            },
            "8": {
                "type": "o",
                "bias": -0.07741623923950738
            },
            "9": {
                "type": "o",
                "bias": -0.045126626838651984
            },
            "10": {
                "type": "o",
                "bias": -0.1381215859095634
            },
            "11": {
                "type": "o",
                "bias": -0.04530394076876512
            }
        },
        "synapses": {
            "29": {
                "nrn_to": 9,
                "nrn_from": 5,
                "weight": -0.8959330418908745,
                "active": true
            },
            "39": {
                "nrn_to": 11,
                "nrn_from": 4,
                "weight": 0.8904015487443895,
                "active": true
            }
        }
    }
}