{
    "Num species": 1,
    "Species 0 num animals": 60,
    "Species 0 top fitness": 144.06137453827282,
    "Species 0 mean fitness": 10.567849217324037,
    "Species 0 std fitness": 93.90131152839331,
    "Species 0 top animal N hidden neurons": 1,
    "Species 0 top animal N synapses": 12,
    "Species 0 top animal": {
        "neurons": {
            "0": {
                "type": "i",
                "bias": 0.12873653642084298
            },
            "1": {
                "type": "i",
                "bias": -0.18246165224198038
            },
            "2": {
                "type": "i",
                "bias": -0.05806202408782406
            },
            "3": {
                "type": "i",
                "bias": -0.15786469176832105
            },
            "4": {
                "type": "i",
                "bias": 0.4316081336451618
            },
            "5": {
                "type": "i",
                "bias": -0.14439179925994902
            },
            "6": {
                "type": "i",
                "bias": 0.35048485697441323
            },
            "7": {
                "type": "i",
                "bias": 0.10399410676231109
            },
            "8": {
                "type": "o",
                "bias": 0.05572856363487954
            },
            "9": {
                "type": "o",
                "bias": 0.22312813453618735
            },
            "10": {
                "type": "o",
                "bias": 0.05507604462770567
            },
            "11": {
                "type": "o",
                "bias": 0.04463257611818011
            },
            "84": {
                "type": "h",
                "bias": -0.011717396749001956
            }
        },
        "synapses": {
            "34": {
                "nrn_to": 11,
                "nrn_from": 1,
                "weight": 0.4905719643347008,
                "active": true
            },
            "36": {
                "nrn_to": 11,
                "nrn_from": 6,
                "weight": 0.42836912212856504,
                "active": true
            },
            "14": {
                "nrn_to": 10,
                "nrn_from": 4,
                "weight": -0.08464323670892707,
                "active": false
            },
            "17": {
                "nrn_to": 8,
                "nrn_from": 1,
                "weight": 0.5145129918793906,
                "active": false
            },
            "50": {
                "nrn_to": 9,
                "nrn_from": 2,
                "weight": 0.9402980735180735,
                "active": true
            },
            "85": {
                "active": true,
                "nrn_to": 84,
                "nrn_from": 1,
                "weight": 0.9870021823072771
            },
            "86": {
                "active": true,
                "nrn_to": 8,
                "nrn_from": 84,
                "weight": 0.5408571734318333
            },
            "23": {
                "nrn_to": 8,
                "nrn_from": 4,
                "weight": 0.03688836455132416,
                "active": false
            },
            "25": {
                "nrn_to": 9,
                "nrn_from": 5,
                "weight": -0.3622352633948136,
                "active": true
            },
            "26": {
                "nrn_to": 11,
                "nrn_from": 4,
                "weight": 0.5914076547794361,
                "active": true
            },
            "27": {
                "nrn_to": 10,
                "nrn_from": 3,
                "weight": -1.1058230577072656,
                "active": true
            },
            "29": {
                "nrn_to": 9,
                "nrn_from": 4,
                "weight": -0.23924944208828072,
                "active": true
            }
        }
    }
}