{
    "Num species": 1,
    "Species 0 num animals": 60,
    "Species 0 top fitness": -70.13109817452155,
    "Species 0 mean fitness": -139.06202058554314,
    "Species 0 std fitness": 81.79130353918622,
    "Species 0 top animal N hidden neurons": 0,
    "Species 0 top animal N synapses": 6,
    "Species 0 top animal": {
        "neurons": {
            "0": {
                "type": "i",
                "bias": -0.027491501053369123
            },
            "1": {
                "type": "i",
                "bias": 0.009114153725199973
            },
            "2": {
                "type": "i",
                "bias": 0.04536760429852653
            },
            "3": {
                "type": "i",
                "bias": 0.145749032666968
            },
            "4": {
                "type": "i",
                "bias": -0.10355339177285935
            },
            "5": {
                "type": "i",
                "bias": 0.05278674918536771
            },
            "6": {
                "type": "i",
                "bias": 0.12077370017384036
            },
            "7": {
                "type": "i",
                "bias": 0.005844917336617496
            },
            "8": {
                "type": "o",
                "bias": 0.22611286831056263
            },
            "9": {
                "type": "o",
                "bias": 0.07511038346700932
            },
            "10": {
                "type": "o",
                "bias": 0.07000845454620583
            },
            "11": {
                "type": "o",
                "bias": 0.0029129254434846277
            }
        },
        "synapses": {
            "32": {
                "nrn_to": 8,
                "nrn_from": 6,
                "weight": -0.10510775955943202,
                "active": false
            },
            "48": {
                "nrn_to": 9,
                "nrn_from": 7,
                "weight": 0.08169504703709418,
                "active": false
            },
            "18": {
                "nrn_to": 9,
                "nrn_from": 4,
                "weight": -0.08934755983183885,
                "active": true
            },
            "19": {
                "nrn_to": 8,
                "nrn_from": 3,
                "weight": 0.6679315721295574,
                "active": true
            },
            "22": {
                "nrn_to": 11,
                "nrn_from": 4,
                "weight": 0.5268204537013609,
                "active": true
            },
            "29": {
                "nrn_to": 11,
                "nrn_from": 5,
                "weight": 0.23451247786389962,
                "active": true
            }
        }
    }
}