{
    "Num species": 2,
    "Species 0 num animals": 17,
    "Species 0 top fitness": -37.675022567908975,
    "Species 0 mean fitness": -124.21208938880955,
    "Species 0 std fitness": 95.21115370134824,
    "Species 0 top animal N hidden neurons": 0,
    "Species 0 top animal N synapses": 8,
    "Species 0 top animal": {
        "neurons": {
            "0": {
                "type": "i",
                "bias": 0.5072108805190918
            },
            "1": {
                "type": "i",
                "bias": 0.012257795770783786
            },
            "2": {
                "type": "i",
                "bias": -0.4004824866026164
            },
            "3": {
                "type": "i",
                "bias": 0.3892030869263717
            },
            "4": {
                "type": "i",
                "bias": -0.19699641994875033
            },
            "5": {
                "type": "i",
                "bias": -0.48919874809088726
            },
            "6": {
                "type": "i",
                "bias": 0.11194296476837301
            },
            "7": {
                "type": "i",
                "bias": 0.061408165849732084
            },
            "8": {
                "type": "o",
                "bias": -0.1312362329915289
            },
            "9": {
                "type": "o",
                "bias": 0.06065620873936839
            },
            "10": {
                "type": "o",
                "bias": 0.05608688227060937
            },
            "11": {
                "type": "o",
                "bias": 0.018147446614957728
            }
        },
        "synapses": {
            "32": {
                "nrn_to": 8,
                "nrn_from": 1,
                "weight": 0.16614112890156835,
                "active": true
            },
            "33": {
                "nrn_to": 10,
                "nrn_from": 5,
                "weight": 0.24871674402733535,
                "active": true
            },
            "34": {
                "nrn_to": 8,
                "nrn_from": 6,
                "weight": -0.23124210815529564,
                "active": true
            },
            "36": {
                "nrn_to": 11,
                "nrn_from": 3,
                "weight": -0.06693402588394103,
                "active": false
            },
            "13": {
                "nrn_to": 9,
                "nrn_from": 4,
                "weight": -0.21421786203225632,
                "active": true
            },
            "14": {
                "nrn_to": 8,
                "nrn_from": 5,
                "weight": 0.6725673956372286,
                "active": true
            },
            "22": {
                "nrn_to": 11,
                "nrn_from": 0,
                "weight": -0.4422970472700647,
                "active": true
            },
            "31": {
                "nrn_to": 11,
                "nrn_from": 5,
                "weight": 0.8387466015465588,
                "active": true
            }
        }
    },
    "Species 1 num animals": 43,
    "Species 1 top fitness": -3.15916081985871,
    "Species 1 mean fitness": -54.27168349000808,
    "Species 1 std fitness": 59.21918933851595,
    "Species 1 top animal N hidden neurons": 0,
    "Species 1 top animal N synapses": 9,
    "Species 1 top animal": {
        "neurons": {
            "0": {
                "type": "i",
                "bias": 0.27742765867017743
            },
            "1": {
                "type": "i",
                "bias": -0.06292611778425175
            },
            "2": {
                "type": "i",
                "bias": -0.38717837955439127
            },
            "3": {
                "type": "i",
                "bias": 0.19139590461754682
            },
            "4": {
                "type": "i",
                "bias": -0.2766996392267077
            },
            "5": {
                "type": "i",
                "bias": -0.09275889493304217
            },
            "6": {
                "type": "i",
                "bias": 0.04523631234932983
            },
            "7": {
                "type": "i",
                "bias": -0.09155384208255396
            },
            "8": {
                "type": "o",
                "bias": -0.30914739609722214
            },
            "9": {
                "type": "o",
                "bias": -0.00665208919325041
            },
            "10": {
                "type": "o",
                "bias": 0.11096616420507247
            },
            "11": {
                "type": "o",
                "bias": 0.17021260212043543
            }
        },
        "synapses": {
            "32": {
                "nrn_to": 8,
                "nrn_from": 1,
                "weight": 0.33210333833167877,
                "active": true
            },
            "34": {
                "nrn_to": 8,
                "nrn_from": 6,
                "weight": -0.44156314623382703,
                "active": true
            },
            "43": {
                "nrn_to": 9,
                "nrn_from": 1,
                "weight": 0.28709136623663617,
                "active": true
            },
            "13": {
                "nrn_to": 9,
                "nrn_from": 4,
                "weight": -0.38030291223990664,
                "active": true
            },
            "14": {
                "nrn_to": 8,
                "nrn_from": 5,
                "weight": 0.38534047906417745,
                "active": true
            },
            "18": {
                "nrn_to": 9,
                "nrn_from": 3,
                "weight": 0.08713941812131522,
                "active": true
            },
            "24": {
                "nrn_to": 10,
                "nrn_from": 7,
                "weight": -0.056149440505678536,
                "active": true
            },
            "26": {
                "nrn_to": 11,
                "nrn_from": 7,
                "weight": 0.14833052261167773,
                "active": true
            },
            "31": {
                "nrn_to": 11,
                "nrn_from": 5,
                "weight": 1.043334559890347,
                "active": true
            }
        }
    }
}