{
    "Num species": 1,
    "Species 0 num animals": 60,
    "Species 0 top fitness": -103.98242221990603,
    "Species 0 mean fitness": -165.87837379304545,
    "Species 0 std fitness": 127.97548638043251,
    "Species 0 top animal N hidden neurons": 0,
    "Species 0 top animal N synapses": 3,
    "Species 0 top animal": {
        "neurons": {
            "0": {
                "type": "i",
                "bias": 0.0619326699694997
            },
            "1": {
                "type": "i",
                "bias": -0.11870804783274291
            },
            "2": {
                "type": "i",
                "bias": -0.018344415176221537
            },
            "3": {
                "type": "i",
                "bias": -0.04877601731892745
            },
            "4": {
                "type": "i",
                "bias": 0.13728897375496069
            },
            "5": {
                "type": "i",
                "bias": 0.040715329646620654
            },
            "6": {
                "type": "i",
                "bias": -0.061657904679168665
            },
            "7": {
                "type": "i",
                "bias": -0.03388042564705998
            },
            "8": {
                "type": "o",
                "bias": 0.08146034599467586
            },
            "9": {
                "type": "o",
                "bias": 0.15148858165786
            },
            "10": {
                "type": "o",
                "bias": 0.01835248785972048
            },
            "11": {
                "type": "o",
                "bias": -0.03613846999792074
            }
        },
        "synapses": {
            "33": {
                "nrn_to": 10,
                "nrn_from": 3,
                "weight": -0.08379834515369092,
                "active": true
            },
            "26": {
                "nrn_to": 9,
                "nrn_from": 2,
                "weight": 0.48663847175737995,
                "active": true
            },
            "13": {
                "nrn_to": 8,
                "nrn_from": 1,
                "weight": 0.4544005497796215,
                "active": true
            }
        }
    }
}