{
    "Num species": 1,
    "Species 0 num animals": 60,
    "Species 0 top fitness": 205.72958456669636,
    "Species 0 mean fitness": -40.16556567881965,
    "Species 0 std fitness": 169.88584247248528,
    "Species 0 top animal N hidden neurons": 0,
    "Species 0 top animal N synapses": 9,
    "Species 0 top animal": {
        "neurons": {
            "0": {
                "type": "i",
                "bias": -0.1888988196877091
            },
            "1": {
                "type": "i",
                "bias": 0.29670107662266904
            },
            "2": {
                "type": "i",
                "bias": 0.08110064366198087
            },
            "3": {
                "type": "i",
                "bias": -0.01830415335015309
            },
            "4": {
                "type": "i",
                "bias": -0.2128994348820651
            },
            "5": {
                "type": "i",
                "bias": 0.11916728333704765
            },
            "6": {
                "type": "i",
                "bias": 0.037164321635740086
            },
            "7": {
                "type": "i",
                "bias": 0.1304946403260738
            },
            "8": {
                "type": "o",
                "bias": 0.23426787534315063
            },
            "9": {
                "type": "o",
                "bias": 0.09577138291981652
            },
            "10": {
                "type": "o",
                "bias": 0.1340993734343443
            },
            "11": {
                "type": "o",
                "bias": 0.07319598346467734
            }
        },
        "synapses": {
            "32": {
                "nrn_to": 8,
                "nrn_from": 6,
                "weight": -0.08875001015576899,
                "active": false
            },
            "34": {
                "nrn_to": 11,
                "nrn_from": 2,
                "weight": -0.3353415474277025,
                "active": true
            },
            "42": {
                "nrn_to": 11,
                "nrn_from": 0,
                "weight": -0.46428781434668376,
                "active": true
            },
            "48": {
                "nrn_to": 9,
                "nrn_from": 7,
                "weight": 0.3582883638999301,
                "active": false
            },
            "18": {
                "nrn_to": 9,
                "nrn_from": 4,
                "weight": -0.010451781969664287,
                "active": true
            },
            "19": {
                "nrn_to": 8,
                "nrn_from": 3,
                "weight": 1.313103467818058,
                "active": true
            },
            "21": {
                "nrn_to": 8,
                "nrn_from": 4,
                "weight": 0.1800951879676844,
                "active": true
            },
            "22": {
                "nrn_to": 11,
                "nrn_from": 4,
                "weight": 0.9767817781062907,
                "active": true
            },
            "29": {
                "nrn_to": 11,
                "nrn_from": 5,
                "weight": 0.31576046230136945,
                "active": true
            }
        }
    }
}