{
    "Num species": 4,
    "Species 0 num animals": 13,
    "Species 0 top fitness": -20.910400676198364,
    "Species 0 mean fitness": -100.16408168375507,
    "Species 0 std fitness": 84.46481074689996,
    "Species 0 top animal N hidden neurons": 0,
    "Species 0 top animal N synapses": 12,
    "Species 0 top animal": {
        "neurons": {
            "0": {
                "type": "i",
                "bias": 0.2797062829182805
            },
            "1": {
                "type": "i",
                "bias": -0.09022728875876636
            },
            "2": {
                "type": "i",
                "bias": 0.2214355387775571
            },
            "3": {
                "type": "i",
                "bias": 0.09841664177878498
            },
            "4": {
                "type": "i",
                "bias": 0.47367643462621495
            },
            "5": {
                "type": "i",
                "bias": -0.07582875356258906
            },
            "6": {
                "type": "i",
                "bias": -0.6086788361025394
            },
            "7": {
                "type": "i",
                "bias": 0.06370004933843151
            },
            "8": {
                "type": "o",
                "bias": -0.13000825439685532
            },
            "9": {
                "type": "o",
                "bias": -0.18182494342869493
            },
            "10": {
                "type": "o",
                "bias": 0.10381611684280512
            },
            "11": {
                "type": "o",
                "bias": 0.04984080974814552
            }
        },
        "synapses": {
            "33": {
                "nrn_to": 11,
                "nrn_from": 5,
                "weight": 0.14454482930932114,
                "active": true
            },
            "37": {
                "nrn_to": 10,
                "nrn_from": 6,
                "weight": -0.19923230425646213,
                "active": true
            },
            "38": {
                "nrn_to": 9,
                "nrn_from": 3,
                "weight": -0.17344495010694366,
                "active": false
            },
            "39": {
                "nrn_to": 10,
                "nrn_from": 5,
                "weight": -0.42287571606460583,
                "active": true
            },
            "43": {
                "nrn_to": 8,
                "nrn_from": 0,
                "weight": -0.004753133785240622,
                "active": false
            },
            "12": {
                "nrn_to": 9,
                "nrn_from": 4,
                "weight": -0.9286704715348834,
                "active": true
            },
            "13": {
                "nrn_to": 9,
                "nrn_from": 2,
                "weight": 0.5035813097817611,
                "active": true
            },
            "17": {
                "nrn_to": 8,
                "nrn_from": 6,
                "weight": -0.48519129277827266,
                "active": false
            },
            "21": {
                "nrn_to": 8,
                "nrn_from": 1,
                "weight": 0.33207083464184495,
                "active": true
            },
            "53": {
                "nrn_to": 11,
                "nrn_from": 7,
                "weight": 0.46016360144672536,
                "active": true
            },
            "23": {
                "nrn_to": 8,
                "nrn_from": 7,
                "weight": -0.6821868839789954,
                "active": true
            },
            "29": {
                "nrn_to": 11,
                "nrn_from": 4,
                "weight": 1.063705519696434,
                "active": true
            }
        }
    },
    "Species 2 num animals": 25,
    "Species 2 top fitness": -8.216638538896687,
    "Species 2 mean fitness": -56.781083964756526,
    "Species 2 std fitness": 53.5921262835753,
    "Species 2 top animal N hidden neurons": 0,
    "Species 2 top animal N synapses": 12,
    "Species 2 top animal": {
        "neurons": {
            "0": {
                "type": "i",
                "bias": 0.02240858690163198
            },
            "1": {
                "type": "i",
                "bias": 0.27157120971357146
            },
            "2": {
                "type": "i",
                "bias": 0.179447032042664
            },
            "3": {
                "type": "i",
                "bias": 0.024921170770575957
            },
            "4": {
                "type": "i",
                "bias": 0.10249034528515708
            },
            "5": {
                "type": "i",
                "bias": -0.3545430996407066
            },
            "6": {
                "type": "i",
                "bias": -0.4422745755453659
            },
            "7": {
                "type": "i",
                "bias": 0.0911551026384076
            },
            "8": {
                "type": "o",
                "bias": -0.20324293760481466
            },
            "9": {
                "type": "o",
                "bias": -0.0777271553341241
            },
            "10": {
                "type": "o",
                "bias": 0.21083289894740465
            },
            "11": {
                "type": "o",
                "bias": 0.15708377765005235
            }
        },
        "synapses": {
            "39": {
                "nrn_to": 10,
                "nrn_from": 5,
                "weight": -1.106178849689146,
                "active": true
            },
            "40": {
                "nrn_to": 9,
                "nrn_from": 1,
                "weight": 0.41840127340316424,
                "active": true
            },
            "43": {
                "nrn_to": 8,
                "nrn_from": 0,
                "weight": 0.02449506399120965,
                "active": false
            },
            "12": {
                "nrn_to": 9,
                "nrn_from": 4,
                "weight": -1.7780838380055897,
                "active": true
            },
            "13": {
                "nrn_to": 9,
                "nrn_from": 2,
                "weight": -0.11387159548125067,
                "active": false
            },
            "17": {
                "nrn_to": 8,
                "nrn_from": 6,
                "weight": -0.11505168954491618,
                "active": true
            },
            "18": {
                "nrn_to": 9,
                "nrn_from": 6,
                "weight": 0.23127138515484202,
                "active": true
            },
            "19": {
                "nrn_to": 10,
                "nrn_from": 0,
                "weight": -0.05777605806808297,
                "active": true
            },
            "21": {
                "nrn_to": 8,
                "nrn_from": 1,
                "weight": 0.5577590419308676,
                "active": true
            },
            "53": {
                "nrn_to": 11,
                "nrn_from": 7,
                "weight": 0.26487174008672104,
                "active": true
            },
            "23": {
                "nrn_to": 8,
                "nrn_from": 7,
                "weight": -3.0,
                "active": true
            },
            "29": {
                "nrn_to": 11,
                "nrn_from": 4,
                "weight": 0.9911705038816533,
                "active": true
            }
        }
    },
    "Species 1 num animals": 15,
    "Species 1 top fitness": -19.625190309306763,
    "Species 1 mean fitness": -67.16996950197617,
    "Species 1 std fitness": 31.999022653565188,
    "Species 1 top animal N hidden neurons": 0,
    "Species 1 top animal N synapses": 14,
    "Species 1 top animal": {
        "neurons": {
            "0": {
                "type": "i",
                "bias": 0.11127724827145456
            },
            "1": {
                "type": "i",