{
    "Num species": 1,
    "Species 0 num animals": 60,
    "Species 0 top fitness": -94.56557648048695,
    "Species 0 mean fitness": -166.51995197418339,
    "Species 0 std fitness": 82.17202690354571,
    "Species 0 top animal N hidden neurons": 0,
    "Species 0 top animal N synapses": 2,
    "Species 0 top animal": {
        "neurons": {
            "0": {
                "type": "i",
                "bias": -0.02390042704502701
            },
            "1": {
                "type": "i",
                "bias": -0.06637427135323214
            },
            "2": {
                "type": "i",
                "bias": -0.06187439628030272
            },
            "3": {
                "type": "i",
                "bias": -0.14054247264862865
            },
            "4": {
                "type": "i",
                "bias": 0.021906838357527263
            },
            "5": {
                "type": "i",
                "bias": 0.016395459269574583
            },
            "6": {
                "type": "i",
                "bias": -0.021366219903227894
            },
            "7": {
                "type": "i",
                "bias": 0.09030590324741343
            },
            "8": {
                "type": "o",
                "bias": 0.10822132620691957
            },
            "9": {
                "type": "o",
                "bias": -0.05900194328035532
            },
            "10": {
                "type": "o",
                "bias": -0.08454112762765553
            },
            "11": {
                "type": "o",
                "bias": -0.1586514915216548
            }
        },
        "synapses": {
            "20": {
                "nrn_to": 11,
                "nrn_from": 0,
                "weight": 0.611251458797591,
                "active": true
            },
            "36": {
                "nrn_to": 10,
                "nrn_from": 5,
                "weight": -0.43999930689562916,
                "active": true
            }
        }
    }
}