{
    "Num species": 2,
    "Species 1 num animals": 43,
    "Species 1 top fitness": 1.5551339747520052,
    "Species 1 mean fitness": -81.55432879869015,
    "Species 1 std fitness": 111.53323344187902,
    "Species 1 top animal N hidden neurons": 1,
    "Species 1 top animal N synapses": 15,
    "Species 1 top animal": {
        "neurons": {
            "0": {
                "type": "i",
                "bias": 0.9990338492065419
            },
            "1": {
                "type": "i",
                "bias": -0.15443848003162813
            },
            "2": {
                "type": "i",
                "bias": -0.008618137346483408
            },
            "3": {
                "type": "i",
                "bias": 0.09418059836593347
            },
            "4": {
                "type": "i",
                "bias": 0.8844976346459652
            },
            "5": {
                "type": "i",
                "bias": -0.06273008240572286
            },
            "6": {
                "type": "i",
                "bias": -0.12191316521785411
            },
            "7": {
                "type": "i",
                "bias": 0.24456658275002371
            },
            "8": {
                "type": "o",
                "bias": 0.10310491154619934
            },
            "9": {
                "type": "o",
                "bias": 0.24709308011138872
            },
            "10": {
                "type": "o",
                "bias": 0.22406504317676518
            },
            "11": {
                "type": "o",
                "bias": 0.15273079564557335
            },
            "154": {
                "type": "h",
                "bias": -0.20292119377117754
            }
        },
        "synapses": {
            "35": {
                "nrn_to": 9,
                "nrn_from": 5,
                "weight": -0.24244070838558662,
                "active": true
            },
            "37": {
                "nrn_to": 9,
                "nrn_from": 7,
                "weight": -0.04740616436687217,
                "active": false
            },
            "38": {
                "nrn_to": 8,
                "nrn_from": 1,
                "weight": 0.0680675259050699,
                "active": false
            },
            "39": {
                "nrn_to": 9,
                "nrn_from": 2,
                "weight": 0.3086240857094856,
                "active": true
            },
            "43": {
                "nrn_to": 9,
                "nrn_from": 3,
                "weight": 0.20169306395954442,
                "active": true
            },
            "155": {
                "active": true,
                "nrn_to": 154,
                "nrn_from": 1,
                "weight": 1.0876564215579354
            },
            "13": {
                "nrn_to": 8,
                "nrn_from": 5,
                "weight": 0.12474477205441781,
                "active": false
            },
            "44": {
                "nrn_to": 11,
                "nrn_from": 5,
                "weight": 0.7207134503864434,
                "active": true
            },
            "16": {
                "nrn_to": 9,
                "nrn_from": 6,
                "weight": -0.3360108693322115,
                "active": true
            },
            "17": {
                "nrn_to": 10,
                "nrn_from": 7,
                "weight": -0.18397880056921462,
                "active": true
            },
            "179": {
                "nrn_to": 154,
                "nrn_from": 5,
                "weight": -0.7656554683223062,
                "active": true
            },
            "24": {
                "nrn_to": 10,
                "nrn_from": 1,
                "weight": -0.33029939644427575,
                "active": false
            },
            "27": {
                "nrn_to": 11,
                "nrn_from": 7,
                "weight": 0.45041978516018777,
                "active": true
            },
            "156": {
                "active": true,
                "nrn_to": 10,
                "nrn_from": 154,
                "weight": -0.10505678392658331
            },
            "29": {
                "nrn_to": 10,
                "nrn_from": 6,
                "weight": 0.1338499140623619,
                "active": false
            }
        }
    },
    "Species 0 num animals": 17,
    "Species 0 top fitness": -16.182258371272532,
    "Species 0 mean fitness": -121.43367741513737,
    "Species 0 std fitness": 139.15918171149147,
    "Species 0 top animal N hidden neurons": 1,
    "Species 0 top animal N synapses": 13,
    "Species 0 top animal": {
        "neurons": {
            "0": {
                "type": "i",
                "bias": 1.1009275537896734
            },
            "1": {
                "type": "i",
                "bias": 0.14476827829935124
            },
            "2": {
                "type": "i",
                "bias": 0.14477808305191203
            },
            "3": {
                "type": "i",
                "bias": 0.17646770592479774
            },
            "4": {
                "type": "i",
                "bias": 0.5220658908410496
            },
            "5": {
                "type": "i",
                "bias": -0.0782844835085032
            },
            "6": {
                "type": "i",
                "bias": -0.046700702007079764
            },
            "7": {
                "type": "i",
                "bias": 0.0784173265979944
            },
            "8": {
                "type": "o",
                "bias": -0.03388706475471143
            },
            "9": {
                "type": "o",
                "bias": 0.08234871138351045
            },
            "10": {
                "type": "o",
                "bias": 0.1682463844552528
            },
            "11": {
                "type": "o",
                "bias": 0.02885096898663516
            },
            "160": {
                "type": "h",
                "bias": 0.009273715198816946
            }
        },
        "synapses": {
            "161": {
                "active": true,
                "nrn_to": 160,
                "nrn_from": 1,
                "weight": 0.9998774803559909
            },
            "162": {
                "active": true,
                "nrn_to": 10,
                "nrn_from": 160,
                "weight": -0.1514693004422219
            },
            "35": {
                "nrn_to": 9,
                "nrn_from": 5,
                "weight": -0.317648285401715,
                "active": true
            },
            "37": {
                "nrn_to": 9,
                "nrn_from": 7,
                "weight": -0.050009425236701016,
                "active": false
            },
            "38": {
                "nrn_to": 8,
                "nrn_from": 1,
                "weight": 0.12514622756632093,
                "active": false
            },
            "43": {
                "nrn_to": 9,
                "nrn_from": 3,
                "weight": 0.051943424230529875,
                "active": true
            },
            "44": {
                "nrn_to": 11,
                "nrn_from": 5,
                "weight": 1.7978239060677677,
                "active": true
            },
            "13": {
                "nrn_to": 8,
                "nrn_from": 5,
                "weight": 0.3372204343509696,
                "active": true
            },
            "16": {
                "nrn_to": 9,
                "nrn_from": 6,
                "weight": -0.8908939679160723,
                "active": true
            },
            "24": {
                "nrn_to": 10,
                "nrn_from": 1,
                "weight": -0.37684060751993553,
                "active": false
            },
            "27": {
                "nrn_to": 11,
                "nrn_from": 7,