{
    "Num species": 1,
    "Species 0 num animals": 60,
    "Species 0 top fitness": -102.95719545030023,
    "Species 0 mean fitness": -139.0066469396533,
    "Species 0 std fitness": 48.91597993790261,
    "Species 0 top animal N hidden neurons": 0,
    "Species 0 top animal N synapses": 5,
    "Species 0 top animal": {
        "neurons": {
            "0": {
                "type": "i",
                "bias": -0.04627038454938355
            },
            "1": {
                "type": "i",
                "bias": -0.013166095492675802
            },
            "2": {
                "type": "i",
                "bias": -0.02120580262485831
            },
            "3": {
                "type": "i",
                "bias": 0.05513899125886529
            },
            "4": {
                "type": "i",
                "bias": -0.08323175561019314
            },
            "5": {
                "type": "i",
                "bias": -0.10495453039045836
            },
            "6": {
                "type": "i",
                "bias": -0.02781823900406087
            },
            "7": {
                "type": "i",
                "bias": -0.09172385507588393
            },
            "8": {
                "type": "o",
                "bias": 0.293803792187287
            },
            "9": {
                "type": "o",
                "bias": 0.011301679254741268
            },
            "10": {
                "type": "o",
                "bias": -0.025337894584185103
            },
            "11": {
                "type": "o",
                "bias": -0.1274230341977961
            }
        },
        "synapses": {
            "34": {
                "nrn_to": 10,
                "nrn_from": 4,
                "weight": -0.2607756826994208,
                "active": true
            },
            "23": {
                "nrn_to": 8,
                "nrn_from": 7,
                "weight": -0.17344083045762054,
                "active": true
            },
            "22": {
                "nrn_to": 11,
                "nrn_from": 4,
                "weight": 0.5921684127737105,
                "active": true
            },
            "15": {
                "nrn_to": 10,
                "nrn_from": 5,
                "weight": -0.32247528331493824,
                "active": true
            },
            "32": {
                "nrn_to": 10,
                "nrn_from": 3,
                "weight": 0.05914303291082236,
                "active": true
            }
        }
    }
}