{
    "Num species": 2,
    "Species 0 num animals": 39,
    "Species 0 top fitness": -44.016161860044015,
    "Species 0 mean fitness": -95.09749017881771,
    "Species 0 std fitness": 53.18929640665682,
    "Species 0 top animal N hidden neurons": 0,
    "Species 0 top animal N synapses": 10,
    "Species 0 top animal": {
        "neurons": {
            "0": {
                "type": "i",
                "bias": 0.054365173554040205
            },
            "1": {
                "type": "i",
                "bias": 0.27404286837016
            },
            "2": {
                "type": "i",
                "bias": 0.08286489040386325
            },
            "3": {
                "type": "i",
                "bias": -0.0003767009459765616
            },
            "4": {
                "type": "i",
                "bias": 0.09022224105901708
            },
            "5": {
                "type": "i",
                "bias": 0.3713283532035572
            },
            "6": {
                "type": "i",
                "bias": 0.20299554083111396
            },
            "7": {
                "type": "i",
                "bias": 0.17569733144805472
            },
            "8": {
                "type": "o",
                "bias": -0.029120476013646167
            },
            "9": {
                "type": "o",
                "bias": 0.08537226504882832
            },
            "10": {
                "type": "o",
                "bias": 0.08541320102095928
            },
            "11": {
                "type": "o",
                "bias": -0.05473320464192252
            }
        },
        "synapses": {
            "35": {
                "nrn_to": 10,
                "nrn_from": 0,
                "weight": -0.06280826152584007,
                "active": true
            },
            "36": {
                "nrn_to": 11,
                "nrn_from": 4,
                "weight": 1.1096909147343668,
                "active": true
            },
            "39": {
                "nrn_to": 11,
                "nrn_from": 0,
                "weight": -0.0770543515039667,
                "active": true
            },
            "14": {
                "nrn_to": 10,
                "nrn_from": 5,
                "weight": 0.6217467695117735,
                "active": true
            },
            "15": {
                "nrn_to": 9,
                "nrn_from": 6,
                "weight": -0.23346762121279824,
                "active": true
            },
            "16": {
                "nrn_to": 9,
                "nrn_from": 1,
                "weight": -0.05077778809386619,
                "active": false
            },
            "17": {
                "nrn_to": 11,
                "nrn_from": 7,
                "weight": 0.08189980561476431,
                "active": false
            },
            "23": {
                "nrn_to": 8,
                "nrn_from": 5,
                "weight": 0.022739811189319337,
                "active": true
            },
            "24": {
                "nrn_to": 8,
                "nrn_from": 1,
                "weight": 0.14019946086945348,
                "active": true
            },
            "25": {
                "nrn_to": 11,
                "nrn_from": 6,
                "weight": -0.011757268269292069,
                "active": false
            }
        }
    },
    "Species 1 num animals": 21,
    "Species 1 top fitness": -97.73240035940351,
    "Species 1 mean fitness": -1060.296656575163,
    "Species 1 std fitness": 223.86645252006204,
    "Species 1 top animal N hidden neurons": 0,
    "Species 1 top animal N synapses": 10,
    "Species 1 top animal": {
        "neurons": {
            "0": {
                "type": "i",
                "bias": -0.05107185103029671
            },
            "1": {
                "type": "i",
                "bias": 0.0799525038014755
            },
            "2": {
                "type": "i",
                "bias": 0.05963866281824211
            },
            "3": {
                "type": "i",
                "bias": -0.058883424064863715
            },
            "4": {
                "type": "i",
                "bias": 0.26397224195792784
            },
            "5": {
                "type": "i",
                "bias": 0.2549717922093601
            },
            "6": {
                "type": "i",
                "bias": 0.19921197601072874
            },
            "7": {
                "type": "i",
                "bias": 0.1378716879175128
            },
            "8": {
                "type": "o",
                "bias": -0.007973736807181123
            },
            "9": {
                "type": "o",
                "bias": 0.14508171511587944
            },
            "10": {
                "type": "o",
                "bias": 0.09833891607234206
            },
            "11": {
                "type": "o",
                "bias": -0.07902119743235132
            }
        },
        "synapses": {
            "33": {
                "nrn_to": 10,
                "nrn_from": 7,
                "weight": -0.28857473470439843,
                "active": true
            },
            "35": {
                "nrn_to": 10,
                "nrn_from": 0,
                "weight": -0.040334295578168894,
                "active": false
            },
            "36": {
                "nrn_to": 11,
                "nrn_from": 4,
                "weight": 1.1075314731541226,
                "active": true
            },
            "37": {
                "nrn_to": 9,
                "nrn_from": 7,
                "weight": -0.46196715336345867,
                "active": true
            },
            "39": {
                "nrn_to": 11,
                "nrn_from": 0,
                "weight": -0.2638691475618953,
                "active": true
            },
            "14": {
                "nrn_to": 10,
                "nrn_from": 5,
                "weight": 1.2283085895812529,
                "active": true
            },
            "15": {
                "nrn_to": 9,
                "nrn_from": 6,
                "weight": -0.222578928255368,
                "active": true
            },
            "16": {
                "nrn_to": 9,
                "nrn_from": 1,
                "weight": -0.17159083085074325,
                "active": false
            },
            "24": {
                "nrn_to": 8,
                "nrn_from": 1,
                "weight": 0.13831433197140444,
                "active": true
            },
            "25": {
                "nrn_to": 11,
                "nrn_from": 6,
                "weight": 0.011058974275839732,
                "active": false
            }
        }
    }
}