{
    "Num species": 2,
    "Species 0 num animals": 42,
    "Species 0 top fitness": 261.549837566546,
    "Species 0 mean fitness": 125.5539743832542,
    "Species 0 std fitness": 145.68162034608932,
    "Species 0 top animal N hidden neurons": 0,
    "Species 0 top animal N synapses": 13,
    "Species 0 top animal": {
        "neurons": {
            "0": {
                "type": "i",
                "bias": -0.009998218077614042
            },
            "1": {
                "type": "i",
                "bias": -0.09313722060537108
            },
            "2": {
                "type": "i",
                "bias": -0.2063370372395079
            },
            "3": {
                "type": "i",
                "bias": -0.42852904890946014
            },
            "4": {
                "type": "i",
                "bias": 0.1756011812680671
            },
            "5": {
                "type": "i",
                "bias": -0.6540835749098955
            },
            "6": {
                "type": "i",
                "bias": -0.10389767404942524
            },
            "7": {
                "type": "i",
                "bias": -0.3609682341903113
            },
            "8": {
                "type": "o",
                "bias": 0.12885342346854511
            },
            "9": {
                "type": "o",
                "bias": 0.09218165464678194
            },
            "10": {
                "type": "o",
                "bias": 0.005202173161240729
            },
            "11": {
                "type": "o",
                "bias": 0.04738146864277881
            }
        },
        "synapses": {
            "41": {
                "nrn_to": 11,
                "nrn_from": 7,
                "weight": -0.8102906772863527,
                "active": true
            },
            "42": {
                "nrn_to": 8,
                "nrn_from": 1,
                "weight": -0.22505383384840152,
                "active": true
            },
            "43": {
                "nrn_to": 11,
                "nrn_from": 2,
                "weight": -0.35539096332389575,
                "active": true
            },
            "14": {
                "nrn_to": 11,
                "nrn_from": 1,
                "weight": 0.045392910042944795,
                "active": true
            },
            "18": {
                "nrn_to": 11,
                "nrn_from": 4,
                "weight": 0.7615396727209136,
                "active": true
            },
            "19": {
                "nrn_to": 10,
                "nrn_from": 3,
                "weight": -0.35366283856723013,
                "active": true
            },
            "21": {
                "nrn_to": 9,
                "nrn_from": 6,
                "weight": -0.09542189296809653,
                "active": true
            },
            "22": {
                "nrn_to": 8,
                "nrn_from": 3,
                "weight": 0.7329139984149732,
                "active": true
            },
            "23": {
                "nrn_to": 11,
                "nrn_from": 5,
                "weight": 0.3722461312004379,
                "active": true
            },
            "24": {
                "nrn_to": 9,
                "nrn_from": 3,
                "weight": 0.1620497581326183,
                "active": true
            },
            "27": {
                "nrn_to": 9,
                "nrn_from": 5,
                "weight": -0.21792290513567336,
                "active": true
            },
            "28": {
                "nrn_to": 11,
                "nrn_from": 0,
                "weight": -0.560524283360955,
                "active": true
            },
            "30": {
                "nrn_to": 8,
                "nrn_from": 5,
                "weight": -0.30196801732699863,
                "active": false
            }
        }
    },
    "Species 1 num animals": 18,
    "Species 1 top fitness": 22.64338089662707,
    "Species 1 mean fitness": -52.61964082183863,
    "Species 1 std fitness": 47.026577174663394,
    "Species 1 top animal N hidden neurons": 1,
    "Species 1 top animal N synapses": 14,
    "Species 1 top animal": {
        "neurons": {
            "0": {
                "type": "i",
                "bias": 0.0415458724111391
            },
            "1": {
                "type": "i",
                "bias": 0.0056191949559462745
            },
            "2": {
                "type": "i",
                "bias": -0.04587041431216446
            },
            "3": {
                "type": "i",
                "bias": -0.3448313576128474
            },
            "4": {
                "type": "i",
                "bias": -0.040044093505059115
            },
            "5": {
                "type": "i",
                "bias": -0.4009928258966781
            },
            "6": {
                "type": "i",
                "bias": 0.059972548898786004
            },
            "7": {
                "type": "i",
                "bias": 0.07322919803444328
            },
            "8": {
                "type": "o",
                "bias": 0.24877316091236248
            },
            "9": {
                "type": "o",
                "bias": 0.12215863563614737
            },
            "10": {
                "type": "o",
                "bias": 0.1118048355040249
            },
            "11": {
                "type": "o",
                "bias": 0.10499132369806863
            },
            "144": {
                "type": "h",
                "bias": 0.035250823290005215
            }
        },
        "synapses": {
            "32": {
                "nrn_to": 10,
                "nrn_from": 6,
                "weight": 0.10794482940014063,
                "active": false
            },
            "35": {
                "nrn_to": 11,
                "nrn_from": 3,
                "weight": 0.4064452003370306,
                "active": true
            },
            "41": {
                "nrn_to": 11,
                "nrn_from": 7,
                "weight": 0.10233844356784808,
                "active": false
            },
            "43": {
                "nrn_to": 11,
                "nrn_from": 2,
                "weight": -0.3319038478388286,
                "active": true
            },
            "145": {
                "active": true,
                "nrn_to": 144,
                "nrn_from": 3,
                "weight": 0.8870585444355559
            },
            "18": {
                "nrn_to": 11,
                "nrn_from": 4,
                "weight": 2.972176196274798,
                "active": true
            },
            "19": {
                "nrn_to": 10,
                "nrn_from": 3,
                "weight": -0.20606627330119714,
                "active": true
            },
            "146": {
                "active": true,
                "nrn_to": 9,
                "nrn_from": 144,
                "weight": -0.8098191649158322
            },
            "21": {
                "nrn_to": 9,
                "nrn_from": 6,
                "weight": -0.24930636253039035,
                "active": true
            },
            "22": {
                "nrn_to": 8,
                "nrn_from": 3,
                "weight": 2.1624602014176175,
                "active": true
            },
            "23": {
                "nrn_to": 11,
                "nrn_from": 5,
                "weight": 0.07273372873690483,
                "active": false
            },
            "24": {
                "nrn_to": 9,
                "nrn_from": 3,
                "weight": -0.8578075655818457,
                "active": false
            },
            "27": {
                "nrn_to": 9,
                "nrn_from": 5,
                "weight": -0.12126487220950784,
                "active": true
            },