{
    "Num species": 1,
    "Species 0 num animals": 60,
    "Species 0 top fitness": -12.26947906864646,
    "Species 0 mean fitness": -84.89894412884364,
    "Species 0 std fitness": 34.19597618407667,
    "Species 0 top animal N hidden neurons": 0,
    "Species 0 top animal N synapses": 6,
    "Species 0 top animal": {
        "neurons": {
            "0": {
                "type": "i",
                "bias": 0.23531908957901587
            },
            "1": {
                "type": "i",
                "bias": 0.03852424314603592
            },
            "2": {
                "type": "i",
                "bias": -0.058276797433534686
            },
            "3": {
                "type": "i",
                "bias": -0.24369673047491597
            },
            "4": {
                "type": "i",
                "bias": -0.04110956155854955
            },
            "5": {
                "type": "i",
                "bias": -0.05842510282526967
            },
            "6": {
                "type": "i",
                "bias": 0.19641014883045296
            },
            "7": {
                "type": "i",
                "bias": -0.0682538108291118
            },
            "8": {
                "type": "o",
                "bias": -0.009552449853973468
            },
            "9": {
                "type": "o",
                "bias": -0.030882365723682678
            },
            "10": {
                "type": "o",
                "bias": -0.030774789563991614
            },
            "11": {
                "type": "o",
                "bias": 0.08675154639147775
            }
        },
        "synapses": {
            "48": {
                "nrn_to": 10,
                "nrn_from": 3,
                "weight": -0.23243941391979095,
                "active": true
            },
            "33": {
                "nrn_to": 11,
                "nrn_from": 5,
                "weight": 0.4389980332599398,
                "active": true
            },
            "22": {
                "nrn_to": 8,
                "nrn_from": 1,
                "weight": 0.17449680166252737,
                "active": true
            },
            "12": {
                "nrn_to": 10,
                "nrn_from": 4,
                "weight": -0.1370274263320747,
                "active": false
            },
            "45": {
                "nrn_to": 9,
                "nrn_from": 2,
                "weight": 0.2991563206867313,
                "active": true
            },
            "14": {
                "nrn_to": 8,
                "nrn_from": 2,
                "weight": -0.47072347766195294,
                "active": true
            }
        }
    }
}