{
    "Num species": 2,
    "Species 0 num animals": 44,
    "Species 0 top fitness": 262.4063243709212,
    "Species 0 mean fitness": 71.59397026179018,
    "Species 0 std fitness": 231.7163497031079,
    "Species 0 top animal N hidden neurons": 0,
    "Species 0 top animal N synapses": 13,
    "Species 0 top animal": {
        "neurons": {
            "0": {
                "type": "i",
                "bias": 0.07900484040438141
            },
            "1": {
                "type": "i",
                "bias": -0.1357805722327664
            },
            "2": {
                "type": "i",
                "bias": -0.10843389700588044
            },
            "3": {
                "type": "i",
                "bias": -0.289785779982275
            },
            "4": {
                "type": "i",
                "bias": 0.09116748484764965
            },
            "5": {
                "type": "i",
                "bias": -0.6540835749098955
            },
            "6": {
                "type": "i",
                "bias": 0.07398569365287129
            },
            "7": {
                "type": "i",
                "bias": -0.2931150879038008
            },
            "8": {
                "type": "o",
                "bias": 0.16168606662619844
            },
            "9": {
                "type": "o",
                "bias": 0.09274658951971977
            },
            "10": {
                "type": "o",
                "bias": 0.012027198771793621
            },
            "11": {
                "type": "o",
                "bias": 0.04882605241329749
            }
        },
        "synapses": {
            "41": {
                "nrn_to": 11,
                "nrn_from": 7,
                "weight": -0.3552487405068752,
                "active": true
            },
            "42": {
                "nrn_to": 8,
                "nrn_from": 1,
                "weight": -0.16712388152521088,
                "active": true
            },
            "43": {
                "nrn_to": 11,
                "nrn_from": 2,
                "weight": -0.22830757209382732,
                "active": true
            },
            "18": {
                "nrn_to": 11,
                "nrn_from": 4,
                "weight": 0.5439203615745787,
                "active": true
            },
            "19": {
                "nrn_to": 10,
                "nrn_from": 3,
                "weight": -0.3421177039830348,
                "active": true
            },
            "21": {
                "nrn_to": 9,
                "nrn_from": 6,
                "weight": -0.12181064230494926,
                "active": true
            },
            "22": {
                "nrn_to": 8,
                "nrn_from": 3,
                "weight": 0.8168565748716268,
                "active": true
            },
            "23": {
                "nrn_to": 11,
                "nrn_from": 5,
                "weight": 0.18179793237408975,
                "active": true
            },
            "24": {
                "nrn_to": 9,
                "nrn_from": 3,
                "weight": 0.1787220699312463,
                "active": true
            },
            "27": {
                "nrn_to": 9,
                "nrn_from": 5,
                "weight": -0.3062473446381629,
                "active": true
            },
            "28": {
                "nrn_to": 11,
                "nrn_from": 0,
                "weight": -0.4776192807933447,
                "active": true
            },
            "30": {
                "nrn_to": 8,
                "nrn_from": 5,
                "weight": -0.3130478054551149,
                "active": false
            },
            "32": {
                "nrn_to": 10,
                "nrn_from": 6,
                "weight": -0.33445644461056895,
                "active": true
            }
        }
    },
    "Species 1 num animals": 16,
    "Species 1 top fitness": 9.59484370624219,
    "Species 1 mean fitness": -55.10545147474309,
    "Species 1 std fitness": 66.94612850068688,
    "Species 1 top animal N hidden neurons": 1,
    "Species 1 top animal N synapses": 14,
    "Species 1 top animal": {
        "neurons": {
            "0": {
                "type": "i",
                "bias": -0.021592935664528225
            },
            "1": {
                "type": "i",
                "bias": -0.037701285619918236
            },
            "2": {
                "type": "i",
                "bias": -0.04587041431216446
            },
            "3": {
                "type": "i",
                "bias": -0.4047149314095941
            },
            "4": {
                "type": "i",
                "bias": -0.0349851239222273
            },
            "5": {
                "type": "i",
                "bias": -0.4292811746886867
            },
            "6": {
                "type": "i",
                "bias": 0.059972548898786004
            },
            "7": {
                "type": "i",
                "bias": 0.07322919803444328
            },
            "8": {
                "type": "o",
                "bias": 0.24877316091236248
            },
            "9": {
                "type": "o",
                "bias": 0.12215863563614737
            },
            "10": {
                "type": "o",
                "bias": 0.1118048355040249
            },
            "11": {
                "type": "o",
                "bias": 0.10499132369806863
            },
            "144": {
                "type": "h",
                "bias": 0.0184377504589918
            }
        },
        "synapses": {
            "32": {
                "nrn_to": 10,
                "nrn_from": 6,
                "weight": -0.0353465219456707,
                "active": false
            },
            "35": {
                "nrn_to": 11,
                "nrn_from": 3,
                "weight": 0.4064452003370306,
                "active": true
            },
            "41": {
                "nrn_to": 11,
                "nrn_from": 7,
                "weight": 0.10233844356784808,
                "active": false
            },
            "43": {
                "nrn_to": 11,
                "nrn_from": 2,
                "weight": -0.3319038478388286,
                "active": true
            },
            "145": {
                "active": true,
                "nrn_to": 144,
                "nrn_from": 3,
                "weight": 0.8870585444355559
            },
            "18": {
                "nrn_to": 11,
                "nrn_from": 4,
                "weight": 2.972176196274798,
                "active": true
            },
            "19": {
                "nrn_to": 10,
                "nrn_from": 3,
                "weight": -0.20606627330119714,
                "active": true
            },
            "146": {
                "active": true,
                "nrn_to": 9,
                "nrn_from": 144,
                "weight": -0.8098191649158322
            },
            "21": {
                "nrn_to": 9,
                "nrn_from": 6,
                "weight": -0.24930636253039035,
                "active": true
            },
            "22": {
                "nrn_to": 8,
                "nrn_from": 3,
                "weight": 2.1624602014176175,
                "active": true
            },
            "23": {
                "nrn_to": 11,
                "nrn_from": 5,
                "weight": 0.11533205095766805,
                "active": false
            },
            "24": {
                "nrn_to": 9,
                "nrn_from": 3,
                "weight": -0.8807404814291221,
                "active": false
            },
            "27": {
                "nrn_to": 9,
                "nrn_from": 5,
                "weight": -0.12126487220950784,
                "active": true
            },
            "30": {
                "nrn_to": 8,