{
    "Num species": 3,
    "Species 1 num animals": 30,
    "Species 1 top fitness": 64.12208349890814,
    "Species 1 mean fitness": -3.2642909279250403,
    "Species 1 std fitness": 47.64156107301933,
    "Species 1 top animal N hidden neurons": 0,
    "Species 1 top animal N synapses": 12,
    "Species 1 top animal": {
        "neurons": {
            "0": {
                "type": "i",
                "bias": 0.07351803257202585
            },
            "1": {
                "type": "i",
                "bias": -0.14614931567144418
            },
            "2": {
                "type": "i",
                "bias": 0.65263261329817
            },
            "3": {
                "type": "i",
                "bias": 0.017401396565933563
            },
            "4": {
                "type": "i",
                "bias": 0.2345747508385815
            },
            "5": {
                "type": "i",
                "bias": -0.05273094215075608
            },
            "6": {
                "type": "i",
                "bias": -0.0718767309345588
            },
            "7": {
                "type": "i",
                "bias": 0.34071574358389556
            },
            "8": {
                "type": "o",
                "bias": -0.0032984542063862754
            },
            "9": {
                "type": "o",
                "bias": 0.010129258176220155
            },
            "10": {
                "type": "o",
                "bias": -0.06471950207677196
            },
            "11": {
                "type": "o",
                "bias": 0.05243660780603461
            }
        },
        "synapses": {
            "33": {
                "nrn_to": 11,
                "nrn_from": 0,
                "weight": -0.4182182233450508,
                "active": true
            },
            "34": {
                "nrn_to": 11,
                "nrn_from": 7,
                "weight": 0.20732098260387025,
                "active": false
            },
            "39": {
                "nrn_to": 11,
                "nrn_from": 4,
                "weight": 0.9115933820301317,
                "active": true
            },
            "42": {
                "nrn_to": 10,
                "nrn_from": 1,
                "weight": -0.3869216351732918,
                "active": true
            },
            "12": {
                "nrn_to": 8,
                "nrn_from": 7,
                "weight": 0.25484687650471893,
                "active": true
            },
            "13": {
                "nrn_to": 8,
                "nrn_from": 1,
                "weight": -0.06286823070473821,
                "active": true
            },
            "46": {
                "nrn_to": 9,
                "nrn_from": 4,
                "weight": 0.1827744847287815,
                "active": true
            },
            "15": {
                "nrn_to": 8,
                "nrn_from": 0,
                "weight": 1.4158715053314104,
                "active": true
            },
            "16": {
                "nrn_to": 9,
                "nrn_from": 1,
                "weight": 0.057419556884464595,
                "active": true
            },
            "47": {
                "nrn_to": 10,
                "nrn_from": 5,
                "weight": 0.3831363612105655,
                "active": true
            },
            "24": {
                "nrn_to": 10,
                "nrn_from": 3,
                "weight": -0.5910386177404433,
                "active": true
            },
            "29": {
                "nrn_to": 9,
                "nrn_from": 5,
                "weight": -0.43023544356648774,
                "active": true
            }
        }
    },
    "Species 2 num animals": 22,
    "Species 2 top fitness": 43.10267957551969,
    "Species 2 mean fitness": -27.592029945164096,
    "Species 2 std fitness": 42.34660953983472,
    "Species 2 top animal N hidden neurons": 0,
    "Species 2 top animal N synapses": 8,
    "Species 2 top animal": {
        "neurons": {
            "0": {
                "type": "i",
                "bias": 0.9967115507339487
            },
            "1": {
                "type": "i",
                "bias": -0.09266097471372257
            },
            "2": {
                "type": "i",
                "bias": 1.431154877583463
            },
            "3": {
                "type": "i",
                "bias": -0.1262371063026837
            },
            "4": {
                "type": "i",
                "bias": 0.2520673372794106
            },
            "5": {
                "type": "i",
                "bias": -0.1368186737364501
            },
            "6": {
                "type": "i",
                "bias": 0.0825811603010207
            },
            "7": {
                "type": "i",
                "bias": 0.010421372502071466
            },
            "8": {
                "type": "o",
                "bias": -0.19889359566796494
            },
            "9": {
                "type": "o",
                "bias": -0.0550665190780746
            },
            "10": {
                "type": "o",
                "bias": -0.03380354320255222
            },
            "11": {
                "type": "o",
                "bias": 0.07367376649891767
            }
        },
        "synapses": {
            "33": {
                "nrn_to": 11,
                "nrn_from": 0,
                "weight": -0.16645628067457569,
                "active": false
            },
            "34": {
                "nrn_to": 11,
                "nrn_from": 7,
                "weight": 0.2268194627857102,
                "active": false
            },
            "39": {
                "nrn_to": 11,
                "nrn_from": 4,
                "weight": 2.0086233106763762,
                "active": true
            },
            "16": {
                "nrn_to": 9,
                "nrn_from": 1,
                "weight": 0.29065330217386365,
                "active": true
            },
            "19": {
                "nrn_to": 9,
                "nrn_from": 2,
                "weight": 0.19376539894370354,
                "active": true
            },
            "24": {
                "nrn_to": 10,
                "nrn_from": 3,
                "weight": -0.2733997911578446,
                "active": true
            },
            "29": {
                "nrn_to": 9,
                "nrn_from": 5,
                "weight": -0.4226492426441153,
                "active": true
            },
            "31": {
                "nrn_to": 8,
                "nrn_from": 6,
                "weight": 0.2034626577293285,
                "active": true
            }
        }
    },
    "Species 3 num animals": 8,
    "Species 3 top fitness": -3.3756694005125945,
    "Species 3 mean fitness": -31.395066439430945,
    "Species 3 std fitness": 15.922815921614099,
    "Species 3 top animal N hidden neurons": 0,
    "Species 3 top animal N synapses": 7,
    "Species 3 top animal": {
        "neurons": {
            "0": {
                "type": "i",
                "bias": 1.9675930780862934
            },
            "1": {
                "type": "i",
                "bias": -0.20378243739920054
            },
            "2": {
                "type": "i",
                "bias": 1.449549278159221
            },
            "3": {
                "type": "i",
                "bias": -0.19351007996744643
            },
            "4": {
                "type": "i",
                "bias": 0.13663148621704102
            },
            "5": {
                "type": "i",
                "bias": -0.08675585525202976
            },
            "6": {
                "type": "i",
                "bias": 0.03628887738220062
            },
            "7": {
                "type": "i",
                "bias": 0.09008727962223548
            },