{
    "Num species": 1,
    "Species 0 num animals": 60,
    "Species 0 top fitness": -77.79736676120073,
    "Species 0 mean fitness": -104.38037551970497,
    "Species 0 std fitness": 13.598818562975687,
    "Species 0 top animal N hidden neurons": 0,
    "Species 0 top animal N synapses": 5,
    "Species 0 top animal": {
        "neurons": {
            "0": {
                "type": "i",
                "bias": 0.04799395630033871
            },
            "1": {
                "type": "i",
                "bias": -0.13764720683148446
            },
            "2": {
                "type": "i",
                "bias": 0.01967663101654249
            },
            "3": {
                "type": "i",
                "bias": -0.09828420630270267
            },
            "4": {
                "type": "i",
                "bias": -0.03118469680971642
            },
            "5": {
                "type": "i",
                "bias": -0.09032275714544594
            },
            "6": {
                "type": "i",
                "bias": 0.2185609852381467
            },
            "7": {
                "type": "i",
                "bias": 0.12647782299706103
            },
            "8": {
                "type": "o",
                "bias": 0.06577232189251606
            },
            "9": {
                "type": "o",
                "bias": -0.14055667490668083
            },
            "10": {
                "type": "o",
                "bias": 0.08904174922596973
            },
            "11": {
                "type": "o",
                "bias": 0.0
            }
        },
        "synapses": {
            "17": {
                "nrn_to": 8,
                "nrn_from": 1,
                "weight": 0.6865437131788754,
                "active": true
            },
            "18": {
                "nrn_to": 9,
                "nrn_from": 0,
                "weight": -0.21060144614119106,
                "active": true
            },
            "26": {
                "nrn_to": 11,
                "nrn_from": 4,
                "weight": 0.33091733600765505,
                "active": true
            },
            "27": {
                "nrn_to": 10,
                "nrn_from": 3,
                "weight": -0.2188087556880151,
                "active": true
            },
            "14": {
                "nrn_to": 10,
                "nrn_from": 4,
                "weight": -0.19763237746859103,
                "active": true
            }
        }
    }
}