{
    "Num species": 2,
    "Species 0 num animals": 19,
    "Species 0 top fitness": 150.42442913378827,
    "Species 0 mean fitness": 36.4149773372963,
    "Species 0 std fitness": 80.70093776091682,
    "Species 0 top animal N hidden neurons": 0,
    "Species 0 top animal N synapses": 10,
    "Species 0 top animal": {
        "neurons": {
            "0": {
                "type": "i",
                "bias": 0.1494363830608991
            },
            "1": {
                "type": "i",
                "bias": -0.3678890068808916
            },
            "2": {
                "type": "i",
                "bias": 0.024588359417160158
            },
            "3": {
                "type": "i",
                "bias": -0.14522473510392112
            },
            "4": {
                "type": "i",
                "bias": 3.993447774715275e-05
            },
            "5": {
                "type": "i",
                "bias": 0.010455337167505359
            },
            "6": {
                "type": "i",
                "bias": 0.11702956744671648
            },
            "7": {
                "type": "i",
                "bias": -0.050608573372116765
            },
            "8": {
                "type": "o",
                "bias": 0.12309745611941958
            },
            "9": {
                "type": "o",
                "bias": 0.24471525821913523
            },
            "10": {
                "type": "o",
                "bias": 0.05857312979607218
            },
            "11": {
                "type": "o",
                "bias": 0.14542445243880073
            }
        },
        "synapses": {
            "36": {
                "nrn_to": 10,
                "nrn_from": 2,
                "weight": 0.06288426303818342,
                "active": true
            },
            "39": {
                "nrn_to": 9,
                "nrn_from": 2,
                "weight": 0.38427232793087335,
                "active": true
            },
            "14": {
                "nrn_to": 10,
                "nrn_from": 3,
                "weight": -0.9701832195188613,
                "active": true
            },
            "20": {
                "nrn_to": 8,
                "nrn_from": 6,
                "weight": 0.24951178285166709,
                "active": true
            },
            "21": {
                "nrn_to": 11,
                "nrn_from": 6,
                "weight": -1.1564187436765236,
                "active": true
            },
            "22": {
                "nrn_to": 9,
                "nrn_from": 5,
                "weight": -0.3247441273028231,
                "active": false
            },
            "55": {
                "nrn_to": 11,
                "nrn_from": 5,
                "weight": 0.035685419676742214,
                "active": true
            },
            "26": {
                "nrn_to": 11,
                "nrn_from": 4,
                "weight": 1.7212405916810136,
                "active": true
            },
            "27": {
                "nrn_to": 10,
                "nrn_from": 6,
                "weight": -0.16216628198238348,
                "active": true
            },
            "30": {
                "nrn_to": 9,
                "nrn_from": 6,
                "weight": -0.046046358524594655,
                "active": false
            }
        }
    },
    "Species 1 num animals": 41,
    "Species 1 top fitness": 188.53205488826845,
    "Species 1 mean fitness": 27.320994016550387,
    "Species 1 std fitness": 122.69241730886608,
    "Species 1 top animal N hidden neurons": 0,
    "Species 1 top animal N synapses": 9,
    "Species 1 top animal": {
        "neurons": {
            "0": {
                "type": "i",
                "bias": 0.1793811855719206
            },
            "1": {
                "type": "i",
                "bias": -0.15201272546376446
            },
            "2": {
                "type": "i",
                "bias": -0.006041095350488397
            },
            "3": {
                "type": "i",
                "bias": -0.15061482982649127
            },
            "4": {
                "type": "i",
                "bias": 0.0008673228726203529
            },
            "5": {
                "type": "i",
                "bias": -0.03999299216541857
            },
            "6": {
                "type": "i",
                "bias": 0.048354108086689815
            },
            "7": {
                "type": "i",
                "bias": -0.13122605779047808
            },
            "8": {
                "type": "o",
                "bias": 0.15529574551664582
            },
            "9": {
                "type": "o",
                "bias": 0.1911628680066457
            },
            "10": {
                "type": "o",
                "bias": 0.0593318418622854
            },
            "11": {
                "type": "o",
                "bias": 0.09880125779194174
            }
        },
        "synapses": {
            "36": {
                "nrn_to": 10,
                "nrn_from": 2,
                "weight": -0.01184040444476446,
                "active": true
            },
            "39": {
                "nrn_to": 9,
                "nrn_from": 2,
                "weight": 0.3600792000113655,
                "active": true
            },
            "14": {
                "nrn_to": 10,
                "nrn_from": 3,
                "weight": -1.039915412422274,
                "active": true
            },
            "20": {
                "nrn_to": 8,
                "nrn_from": 6,
                "weight": 0.24425849517798112,
                "active": true
            },
            "21": {
                "nrn_to": 11,
                "nrn_from": 6,
                "weight": -0.5468225759898817,
                "active": true
            },
            "22": {
                "nrn_to": 9,
                "nrn_from": 5,
                "weight": -0.12329180168302718,
                "active": false
            },
            "26": {
                "nrn_to": 11,
                "nrn_from": 4,
                "weight": 1.6993434289098621,
                "active": true
            },
            "27": {
                "nrn_to": 10,
                "nrn_from": 6,
                "weight": 0.21908684836643297,
                "active": true
            },
            "30": {
                "nrn_to": 9,
                "nrn_from": 6,
                "weight": -0.0007472201916638652,
                "active": false
            }
        }
    }
}