{
    "Num species": 1,
    "Species 0 num animals": 60,
    "Species 0 top fitness": -94.56575370014332,
    "Species 0 mean fitness": -209.17162702363882,
    "Species 0 std fitness": 323.95330658911575,
    "Species 0 top animal N hidden neurons": 0,
    "Species 0 top animal N synapses": 2,
    "Species 0 top animal": {
        "neurons": {
            "0": {
                "type": "i",
                "bias": -0.03604782606084489
            },
            "1": {
                "type": "i",
                "bias": 0.11263314061126567
            },
            "2": {
                "type": "i",
                "bias": 0.05742623335620919
            },
            "3": {
                "type": "i",
                "bias": 0.0076478525484154946
            },
            "4": {
                "type": "i",
                "bias": -0.002697586372532257
            },
            "5": {
                "type": "i",
                "bias": 0.004785816696033945
            },
            "6": {
                "type": "i",
                "bias": 0.09203601726338591
            },
            "7": {
                "type": "i",
                "bias": 0.07359415623943813
            },
            "8": {
                "type": "o",
                "bias": 0.19401887129582351
            },
            "9": {
                "type": "o",
                "bias": -0.02921502495233603
            },
            "10": {
                "type": "o",
                "bias": -0.011890156550712346
            },
            "11": {
                "type": "o",
                "bias": -0.0805932292572397
            }
        },
        "synapses": {
            "19": {
                "nrn_to": 8,
                "nrn_from": 3,
                "weight": 0.25136236314012333,
                "active": true
            },
            "22": {
                "nrn_to": 11,
                "nrn_from": 5,
                "weight": 1.0305105143301174,
                "active": true
            }
        }
    }
}