{
    "Num species": 2,
    "Species 0 num animals": 38,
    "Species 0 top fitness": 43.17680433902676,
    "Species 0 mean fitness": -53.00556670166801,
    "Species 0 std fitness": 52.00663516637272,
    "Species 0 top animal N hidden neurons": 1,
    "Species 0 top animal N synapses": 10,
    "Species 0 top animal": {
        "neurons": {
            "0": {
                "type": "i",
                "bias": 0.2728096156432831
            },
            "1": {
                "type": "i",
                "bias": 0.05823948804081823
            },
            "2": {
                "type": "i",
                "bias": -0.1971375413275225
            },
            "3": {
                "type": "i",
                "bias": 0.010800089420281753
            },
            "4": {
                "type": "i",
                "bias": 0.013209240757614149
            },
            "5": {
                "type": "i",
                "bias": 0.04837143434174623
            },
            "6": {
                "type": "i",
                "bias": -0.17672717630052848
            },
            "7": {
                "type": "i",
                "bias": 0.06937789620723347
            },
            "8": {
                "type": "o",
                "bias": 0.015584734209505
            },
            "9": {
                "type": "o",
                "bias": 0.09266284583502563
            },
            "10": {
                "type": "o",
                "bias": -0.03881978728906391
            },
            "11": {
                "type": "o",
                "bias": -0.0052337990195225805
            },
            "100": {
                "type": "h",
                "bias": 0.0
            }
        },
        "synapses": {
            "33": {
                "nrn_to": 10,
                "nrn_from": 3,
                "weight": -0.24246613764974007,
                "active": true
            },
            "42": {
                "nrn_to": 8,
                "nrn_from": 1,
                "weight": -0.061840162708695155,
                "active": false
            },
            "12": {
                "nrn_to": 10,
                "nrn_from": 6,
                "weight": 1.532221887108008,
                "active": true
            },
            "46": {
                "nrn_to": 11,
                "nrn_from": 6,
                "weight": -0.27468617761995745,
                "active": false
            },
            "19": {
                "nrn_to": 9,
                "nrn_from": 2,
                "weight": 0.08822155197845401,
                "active": true
            },
            "22": {
                "nrn_to": 11,
                "nrn_from": 5,
                "weight": 3.0,
                "active": false
            },
            "23": {
                "nrn_to": 8,
                "nrn_from": 4,
                "weight": -0.13361610720328448,
                "active": true
            },
            "24": {
                "nrn_to": 9,
                "nrn_from": 7,
                "weight": 0.24597299965568584,
                "active": false
            },
            "101": {
                "active": true,
                "nrn_to": 100,
                "nrn_from": 5,
                "weight": 1.0
            },
            "102": {
                "active": true,
                "nrn_to": 11,
                "nrn_from": 100,
                "weight": 3.0
            }
        }
    },
    "Species 1 num animals": 22,
    "Species 1 top fitness": -3.7465959893265004,
    "Species 1 mean fitness": -60.572618353502456,
    "Species 1 std fitness": 45.91545884004885,
    "Species 1 top animal N hidden neurons": 0,
    "Species 1 top animal N synapses": 7,
    "Species 1 top animal": {
        "neurons": {
            "0": {
                "type": "i",
                "bias": 0.02018906630429353
            },
            "1": {
                "type": "i",
                "bias": 0.250386269324448
            },
            "2": {
                "type": "i",
                "bias": -0.004507183946396959
            },
            "3": {
                "type": "i",
                "bias": -0.015564581787166035
            },
            "4": {
                "type": "i",
                "bias": 0.12203881913459314
            },
            "5": {
                "type": "i",
                "bias": -0.06643952130131693
            },
            "6": {
                "type": "i",
                "bias": -0.16129296878245078
            },
            "7": {
                "type": "i",
                "bias": 0.0057992381768411745
            },
            "8": {
                "type": "o",
                "bias": -0.03708399392656599
            },
            "9": {
                "type": "o",
                "bias": 0.03904459398900595
            },
            "10": {
                "type": "o",
                "bias": -0.07763957457812783
            },
            "11": {
                "type": "o",
                "bias": -4.918070467755005e-05
            }
        },
        "synapses": {
            "33": {
                "nrn_to": 10,
                "nrn_from": 3,
                "weight": -0.21495009024179468,
                "active": true
            },
            "22": {
                "nrn_to": 11,
                "nrn_from": 5,
                "weight": 1.6260290893059153,
                "active": true
            },
            "24": {
                "nrn_to": 9,
                "nrn_from": 7,
                "weight": -0.03809863230150246,
                "active": true
            },
            "42": {
                "nrn_to": 8,
                "nrn_from": 1,
                "weight": -0.08451078891759725,
                "active": true
            },
            "12": {
                "nrn_to": 10,
                "nrn_from": 6,
                "weight": 0.643084475880716,
                "active": true
            },
            "28": {
                "nrn_to": 11,
                "nrn_from": 4,
                "weight": 0.31342603680158243,
                "active": true
            },
            "26": {
                "nrn_to": 11,
                "nrn_from": 2,
                "weight": -0.2409010253979883,
                "active": true
            }
        }
    }
}