{
    "Num species": 4,
    "Species 2 num animals": 23,
    "Species 2 top fitness": 22.34002842647676,
    "Species 2 mean fitness": -34.39772796355464,
    "Species 2 std fitness": 33.08744553710605,
    "Species 2 top animal N hidden neurons": 1,
    "Species 2 top animal N synapses": 15,
    "Species 2 top animal": {
        "neurons": {
            "0": {
                "type": "i",
                "bias": 0.05171711012420753
            },
            "1": {
                "type": "i",
                "bias": -0.004736928372691462
            },
            "2": {
                "type": "i",
                "bias": -0.37207107739418044
            },
            "3": {
                "type": "i",
                "bias": 0.18488218251608693
            },
            "4": {
                "type": "i",
                "bias": 0.19118879499525293
            },
            "5": {
                "type": "i",
                "bias": -0.08007540035252998
            },
            "6": {
                "type": "i",
                "bias": -0.06624602356336204
            },
            "7": {
                "type": "i",
                "bias": 0.32048324284583796
            },
            "8": {
                "type": "o",
                "bias": 0.07674733370704764
            },
            "9": {
                "type": "o",
                "bias": 0.07501504927213817
            },
            "10": {
                "type": "o",
                "bias": 0.19419698599648483
            },
            "11": {
                "type": "o",
                "bias": 0.2367100608789619
            },
            "84": {
                "type": "h",
                "bias": 0.0
            }
        },
        "synapses": {
            "35": {
                "nrn_to": 11,
                "nrn_from": 6,
                "weight": 0.9958000412633491,
                "active": true
            },
            "37": {
                "nrn_to": 10,
                "nrn_from": 6,
                "weight": 0.2528179168664215,
                "active": true
            },
            "42": {
                "nrn_to": 9,
                "nrn_from": 4,
                "weight": -1.202031831943792,
                "active": true
            },
            "43": {
                "nrn_to": 8,
                "nrn_from": 6,
                "weight": 0.36216598565408603,
                "active": true
            },
            "12": {
                "nrn_to": 11,
                "nrn_from": 4,
                "weight": 0.16158643785663668,
                "active": false
            },
            "44": {
                "nrn_to": 9,
                "nrn_from": 5,
                "weight": -0.01877205906282407,
                "active": true
            },
            "14": {
                "nrn_to": 11,
                "nrn_from": 5,
                "weight": 0.6887649421018462,
                "active": true
            },
            "15": {
                "nrn_to": 10,
                "nrn_from": 3,
                "weight": -0.18065598259981064,
                "active": true
            },
            "110": {
                "nrn_to": 84,
                "nrn_from": 5,
                "weight": 0.382847558693729,
                "active": true
            },
            "85": {
                "active": true,
                "nrn_to": 84,
                "nrn_from": 4,
                "weight": 1.0211592643050584
            },
            "86": {
                "active": true,
                "nrn_to": 11,
                "nrn_from": 84,
                "weight": 0.8414572830427786
            },
            "23": {
                "nrn_to": 8,
                "nrn_from": 3,
                "weight": 0.10218025361183122,
                "active": true
            },
            "26": {
                "nrn_to": 9,
                "nrn_from": 1,
                "weight": 0.45762808870893135,
                "active": true
            },
            "28": {
                "nrn_to": 11,
                "nrn_from": 3,
                "weight": -0.09111312078380804,
                "active": false
            },
            "93": {
                "nrn_to": 84,
                "nrn_from": 0,
                "weight": -0.24326186352414364,
                "active": true
            }
        }
    },
    "Species 5 num animals": 6,
    "Species 5 top fitness": -75.69103259119153,
    "Species 5 mean fitness": -144.51993768138286,
    "Species 5 std fitness": 85.7713659747195,
    "Species 5 top animal N hidden neurons": 0,
    "Species 5 top animal N synapses": 14,
    "Species 5 top animal": {
        "neurons": {
            "0": {
                "type": "i",
                "bias": -0.012943985631931392
            },
            "1": {
                "type": "i",
                "bias": -0.0392009201748801
            },
            "2": {
                "type": "i",
                "bias": 0.15743361937506228
            },
            "3": {
                "type": "i",
                "bias": 0.1398207280622253
            },
            "4": {
                "type": "i",
                "bias": 0.15191913684829006
            },
            "5": {
                "type": "i",
                "bias": 0.8577619286762329
            },
            "6": {
                "type": "i",
                "bias": -0.04087269837052669
            },
            "7": {
                "type": "i",
                "bias": 0.18814389226135633
            },
            "8": {
                "type": "o",
                "bias": 0.12756699588384413
            },
            "9": {
                "type": "o",
                "bias": -0.08954165370739005
            },
            "10": {
                "type": "o",
                "bias": -0.011482843660434585
            },
            "11": {
                "type": "o",
                "bias": -0.06319973571377684
            }
        },
        "synapses": {
            "33": {
                "nrn_to": 8,
                "nrn_from": 5,
                "weight": -0.1391568265386451,
                "active": true
            },
            "35": {
                "nrn_to": 11,
                "nrn_from": 6,
                "weight": 2.9851913942035253,
                "active": true
            },
            "37": {
                "nrn_to": 10,
                "nrn_from": 6,
                "weight": -0.03413660664672667,
                "active": true
            },
            "38": {
                "nrn_to": 11,
                "nrn_from": 0,
                "weight": -0.4739311300279367,
                "active": true
            },
            "43": {
                "nrn_to": 8,
                "nrn_from": 6,
                "weight": 0.9483308115490499,
                "active": true
            },
            "12": {
                "nrn_to": 11,
                "nrn_from": 4,
                "weight": 1.388706519929566,
                "active": true
            },
            "14": {
                "nrn_to": 11,
                "nrn_from": 5,
                "weight": 0.5341131980247613,
                "active": true
            },
            "15": {
                "nrn_to": 10,
                "nrn_from": 3,
                "weight": -0.07171321900303071,
                "active": true
            },
            "16": {
                "nrn_to": 10,
                "nrn_from": 1,
                "weight": -0.454181405329024,
                "active": true
            },
            "21": {
                "nrn_to": 11,
                "nrn_from": 7,
                "weight": 0.014711546563759628,
                "active": true
            },
            "23": {
                "nrn_to": 8,
                "nrn_from": 3,
                "weight": 0.22208265547872114,
                "active": true
            },
            "25": {
                "nrn_to": 9,