{
    "Num species": 3,
    "Species 1 num animals": 27,
    "Species 1 top fitness": 55.72717108362525,
    "Species 1 mean fitness": -90.7358004099616,
    "Species 1 std fitness": 140.24114372469683,
    "Species 1 top animal N hidden neurons": 0,
    "Species 1 top animal N synapses": 9,
    "Species 1 top animal": {
        "neurons": {
            "0": {
                "type": "i",
                "bias": -0.054774041985789945
            },
            "1": {
                "type": "i",
                "bias": 0.02335727609137498
            },
            "2": {
                "type": "i",
                "bias": 0.11083134378386549
            },
            "3": {
                "type": "i",
                "bias": 0.02678825768280177
            },
            "4": {
                "type": "i",
                "bias": 0.15861417938308087
            },
            "5": {
                "type": "i",
                "bias": 0.054134885781460196
            },
            "6": {
                "type": "i",
                "bias": -0.0027186387922868297
            },
            "7": {
                "type": "i",
                "bias": 0.15249038948135626
            },
            "8": {
                "type": "o",
                "bias": 0.1319550106847886
            },
            "9": {
                "type": "o",
                "bias": -0.045437456418794965
            },
            "10": {
                "type": "o",
                "bias": 0.04927704112728965
            },
            "11": {
                "type": "o",
                "bias": 0.14371156490462705
            }
        },
        "synapses": {
            "35": {
                "nrn_to": 11,
                "nrn_from": 6,
                "weight": 1.8124805047951473,
                "active": true
            },
            "37": {
                "nrn_to": 10,
                "nrn_from": 6,
                "weight": 0.3892218383673163,
                "active": true
            },
            "38": {
                "nrn_to": 11,
                "nrn_from": 0,
                "weight": -0.6736916368521584,
                "active": true
            },
            "43": {
                "nrn_to": 8,
                "nrn_from": 6,
                "weight": 0.8708565189831038,
                "active": true
            },
            "12": {
                "nrn_to": 11,
                "nrn_from": 4,
                "weight": 0.4112060248735497,
                "active": true
            },
            "14": {
                "nrn_to": 11,
                "nrn_from": 5,
                "weight": 0.5703317147587965,
                "active": true
            },
            "15": {
                "nrn_to": 10,
                "nrn_from": 3,
                "weight": -0.13767369219407033,
                "active": true
            },
            "23": {
                "nrn_to": 8,
                "nrn_from": 3,
                "weight": 0.3647995244957383,
                "active": true
            },
            "26": {
                "nrn_to": 9,
                "nrn_from": 1,
                "weight": 0.23410279912518778,
                "active": true
            }
        }
    },
    "Species 2 num animals": 11,
    "Species 2 top fitness": -21.06695261159616,
    "Species 2 mean fitness": -61.57371232904459,
    "Species 2 std fitness": 51.67928454415387,
    "Species 2 top animal N hidden neurons": 1,
    "Species 2 top animal N synapses": 12,
    "Species 2 top animal": {
        "neurons": {
            "0": {
                "type": "i",
                "bias": -0.18114179198121366
            },
            "1": {
                "type": "i",
                "bias": -0.030143155520457494
            },
            "2": {
                "type": "i",
                "bias": -0.09615139946589879
            },
            "3": {
                "type": "i",
                "bias": 0.07822473973986749
            },
            "4": {
                "type": "i",
                "bias": 0.24250181163566667
            },
            "5": {
                "type": "i",
                "bias": -0.025809293128203542
            },
            "6": {
                "type": "i",
                "bias": -0.060523481428871435
            },
            "7": {
                "type": "i",
                "bias": 0.26262365298612217
            },
            "8": {
                "type": "o",
                "bias": 0.19010600906442324
            },
            "9": {
                "type": "o",
                "bias": 0.10350720410777203
            },
            "10": {
                "type": "o",
                "bias": 0.1422343496788517
            },
            "11": {
                "type": "o",
                "bias": 0.015728653441728753
            },
            "84": {
                "type": "h",
                "bias": -0.04123233703530012
            }
        },
        "synapses": {
            "35": {
                "nrn_to": 11,
                "nrn_from": 6,
                "weight": 0.39468183610743496,
                "active": true
            },
            "37": {
                "nrn_to": 10,
                "nrn_from": 6,
                "weight": 0.7628418395593511,
                "active": true
            },
            "42": {
                "nrn_to": 9,
                "nrn_from": 4,
                "weight": -1.3062598113114676,
                "active": true
            },
            "43": {
                "nrn_to": 8,
                "nrn_from": 6,
                "weight": 0.626652664069126,
                "active": true
            },
            "12": {
                "nrn_to": 11,
                "nrn_from": 4,
                "weight": 0.38081870754462305,
                "active": false
            },
            "14": {
                "nrn_to": 11,
                "nrn_from": 5,
                "weight": 0.6431643197515184,
                "active": true
            },
            "15": {
                "nrn_to": 10,
                "nrn_from": 3,
                "weight": 0.01635161654682614,
                "active": true
            },
            "85": {
                "active": true,
                "nrn_to": 84,
                "nrn_from": 4,
                "weight": 1.0
            },
            "86": {
                "active": true,
                "nrn_to": 11,
                "nrn_from": 84,
                "weight": 0.4326580729466763
            },
            "23": {
                "nrn_to": 8,
                "nrn_from": 3,
                "weight": 0.24055970558971143,
                "active": true
            },
            "26": {
                "nrn_to": 9,
                "nrn_from": 1,
                "weight": 0.27978614302888344,
                "active": true
            },
            "36": {
                "nrn_to": 10,
                "nrn_from": 4,
                "weight": -0.29935700523404835,
                "active": true
            }
        }
    },
    "Species 3 num animals": 10,
    "Species 3 top fitness": 41.70604369757532,
    "Species 3 mean fitness": -66.84412771907262,
    "Species 3 std fitness": 108.69612050507415,
    "Species 3 top animal N hidden neurons": 0,
    "Species 3 top animal N synapses": 9,
    "Species 3 top animal": {
        "neurons": {
            "0": {
                "type": "i",
                "bias": -0.0027329082664673335
            },
            "1": {
                "type": "i",
                "bias": 0.04671455218274996
            },
            "2": {
                "type": "i",
                "bias": 0.08753468422365561
            },
            "3": {
                "type": "i",
                "bias": 0.01361270583079082
            },
            "4": {
                "type": "i",
                "bias": 0.11049463822738093
            },
            "5": {
                "type": "i",