{
    "Num species": 1,
    "Species 1 num animals": 60,
    "Species 1 top fitness": 68.34403647427459,
    "Species 1 mean fitness": -17.04915092870949,
    "Species 1 std fitness": 61.84189944861361,
    "Species 1 top animal N hidden neurons": 0,
    "Species 1 top animal N synapses": 7,
    "Species 1 top animal": {
        "neurons": {
            "0": {
                "type": "i",
                "bias": 0.2526053320890489
            },
            "1": {
                "type": "i",
                "bias": -0.028536068842753393
            },
            "2": {
                "type": "i",
                "bias": 0.6359574718768323
            },
            "3": {
                "type": "i",
                "bias": -0.08575936547729185
            },
            "4": {
                "type": "i",
                "bias": 0.23534177972947326
            },
            "5": {
                "type": "i",
                "bias": -0.07145893899752931
            },
            "6": {
                "type": "i",
                "bias": -0.04918115417385922
            },
            "7": {
                "type": "i",
                "bias": 0.34540120622161086
            },
            "8": {
                "type": "o",
                "bias": -0.23710505213984778
            },
            "9": {
                "type": "o",
                "bias": -0.05390441851620239
            },
            "10": {
                "type": "o",
                "bias": -0.091368297511661
            },
            "11": {
                "type": "o",
                "bias": 0.06987331016746104
            }
        },
        "synapses": {
            "16": {
                "nrn_to": 9,
                "nrn_from": 1,
                "weight": 0.18736524715252423,
                "active": true
            },
            "33": {
                "nrn_to": 11,
                "nrn_from": 0,
                "weight": -0.10448346227432552,
                "active": true
            },
            "34": {
                "nrn_to": 11,
                "nrn_from": 7,
                "weight": 0.12350556177105224,
                "active": false
            },
            "39": {
                "nrn_to": 11,
                "nrn_from": 4,
                "weight": 1.0030874223266315,
                "active": true
            },
            "24": {
                "nrn_to": 10,
                "nrn_from": 3,
                "weight": -0.4226080024170131,
                "active": true
            },
            "29": {
                "nrn_to": 9,
                "nrn_from": 5,
                "weight": -0.407069324698415,
                "active": true
            },
            "47": {
                "nrn_to": 10,
                "nrn_from": 5,
                "weight": 0.39732232880137375,
                "active": true
            }
        }
    }
}