{
    "Num species": 5,
    "Species 0 num animals": 11,
    "Species 0 top fitness": 156.4062682883375,
    "Species 0 mean fitness": -0.3556644461351006,
    "Species 0 std fitness": 136.75850145786706,
    "Species 0 top animal N hidden neurons": 0,
    "Species 0 top animal N synapses": 16,
    "Species 0 top animal": {
        "neurons": {
            "0": {
                "type": "i",
                "bias": 0.7495293183540556
            },
            "1": {
                "type": "i",
                "bias": 0.6949873517051812
            },
            "2": {
                "type": "i",
                "bias": 0.05430347143251014
            },
            "3": {
                "type": "i",
                "bias": -0.0601592463773241
            },
            "4": {
                "type": "i",
                "bias": 0.0634750747764972
            },
            "5": {
                "type": "i",
                "bias": 0.08655037098690699
            },
            "6": {
                "type": "i",
                "bias": 0.33683190748069136
            },
            "7": {
                "type": "i",
                "bias": -0.17068960014018755
            },
            "8": {
                "type": "o",
                "bias": -0.27024755777744597
            },
            "9": {
                "type": "o",
                "bias": 0.08932798646439964
            },
            "10": {
                "type": "o",
                "bias": 0.057489997916529784
            },
            "11": {
                "type": "o",
                "bias": 0.18848243753277277
            }
        },
        "synapses": {
            "12": {
                "nrn_to": 10,
                "nrn_from": 4,
                "weight": -0.21952205963279514,
                "active": false
            },
            "13": {
                "nrn_to": 8,
                "nrn_from": 3,
                "weight": -0.42460213893036963,
                "active": true
            },
            "14": {
                "nrn_to": 8,
                "nrn_from": 2,
                "weight": -0.1470622115668513,
                "active": false
            },
            "15": {
                "nrn_to": 10,
                "nrn_from": 7,
                "weight": 0.012835543431946098,
                "active": false
            },
            "16": {
                "nrn_to": 8,
                "nrn_from": 5,
                "weight": 0.345681676917572,
                "active": true
            },
            "21": {
                "nrn_to": 9,
                "nrn_from": 6,
                "weight": 0.7049667785781224,
                "active": true
            },
            "22": {
                "nrn_to": 8,
                "nrn_from": 1,
                "weight": 0.3085428071343407,
                "active": false
            },
            "23": {
                "nrn_to": 11,
                "nrn_from": 4,
                "weight": 1.8392033598812576,
                "active": true
            },
            "24": {
                "nrn_to": 11,
                "nrn_from": 7,
                "weight": 0.11789017216861496,
                "active": false
            },
            "25": {
                "nrn_to": 10,
                "nrn_from": 1,
                "weight": 0.04555499536195781,
                "active": false
            },
            "33": {
                "nrn_to": 11,
                "nrn_from": 5,
                "weight": 0.7199781265465908,
                "active": true
            },
            "35": {
                "nrn_to": 11,
                "nrn_from": 0,
                "weight": -0.5895587389602246,
                "active": true
            },
            "41": {
                "nrn_to": 9,
                "nrn_from": 4,
                "weight": 0.019013079260770484,
                "active": false
            },
            "45": {
                "nrn_to": 9,
                "nrn_from": 2,
                "weight": 0.3067934376948492,
                "active": true
            },
            "48": {
                "nrn_to": 10,
                "nrn_from": 3,
                "weight": -0.4116182493661624,
                "active": true
            },
            "52": {
                "nrn_to": 9,
                "nrn_from": 7,
                "weight": -0.22208036750385976,
                "active": true
            }
        }
    },
    "Species 3 num animals": 8,
    "Species 3 top fitness": 80.40512622077682,
    "Species 3 mean fitness": 49.77446172074321,
    "Species 3 std fitness": 15.343358028455343,
    "Species 3 top animal N hidden neurons": 1,
    "Species 3 top animal N synapses": 16,
    "Species 3 top animal": {
        "neurons": {
            "0": {
                "type": "i",
                "bias": 0.4342474594565871
            },
            "1": {
                "type": "i",
                "bias": 0.9932982567836873
            },
            "2": {
                "type": "i",
                "bias": 0.35652205969875966
            },
            "3": {
                "type": "i",
                "bias": -0.0368785884200179
            },
            "4": {
                "type": "i",
                "bias": 0.17266394160662102
            },
            "5": {
                "type": "i",
                "bias": -0.09823566858718583
            },
            "6": {
                "type": "i",
                "bias": 0.9663539456287538
            },
            "7": {
                "type": "i",
                "bias": -0.24961437252435592
            },
            "8": {
                "type": "o",
                "bias": -0.03281174716545582
            },
            "9": {
                "type": "o",
                "bias": 0.12709696131217363
            },
            "10": {
                "type": "o",
                "bias": 0.17621223135649253
            },
            "11": {
                "type": "o",
                "bias": 0.19114459692555963
            },
            "189": {
                "type": "h",
                "bias": -0.006601861981178864
            }
        },
        "synapses": {
            "12": {
                "nrn_to": 10,
                "nrn_from": 4,
                "weight": 0.09268478536740526,
                "active": false
            },
            "14": {
                "nrn_to": 8,
                "nrn_from": 2,
                "weight": -0.20136443204740653,
                "active": false
            },
            "16": {
                "nrn_to": 8,
                "nrn_from": 5,
                "weight": 0.8756839451792428,
                "active": false
            },
            "18": {
                "nrn_to": 9,
                "nrn_from": 1,
                "weight": -0.00029477952599706037,
                "active": true
            },
            "22": {
                "nrn_to": 8,
                "nrn_from": 1,
                "weight": 0.36085292446920403,
                "active": false
            },
            "23": {
                "nrn_to": 11,
                "nrn_from": 4,
                "weight": 0.6590805753010887,
                "active": true
            },
            "24": {
                "nrn_to": 11,
                "nrn_from": 7,
                "weight": 0.12019092280311444,
                "active": true
            },
            "25": {
                "nrn_to": 10,
                "nrn_from": 1,
                "weight": 0.03377099031359894,
                "active": false
            },
            "26": {
                "nrn_to": 8,
                "nrn_from": 7,
                "weight": 0.654505616015383,
                "active": true
            },
            "33": {
                "nrn_to": 11,
                "nrn_from": 5,
                "weight": 0.5398764918821911,
                "active": true
            },
            "34": {
                "nrn_to": 11,