{
    "Num species": 3,
    "Species 2 num animals": 32,
    "Species 2 top fitness": 35.96438235863694,
    "Species 2 mean fitness": -60.187106170643354,
    "Species 2 std fitness": 57.93092687429782,
    "Species 2 top animal N hidden neurons": 1,
    "Species 2 top animal N synapses": 14,
    "Species 2 top animal": {
        "neurons": {
            "0": {
                "type": "i",
                "bias": -0.03252632898561551
            },
            "1": {
                "type": "i",
                "bias": -0.0641929765770753
            },
            "2": {
                "type": "i",
                "bias": -0.31531175614565343
            },
            "3": {
                "type": "i",
                "bias": 0.18488218251608693
            },
            "4": {
                "type": "i",
                "bias": 0.21784798134582872
            },
            "5": {
                "type": "i",
                "bias": -0.08007540035252998
            },
            "6": {
                "type": "i",
                "bias": -0.008581975394187355
            },
            "7": {
                "type": "i",
                "bias": 0.32026519392378006
            },
            "8": {
                "type": "o",
                "bias": 0.13217118441814085
            },
            "9": {
                "type": "o",
                "bias": 0.06832322482258474
            },
            "10": {
                "type": "o",
                "bias": 0.12359980408745817
            },
            "11": {
                "type": "o",
                "bias": 0.08555437185401932
            },
            "84": {
                "type": "h",
                "bias": 0.07633207189472305
            }
        },
        "synapses": {
            "35": {
                "nrn_to": 11,
                "nrn_from": 6,
                "weight": 0.8466651032570153,
                "active": true
            },
            "37": {
                "nrn_to": 10,
                "nrn_from": 6,
                "weight": 0.3098383453262916,
                "active": true
            },
            "42": {
                "nrn_to": 9,
                "nrn_from": 4,
                "weight": -1.2843057586940574,
                "active": true
            },
            "43": {
                "nrn_to": 8,
                "nrn_from": 6,
                "weight": 0.43241593158556596,
                "active": true
            },
            "12": {
                "nrn_to": 11,
                "nrn_from": 4,
                "weight": 0.483508862882493,
                "active": false
            },
            "14": {
                "nrn_to": 11,
                "nrn_from": 5,
                "weight": 0.7101128285280638,
                "active": true
            },
            "15": {
                "nrn_to": 10,
                "nrn_from": 3,
                "weight": -0.07171659231543095,
                "active": true
            },
            "85": {
                "active": true,
                "nrn_to": 84,
                "nrn_from": 4,
                "weight": 1.0211592643050584
            },
            "86": {
                "active": true,
                "nrn_to": 11,
                "nrn_from": 84,
                "weight": 0.38500039174445255
            },
            "23": {
                "nrn_to": 8,
                "nrn_from": 3,
                "weight": 0.18651181274814796,
                "active": true
            },
            "26": {
                "nrn_to": 9,
                "nrn_from": 1,
                "weight": 0.31724484848255174,
                "active": true
            },
            "28": {
                "nrn_to": 11,
                "nrn_from": 3,
                "weight": 0.06163605095464432,
                "active": false
            },
            "93": {
                "nrn_to": 84,
                "nrn_from": 0,
                "weight": -0.24326186352414364,
                "active": true
            },
            "44": {
                "nrn_to": 9,
                "nrn_from": 5,
                "weight": -0.01877205906282407,
                "active": true
            }
        }
    },
    "Species 3 num animals": 11,
    "Species 3 top fitness": 61.99110595196522,
    "Species 3 mean fitness": -37.02580518766301,
    "Species 3 std fitness": 99.12018672756544,
    "Species 3 top animal N hidden neurons": 1,
    "Species 3 top animal N synapses": 12,
    "Species 3 top animal": {
        "neurons": {
            "0": {
                "type": "i",
                "bias": -0.07367508975915116
            },
            "1": {
                "type": "i",
                "bias": 0.07901785744711061
            },
            "2": {
                "type": "i",
                "bias": 0.15940427284052988
            },
            "3": {
                "type": "i",
                "bias": -0.032502075811227396
            },
            "4": {
                "type": "i",
                "bias": 0.1391598603651156
            },
            "5": {
                "type": "i",
                "bias": 0.473913792583441
            },
            "6": {
                "type": "i",
                "bias": -0.035733675442258715
            },
            "7": {
                "type": "i",
                "bias": 0.15931768974336746
            },
            "8": {
                "type": "o",
                "bias": 0.10141954489514378
            },
            "9": {
                "type": "o",
                "bias": -0.045437456418794965
            },
            "10": {
                "type": "o",
                "bias": 0.041308081495294476
            },
            "11": {
                "type": "o",
                "bias": 0.10811444551345344
            },
            "115": {
                "type": "h",
                "bias": 0.0
            }
        },
        "synapses": {
            "35": {
                "nrn_to": 11,
                "nrn_from": 6,
                "weight": 3.0,
                "active": true
            },
            "37": {
                "nrn_to": 10,
                "nrn_from": 6,
                "weight": 0.1729163536754143,
                "active": true
            },
            "38": {
                "nrn_to": 11,
                "nrn_from": 0,
                "weight": -0.5953647682598645,
                "active": true
            },
            "43": {
                "nrn_to": 8,
                "nrn_from": 6,
                "weight": 0.8543540319112624,
                "active": false
            },
            "12": {
                "nrn_to": 11,
                "nrn_from": 4,
                "weight": 0.4112060248735497,
                "active": true
            },
            "14": {
                "nrn_to": 11,
                "nrn_from": 5,
                "weight": 0.5648500802119402,
                "active": true
            },
            "15": {
                "nrn_to": 10,
                "nrn_from": 3,
                "weight": -0.130624970758193,
                "active": true
            },
            "21": {
                "nrn_to": 11,
                "nrn_from": 7,
                "weight": 0.024367516663626076,
                "active": false
            },
            "23": {
                "nrn_to": 8,
                "nrn_from": 3,
                "weight": 0.2553965948380497,
                "active": true
            },
            "26": {
                "nrn_to": 9,
                "nrn_from": 1,
                "weight": 0.23410279912518778,
                "active": true
            },
            "116": {
                "active": true,
                "nrn_to": 115,
                "nrn_from": 6,
                "weight": 1.0
            },
            "117": {
                "active": true,
                "nrn_to": 8,
                "nrn_from": 115,