{
    "Num species": 2,
    "Species 0 num animals": 44,
    "Species 0 top fitness": 252.3630956344282,
    "Species 0 mean fitness": 97.97526692099117,
    "Species 0 std fitness": 162.20344923875084,
    "Species 0 top animal N hidden neurons": 0,
    "Species 0 top animal N synapses": 13,
    "Species 0 top animal": {
        "neurons": {
            "0": {
                "type": "i",
                "bias": 0.05552625585570594
            },
            "1": {
                "type": "i",
                "bias": -0.12359145806760836
            },
            "2": {
                "type": "i",
                "bias": -0.2066631823520226
            },
            "3": {
                "type": "i",
                "bias": -0.39244749412937074
            },
            "4": {
                "type": "i",
                "bias": 0.16263757389607286
            },
            "5": {
                "type": "i",
                "bias": -0.6675216273221972
            },
            "6": {
                "type": "i",
                "bias": -0.10296665796489027
            },
            "7": {
                "type": "i",
                "bias": -0.4158505232084703
            },
            "8": {
                "type": "o",
                "bias": 0.16086563688622985
            },
            "9": {
                "type": "o",
                "bias": 0.09060596496940156
            },
            "10": {
                "type": "o",
                "bias": 0.007569623643716078
            },
            "11": {
                "type": "o",
                "bias": 0.0515901944893292
            }
        },
        "synapses": {
            "39": {
                "nrn_to": 10,
                "nrn_from": 5,
                "weight": -0.5923370741725762,
                "active": true
            },
            "41": {
                "nrn_to": 11,
                "nrn_from": 7,
                "weight": -0.8572962383637366,
                "active": true
            },
            "42": {
                "nrn_to": 8,
                "nrn_from": 1,
                "weight": -0.2176593601626174,
                "active": true
            },
            "43": {
                "nrn_to": 11,
                "nrn_from": 2,
                "weight": -0.2563506342787655,
                "active": true
            },
            "18": {
                "nrn_to": 11,
                "nrn_from": 4,
                "weight": 0.7112047496470962,
                "active": true
            },
            "19": {
                "nrn_to": 10,
                "nrn_from": 3,
                "weight": -0.36815544424482627,
                "active": true
            },
            "21": {
                "nrn_to": 9,
                "nrn_from": 6,
                "weight": -0.1593209407571638,
                "active": false
            },
            "22": {
                "nrn_to": 8,
                "nrn_from": 3,
                "weight": 0.7183322393449789,
                "active": true
            },
            "23": {
                "nrn_to": 11,
                "nrn_from": 5,
                "weight": 0.18514958747905955,
                "active": false
            },
            "24": {
                "nrn_to": 9,
                "nrn_from": 3,
                "weight": 0.27046468912929933,
                "active": true
            },
            "27": {
                "nrn_to": 9,
                "nrn_from": 5,
                "weight": -0.2741545770977981,
                "active": true
            },
            "28": {
                "nrn_to": 11,
                "nrn_from": 0,
                "weight": -0.5458432668936619,
                "active": true
            },
            "30": {
                "nrn_to": 8,
                "nrn_from": 5,
                "weight": 0.531469537180926,
                "active": true
            }
        }
    },
    "Species 1 num animals": 16,
    "Species 1 top fitness": 4.972265328390922,
    "Species 1 mean fitness": -39.482139421426965,
    "Species 1 std fitness": 28.69930061192487,
    "Species 1 top animal N hidden neurons": 1,
    "Species 1 top animal N synapses": 14,
    "Species 1 top animal": {
        "neurons": {
            "0": {
                "type": "i",
                "bias": -0.021592935664528225
            },
            "1": {
                "type": "i",
                "bias": -0.037701285619918236
            },
            "2": {
                "type": "i",
                "bias": -0.04587041431216446
            },
            "3": {
                "type": "i",
                "bias": -0.4047149314095941
            },
            "4": {
                "type": "i",
                "bias": -0.040044093505059115
            },
            "5": {
                "type": "i",
                "bias": -0.4292811746886867
            },
            "6": {
                "type": "i",
                "bias": 0.059972548898786004
            },
            "7": {
                "type": "i",
                "bias": 0.07322919803444328
            },
            "8": {
                "type": "o",
                "bias": 0.24877316091236248
            },
            "9": {
                "type": "o",
                "bias": 0.12215863563614737
            },
            "10": {
                "type": "o",
                "bias": 0.1118048355040249
            },
            "11": {
                "type": "o",
                "bias": 0.10499132369806863
            },
            "144": {
                "type": "h",
                "bias": 0.0184377504589918
            }
        },
        "synapses": {
            "32": {
                "nrn_to": 10,
                "nrn_from": 6,
                "weight": -0.0353465219456707,
                "active": false
            },
            "35": {
                "nrn_to": 11,
                "nrn_from": 3,
                "weight": 0.4064452003370306,
                "active": true
            },
            "41": {
                "nrn_to": 11,
                "nrn_from": 7,
                "weight": 0.10233844356784808,
                "active": false
            },
            "43": {
                "nrn_to": 11,
                "nrn_from": 2,
                "weight": -0.3319038478388286,
                "active": true
            },
            "145": {
                "active": true,
                "nrn_to": 144,
                "nrn_from": 3,
                "weight": 0.8870585444355559
            },
            "18": {
                "nrn_to": 11,
                "nrn_from": 4,
                "weight": 2.972176196274798,
                "active": true
            },
            "19": {
                "nrn_to": 10,
                "nrn_from": 3,
                "weight": -0.24199098377426828,
                "active": true
            },
            "146": {
                "active": true,
                "nrn_to": 9,
                "nrn_from": 144,
                "weight": -0.8098191649158322
            },
            "21": {
                "nrn_to": 9,
                "nrn_from": 6,
                "weight": -0.24930636253039035,
                "active": true
            },
            "22": {
                "nrn_to": 8,
                "nrn_from": 3,
                "weight": 2.1624602014176175,
                "active": true
            },
            "23": {
                "nrn_to": 11,
                "nrn_from": 5,
                "weight": 0.11533205095766805,
                "active": false
            },
            "24": {
                "nrn_to": 9,
                "nrn_from": 3,
                "weight": -0.8807404814291221,
                "active": false
            },
            "27": {
                "nrn_to": 9,
                "nrn_from": 5,
                "weight": -0.12126487220950784,
                "active": true
            },