{
    "Num species": 1,
    "Species 0 num animals": 60,
    "Species 0 top fitness": -35.949042979309574,
    "Species 0 mean fitness": -99.30455618655499,
    "Species 0 std fitness": 41.842735603111834,
    "Species 0 top animal N hidden neurons": 0,
    "Species 0 top animal N synapses": 5,
    "Species 0 top animal": {
        "neurons": {
            "0": {
                "type": "i",
                "bias": -0.0418446536770441
            },
            "1": {
                "type": "i",
                "bias": -0.06090295569130465
            },
            "2": {
                "type": "i",
                "bias": -0.1204807171410713
            },
            "3": {
                "type": "i",
                "bias": 0.02915050628376179
            },
            "4": {
                "type": "i",
                "bias": 0.10851922517859569
            },
            "5": {
                "type": "i",
                "bias": -0.052823374350248045
            },
            "6": {
                "type": "i",
                "bias": 0.047692598311641146
            },
            "7": {
                "type": "i",
                "bias": -0.030070483208926198
            },
            "8": {
                "type": "o",
                "bias": 0.1397674677408854
            },
            "9": {
                "type": "o",
                "bias": -0.10822376720008567
            },
            "10": {
                "type": "o",
                "bias": 0.1909422682180336
            },
            "11": {
                "type": "o",
                "bias": 0.02988785758635775
            }
        },
        "synapses": {
            "16": {
                "nrn_to": 10,
                "nrn_from": 1,
                "weight": -0.42776263816855237,
                "active": true
            },
            "17": {
                "nrn_to": 8,
                "nrn_from": 0,
                "weight": -0.06373169998258624,
                "active": true
            },
            "18": {
                "nrn_to": 11,
                "nrn_from": 6,
                "weight": -0.23355127252289928,
                "active": true
            },
            "20": {
                "nrn_to": 10,
                "nrn_from": 3,
                "weight": -0.1894627159460173,
                "active": true
            },
            "28": {
                "nrn_to": 9,
                "nrn_from": 0,
                "weight": 0.6610638128255273,
                "active": true
            }
        }
    }
}