{
    "Num species": 1,
    "Species 0 num animals": 60,
    "Species 0 top fitness": -81.3208837566361,
    "Species 0 mean fitness": -125.12490753667429,
    "Species 0 std fitness": 36.01056758482249,
    "Species 0 top animal N hidden neurons": 0,
    "Species 0 top animal N synapses": 2,
    "Species 0 top animal": {
        "neurons": {
            "0": {
                "type": "i",
                "bias": -0.007198642828201425
            },
            "1": {
                "type": "i",
                "bias": 0.014865137227229961
            },
            "2": {
                "type": "i",
                "bias": -0.0401029339784018
            },
            "3": {
                "type": "i",
                "bias": 0.01601111641861297
            },
            "4": {
                "type": "i",
                "bias": 0.16288483136458554
            },
            "5": {
                "type": "i",
                "bias": -0.005582338582799436
            },
            "6": {
                "type": "i",
                "bias": -0.06198979753935149
            },
            "7": {
                "type": "i",
                "bias": -0.1624482928037898
            },
            "8": {
                "type": "o",
                "bias": 0.10288016727015385
            },
            "9": {
                "type": "o",
                "bias": -0.04816385216775898
            },
            "10": {
                "type": "o",
                "bias": -0.0873687887672578
            },
            "11": {
                "type": "o",
                "bias": -0.035596789464192376
            }
        },
        "synapses": {
            "12": {
                "nrn_to": 10,
                "nrn_from": 6,
                "weight": 0.07830956782720631,
                "active": true
            },
            "47": {
                "nrn_to": 8,
                "nrn_from": 7,
                "weight": 0.5556219222725102,
                "active": true
            }
        }
    }
}