{
    "Num species": 1,
    "Species 0 num animals": 60,
    "Species 0 top fitness": -95.70276135131546,
    "Species 0 mean fitness": -134.83312703111332,
    "Species 0 std fitness": 41.06145781079195,
    "Species 0 top animal N hidden neurons": 0,
    "Species 0 top animal N synapses": 2,
    "Species 0 top animal": {
        "neurons": {
            "0": {
                "type": "i",
                "bias": -0.07746025126982561
            },
            "1": {
                "type": "i",
                "bias": -0.007737039204677642
            },
            "2": {
                "type": "i",
                "bias": 0.0
            },
            "3": {
                "type": "i",
                "bias": -0.0480353521578188
            },
            "4": {
                "type": "i",
                "bias": 0.08095102147815902
            },
            "5": {
                "type": "i",
                "bias": 0.03683631027587114
            },
            "6": {
                "type": "i",
                "bias": 0.045093252992166634
            },
            "7": {
                "type": "i",
                "bias": -0.004661776273846031
            },
            "8": {
                "type": "o",
                "bias": -0.07678059664213625
            },
            "9": {
                "type": "o",
                "bias": 0.006637358358774454
            },
            "10": {
                "type": "o",
                "bias": -0.2966452748726892
            },
            "11": {
                "type": "o",
                "bias": 0.02576382369971283
            }
        },
        "synapses": {
            "24": {
                "nrn_to": 8,
                "nrn_from": 1,
                "weight": 0.16520833944867488,
                "active": true
            },
            "25": {
                "nrn_to": 11,
                "nrn_from": 6,
                "weight": 0.04649786521316078,
                "active": true
            }
        }
    }
}