{
    "Num species": 1,
    "Species 0 num animals": 60,
    "Species 0 top fitness": -72.46122685749877,
    "Species 0 mean fitness": -128.82385263928458,
    "Species 0 std fitness": 49.366693459388806,
    "Species 0 top animal N hidden neurons": 0,
    "Species 0 top animal N synapses": 3,
    "Species 0 top animal": {
        "neurons": {
            "0": {
                "type": "i",
                "bias": 0.1146188380580429
            },
            "1": {
                "type": "i",
                "bias": 0.08313650452916031
            },
            "2": {
                "type": "i",
                "bias": -0.1418252939491082
            },
            "3": {
                "type": "i",
                "bias": 0.014719652265877015
            },
            "4": {
                "type": "i",
                "bias": 0.2775836566910813
            },
            "5": {
                "type": "i",
                "bias": 0.06839734009772389
            },
            "6": {
                "type": "i",
                "bias": -0.10510165103694907
            },
            "7": {
                "type": "i",
                "bias": 0.033129988021466994
            },
            "8": {
                "type": "o",
                "bias": 0.05272915895922311
            },
            "9": {
                "type": "o",
                "bias": 0.025163658931874836
            },
            "10": {
                "type": "o",
                "bias": 0.05999351274589033
            },
            "11": {
                "type": "o",
                "bias": 0.04058007561426073
            }
        },
        "synapses": {
            "24": {
                "nrn_to": 9,
                "nrn_from": 7,
                "weight": -0.04583143964777214,
                "active": true
            },
            "42": {
                "nrn_to": 8,
                "nrn_from": 1,
                "weight": 0.05311358747249766,
                "active": true
            },
            "22": {
                "nrn_to": 11,
                "nrn_from": 5,
                "weight": 1.0694744339560194,
                "active": true
            }
        }
    }
}