{
    "Num species": 1,
    "Species 0 num animals": 60,
    "Species 0 top fitness": -93.27953095338832,
    "Species 0 mean fitness": -111.0692219603302,
    "Species 0 std fitness": 12.474188891733313,
    "Species 0 top animal N hidden neurons": 0,
    "Species 0 top animal N synapses": 3,
    "Species 0 top animal": {
        "neurons": {
            "0": {
                "type": "i",
                "bias": 0.1247474637116643
            },
            "1": {
                "type": "i",
                "bias": 0.08533237718806053
            },
            "2": {
                "type": "i",
                "bias": 0.03864451172567128
            },
            "3": {
                "type": "i",
                "bias": -0.07402645792033005
            },
            "4": {
                "type": "i",
                "bias": 0.1960444984856739
            },
            "5": {
                "type": "i",
                "bias": 0.04696074738811754
            },
            "6": {
                "type": "i",
                "bias": -0.16244470981411124
            },
            "7": {
                "type": "i",
                "bias": -0.031956831426341606
            },
            "8": {
                "type": "o",
                "bias": 0.23336620639189692
            },
            "9": {
                "type": "o",
                "bias": 0.030608947352838898
            },
            "10": {
                "type": "o",
                "bias": -0.011421243093632847
            },
            "11": {
                "type": "o",
                "bias": 0.1692210893391252
            }
        },
        "synapses": {
            "13": {
                "nrn_to": 8,
                "nrn_from": 1,
                "weight": 0.855992183909441,
                "active": true
            },
            "37": {
                "nrn_to": 8,
                "nrn_from": 0,
                "weight": 0.4273511478826232,
                "active": true
            },
            "26": {
                "nrn_to": 11,
                "nrn_from": 1,
                "weight": 0.058191886444292816,
                "active": true
            }
        }
    }
}