{
    "Num species": 2,
    "Species 1 num animals": 21,
    "Species 1 top fitness": -25.2467490748183,
    "Species 1 mean fitness": -72.40696668991072,
    "Species 1 std fitness": 57.71797289265761,
    "Species 1 top animal N hidden neurons": 0,
    "Species 1 top animal N synapses": 7,
    "Species 1 top animal": {
        "neurons": {
            "0": {
                "type": "i",
                "bias": 0.10716552378198747
            },
            "1": {
                "type": "i",
                "bias": -0.06900752491391833
            },
            "2": {
                "type": "i",
                "bias": -0.23144875691273348
            },
            "3": {
                "type": "i",
                "bias": 0.48081237169947366
            },
            "4": {
                "type": "i",
                "bias": 0.057020018489185885
            },
            "5": {
                "type": "i",
                "bias": 0.43706758792053935
            },
            "6": {
                "type": "i",
                "bias": -0.2909289355138395
            },
            "7": {
                "type": "i",
                "bias": -0.34136214751511046
            },
            "8": {
                "type": "o",
                "bias": -0.15591844896352092
            },
            "9": {
                "type": "o",
                "bias": 0.036468788755188906
            },
            "10": {
                "type": "o",
                "bias": 0.08668385542225004
            },
            "11": {
                "type": "o",
                "bias": 0.1632831655865612
            }
        },
        "synapses": {
            "16": {
                "nrn_to": 8,
                "nrn_from": 1,
                "weight": 0.20629052308477958,
                "active": true
            },
            "18": {
                "nrn_to": 8,
                "nrn_from": 2,
                "weight": -0.05262666968533042,
                "active": false
            },
            "23": {
                "nrn_to": 9,
                "nrn_from": 7,
                "weight": -0.1069983164799904,
                "active": true
            },
            "24": {
                "nrn_to": 9,
                "nrn_from": 4,
                "weight": -2.3630612210128454,
                "active": true
            },
            "28": {
                "nrn_to": 11,
                "nrn_from": 3,
                "weight": 0.1606087345166328,
                "active": true
            },
            "13": {
                "nrn_to": 11,
                "nrn_from": 0,
                "weight": -0.04051970097515752,
                "active": false
            },
            "15": {
                "nrn_to": 11,
                "nrn_from": 5,
                "weight": 0.8778784730592784,
                "active": true
            }
        }
    },
    "Species 0 num animals": 39,
    "Species 0 top fitness": 42.33023963565984,
    "Species 0 mean fitness": -102.53794438229203,
    "Species 0 std fitness": 333.25405854405443,
    "Species 0 top animal N hidden neurons": 0,
    "Species 0 top animal N synapses": 8,
    "Species 0 top animal": {
        "neurons": {
            "0": {
                "type": "i",
                "bias": 0.29882976950183326
            },
            "1": {
                "type": "i",
                "bias": 0.06802132379207937
            },
            "2": {
                "type": "i",
                "bias": -0.5161815824261843
            },
            "3": {
                "type": "i",
                "bias": 0.5668435603202433
            },
            "4": {
                "type": "i",
                "bias": 0.5389730431914446
            },
            "5": {
                "type": "i",
                "bias": 0.2857828093596819
            },
            "6": {
                "type": "i",
                "bias": -0.06004811552604455
            },
            "7": {
                "type": "i",
                "bias": -0.05659126651703633
            },
            "8": {
                "type": "o",
                "bias": -0.17111369893601958
            },
            "9": {
                "type": "o",
                "bias": -0.060588973778100796
            },
            "10": {
                "type": "o",
                "bias": 0.044559477858070184
            },
            "11": {
                "type": "o",
                "bias": 0.1579556719862203
            }
        },
        "synapses": {
            "16": {
                "nrn_to": 8,
                "nrn_from": 1,
                "weight": 0.26592158987501874,
                "active": false
            },
            "22": {
                "nrn_to": 9,
                "nrn_from": 0,
                "weight": 0.39137478371713214,
                "active": true
            },
            "23": {
                "nrn_to": 9,
                "nrn_from": 7,
                "weight": -0.28844670070119155,
                "active": true
            },
            "24": {
                "nrn_to": 9,
                "nrn_from": 4,
                "weight": -2.4039163824763903,
                "active": true
            },
            "28": {
                "nrn_to": 11,
                "nrn_from": 3,
                "weight": 0.30785541204398714,
                "active": true
            },
            "13": {
                "nrn_to": 11,
                "nrn_from": 0,
                "weight": 0.04470229275225958,
                "active": true
            },
            "15": {
                "nrn_to": 11,
                "nrn_from": 5,
                "weight": 0.38924384471798684,
                "active": true
            },
            "58": {
                "nrn_to": 10,
                "nrn_from": 4,
                "weight": -0.2316294625824841,
                "active": true
            }
        }
    }
}