{
    "Num species": 1,
    "Species 0 num animals": 60,
    "Species 0 top fitness": -91.59979517027044,
    "Species 0 mean fitness": -126.0145431672991,
    "Species 0 std fitness": 66.32059479032397,
    "Species 0 top animal N hidden neurons": 0,
    "Species 0 top animal N synapses": 5,
    "Species 0 top animal": {
        "neurons": {
            "0": {
                "type": "i",
                "bias": -0.030723232334635246
            },
            "1": {
                "type": "i",
                "bias": -0.1413357781775973
            },
            "2": {
                "type": "i",
                "bias": 0.1009759110366881
            },
            "3": {
                "type": "i",
                "bias": 0.03654470174064786
            },
            "4": {
                "type": "i",
                "bias": 0.029335594537333448
            },
            "5": {
                "type": "i",
                "bias": -0.05872022472804393
            },
            "6": {
                "type": "i",
                "bias": 0.039836791516355365
            },
            "7": {
                "type": "i",
                "bias": 0.15016917313527467
            },
            "8": {
                "type": "o",
                "bias": 0.43421181233863587
            },
            "9": {
                "type": "o",
                "bias": -0.10991091411020715
            },
            "10": {
                "type": "o",
                "bias": -0.13881796998694756
            },
            "11": {
                "type": "o",
                "bias": -0.20415490617995963
            }
        },
        "synapses": {
            "36": {
                "nrn_to": 10,
                "nrn_from": 5,
                "weight": -0.43999930689562916,
                "active": true
            },
            "37": {
                "nrn_to": 8,
                "nrn_from": 2,
                "weight": 0.1582097348896644,
                "active": true
            },
            "38": {
                "nrn_to": 8,
                "nrn_from": 6,
                "weight": -0.11168085604899043,
                "active": true
            },
            "20": {
                "nrn_to": 11,
                "nrn_from": 0,
                "weight": -0.7369718163267983,
                "active": true
            },
            "12": {
                "nrn_to": 10,
                "nrn_from": 3,
                "weight": -0.5407777858624792,
                "active": true
            }
        }
    }
}