{
    "Num species": 4,
    "Species 0 num animals": 9,
    "Species 0 top fitness": -35.511232017125465,
    "Species 0 mean fitness": -86.47006235706047,
    "Species 0 std fitness": 77.05575169628395,
    "Species 0 top animal N hidden neurons": 0,
    "Species 0 top animal N synapses": 10,
    "Species 0 top animal": {
        "neurons": {
            "0": {
                "type": "i",
                "bias": 0.22739938654474884
            },
            "1": {
                "type": "i",
                "bias": 0.22505808049176382
            },
            "2": {
                "type": "i",
                "bias": 0.34269062291469266
            },
            "3": {
                "type": "i",
                "bias": -0.09713237379780572
            },
            "4": {
                "type": "i",
                "bias": 0.2797424704312266
            },
            "5": {
                "type": "i",
                "bias": -0.18527655387254618
            },
            "6": {
                "type": "i",
                "bias": -0.6216997953769096
            },
            "7": {
                "type": "i",
                "bias": 0.10123675565453977
            },
            "8": {
                "type": "o",
                "bias": -0.13833296095808298
            },
            "9": {
                "type": "o",
                "bias": -0.4525140628544563
            },
            "10": {
                "type": "o",
                "bias": 0.07730251976019163
            },
            "11": {
                "type": "o",
                "bias": 0.08158003893155243
            }
        },
        "synapses": {
            "38": {
                "nrn_to": 9,
                "nrn_from": 3,
                "weight": -0.05239386365130025,
                "active": false
            },
            "39": {
                "nrn_to": 10,
                "nrn_from": 5,
                "weight": -0.36913897025813336,
                "active": true
            },
            "43": {
                "nrn_to": 8,
                "nrn_from": 0,
                "weight": 0.05830886688122493,
                "active": false
            },
            "12": {
                "nrn_to": 9,
                "nrn_from": 4,
                "weight": -0.9195086856851518,
                "active": true
            },
            "13": {
                "nrn_to": 9,
                "nrn_from": 2,
                "weight": 0.1460185124424449,
                "active": true
            },
            "17": {
                "nrn_to": 8,
                "nrn_from": 6,
                "weight": -0.13627329434736685,
                "active": false
            },
            "21": {
                "nrn_to": 8,
                "nrn_from": 1,
                "weight": 0.3426141545576622,
                "active": true
            },
            "53": {
                "nrn_to": 11,
                "nrn_from": 7,
                "weight": 0.570993855733113,
                "active": true
            },
            "23": {
                "nrn_to": 8,
                "nrn_from": 7,
                "weight": -0.5305317384384192,
                "active": true
            },
            "29": {
                "nrn_to": 11,
                "nrn_from": 4,
                "weight": 0.9633595772263689,
                "active": true
            }
        }
    },
    "Species 3 num animals": 8,
    "Species 3 top fitness": -38.54934488453441,
    "Species 3 mean fitness": -53.48432716348714,
    "Species 3 std fitness": 23.246577020889948,
    "Species 3 top animal N hidden neurons": 0,
    "Species 3 top animal N synapses": 10,
    "Species 3 top animal": {
        "neurons": {
            "0": {
                "type": "i",
                "bias": 0.06499775845050215
            },
            "1": {
                "type": "i",
                "bias": 0.056900741491280965
            },
            "2": {
                "type": "i",
                "bias": 0.3779340684586899
            },
            "3": {
                "type": "i",
                "bias": -0.15603919443915412
            },
            "4": {
                "type": "i",
                "bias": 0.14812841062936205
            },
            "5": {
                "type": "i",
                "bias": -0.008324345590115662
            },
            "6": {
                "type": "i",
                "bias": -0.345188831706132
            },
            "7": {
                "type": "i",
                "bias": 0.20594259631869896
            },
            "8": {
                "type": "o",
                "bias": -0.07044533237468742
            },
            "9": {
                "type": "o",
                "bias": -0.08345134145565501
            },
            "10": {
                "type": "o",
                "bias": 0.28667241915557035
            },
            "11": {
                "type": "o",
                "bias": 0.2118098881020343
            }
        },
        "synapses": {
            "39": {
                "nrn_to": 10,
                "nrn_from": 5,
                "weight": -0.17353655869302187,
                "active": true
            },
            "43": {
                "nrn_to": 8,
                "nrn_from": 0,
                "weight": 0.1965756177293995,
                "active": false
            },
            "12": {
                "nrn_to": 9,
                "nrn_from": 4,
                "weight": -1.6445285514384151,
                "active": true
            },
            "13": {
                "nrn_to": 9,
                "nrn_from": 2,
                "weight": 0.0005884077846600166,
                "active": false
            },
            "17": {
                "nrn_to": 8,
                "nrn_from": 6,
                "weight": -0.23427840580394046,
                "active": true
            },
            "21": {
                "nrn_to": 8,
                "nrn_from": 1,
                "weight": 0.4175575220369428,
                "active": true
            },
            "53": {
                "nrn_to": 11,
                "nrn_from": 7,
                "weight": 1.4195435564302659,
                "active": true
            },
            "23": {
                "nrn_to": 8,
                "nrn_from": 7,
                "weight": -0.9503991740325699,
                "active": true
            },
            "58": {
                "nrn_to": 8,
                "nrn_from": 5,
                "weight": -0.31436480104748693,
                "active": true
            },
            "29": {
                "nrn_to": 11,
                "nrn_from": 4,
                "weight": 0.919763975886508,
                "active": true
            }
        }
    },
    "Species 1 num animals": 17,
    "Species 1 top fitness": -38.79699208261706,
    "Species 1 mean fitness": -131.09512832813675,
    "Species 1 std fitness": 152.58686699003988,
    "Species 1 top animal N hidden neurons": 0,
    "Species 1 top animal N synapses": 8,
    "Species 1 top animal": {
        "neurons": {
            "0": {
                "type": "i",
                "bias": 0.13008308975102179
            },
            "1": {
                "type": "i",
                "bias": 0.1621434776292224
            },
            "2": {
                "type": "i",
                "bias": -0.08804704114701192
            },
            "3": {
                "type": "i",
                "bias": -0.1030490416546069
            },
            "4": {
                "type": "i",
                "bias": 0.134616840979085
            },
            "5": {
                "type": "i",
                "bias": 0.07922376031791437
            },
            "6": {
                "type": "i",
                "bias": -0.02570724290709308
            },
            "7": {
                "type": "i",
                "bias": 0.25905597086311277
            },