{
    "Num species": 1,
    "Species 1 num animals": 60,
    "Species 1 top fitness": 212.18593380779853,
    "Species 1 mean fitness": 97.27216977443248,
    "Species 1 std fitness": 61.35365364977638,
    "Species 1 top animal N hidden neurons": 0,
    "Species 1 top animal N synapses": 12,
    "Species 1 top animal": {
        "neurons": {
            "0": {
                "type": "i",
                "bias": 0.12325015745691702
            },
            "1": {
                "type": "i",
                "bias": -0.19321614101143786
            },
            "2": {
                "type": "i",
                "bias": 0.07925325544400166
            },
            "3": {
                "type": "i",
                "bias": -0.1263191674066512
            },
            "4": {
                "type": "i",
                "bias": 0.005840034252438168
            },
            "5": {
                "type": "i",
                "bias": -0.02882688347149965
            },
            "6": {
                "type": "i",
                "bias": 0.012615226854491873
            },
            "7": {
                "type": "i",
                "bias": -0.17908077464687944
            },
            "8": {
                "type": "o",
                "bias": 0.06809625424474187
            },
            "9": {
                "type": "o",
                "bias": 0.19656900514695835
            },
            "10": {
                "type": "o",
                "bias": -0.058994378773004154
            },
            "11": {
                "type": "o",
                "bias": 0.22123030664420795
            }
        },
        "synapses": {
            "33": {
                "nrn_to": 10,
                "nrn_from": 7,
                "weight": 0.13102861979907643,
                "active": true
            },
            "34": {
                "nrn_to": 8,
                "nrn_from": 4,
                "weight": 0.2542526966832861,
                "active": true
            },
            "36": {
                "nrn_to": 10,
                "nrn_from": 2,
                "weight": 0.19901735085114836,
                "active": true
            },
            "39": {
                "nrn_to": 9,
                "nrn_from": 2,
                "weight": 0.7961875228382601,
                "active": true
            },
            "14": {
                "nrn_to": 10,
                "nrn_from": 3,
                "weight": -0.9824363421379299,
                "active": true
            },
            "20": {
                "nrn_to": 8,
                "nrn_from": 6,
                "weight": 0.30869282262343645,
                "active": true
            },
            "21": {
                "nrn_to": 11,
                "nrn_from": 6,
                "weight": -0.6626861354569559,
                "active": true
            },
            "22": {
                "nrn_to": 9,
                "nrn_from": 5,
                "weight": -0.1685389264756355,
                "active": false
            },
            "26": {
                "nrn_to": 11,
                "nrn_from": 4,
                "weight": 1.648948551498859,
                "active": true
            },
            "27": {
                "nrn_to": 10,
                "nrn_from": 6,
                "weight": 0.22961831948630249,
                "active": true
            },
            "30": {
                "nrn_to": 9,
                "nrn_from": 6,
                "weight": -0.0007472201916638652,
                "active": false
            },
            "31": {
                "nrn_to": 9,
                "nrn_from": 4,
                "weight": -0.1284260617594784,
                "active": true
            }
        }
    }
}