{
    "Num species": 4,
    "Species 3 num animals": 8,
    "Species 3 top fitness": -28.900778959754312,
    "Species 3 mean fitness": -77.73257301269965,
    "Species 3 std fitness": 24.581119972292583,
    "Species 3 top animal N hidden neurons": 0,
    "Species 3 top animal N synapses": 12,
    "Species 3 top animal": {
        "neurons": {
            "0": {
                "type": "i",
                "bias": 0.8735652348577504
            },
            "1": {
                "type": "i",
                "bias": -0.004620743382123467
            },
            "2": {
                "type": "i",
                "bias": -0.21044968306995093
            },
            "3": {
                "type": "i",
                "bias": 0.027000285858330367
            },
            "4": {
                "type": "i",
                "bias": -0.18462105189120484
            },
            "5": {
                "type": "i",
                "bias": -0.18822611747467805
            },
            "6": {
                "type": "i",
                "bias": 0.14200312265108392
            },
            "7": {
                "type": "i",
                "bias": 0.17785050123253163
            },
            "8": {
                "type": "o",
                "bias": -0.1238625439153815
            },
            "9": {
                "type": "o",
                "bias": -0.008798075099325476
            },
            "10": {
                "type": "o",
                "bias": 0.1459428904097514
            },
            "11": {
                "type": "o",
                "bias": 0.2434763900195665
            }
        },
        "synapses": {
            "32": {
                "nrn_to": 8,
                "nrn_from": 1,
                "weight": 0.20673428998770935,
                "active": true
            },
            "34": {
                "nrn_to": 8,
                "nrn_from": 6,
                "weight": -0.2237870323389092,
                "active": true
            },
            "43": {
                "nrn_to": 9,
                "nrn_from": 1,
                "weight": 0.2886028325374751,
                "active": true
            },
            "13": {
                "nrn_to": 9,
                "nrn_from": 4,
                "weight": -0.5000487265626488,
                "active": true
            },
            "14": {
                "nrn_to": 8,
                "nrn_from": 5,
                "weight": 0.23065899849695096,
                "active": true
            },
            "18": {
                "nrn_to": 9,
                "nrn_from": 3,
                "weight": 0.0804856709912834,
                "active": true
            },
            "21": {
                "nrn_to": 11,
                "nrn_from": 4,
                "weight": 2.295020785303706,
                "active": true
            },
            "23": {
                "nrn_to": 10,
                "nrn_from": 2,
                "weight": -0.10495203425749272,
                "active": true
            },
            "24": {
                "nrn_to": 10,
                "nrn_from": 7,
                "weight": -0.028915152274210775,
                "active": true
            },
            "26": {
                "nrn_to": 11,
                "nrn_from": 7,
                "weight": 0.05806282605140839,
                "active": false
            },
            "28": {
                "nrn_to": 9,
                "nrn_from": 7,
                "weight": 0.21692327539072945,
                "active": true
            },
            "31": {
                "nrn_to": 11,
                "nrn_from": 5,
                "weight": 1.0831594024924778,
                "active": true
            }
        }
    },
    "Species 2 num animals": 30,
    "Species 2 top fitness": -35.082406151640924,
    "Species 2 mean fitness": -95.01378479815416,
    "Species 2 std fitness": 91.43758537645033,
    "Species 2 top animal N hidden neurons": 0,
    "Species 2 top animal N synapses": 11,
    "Species 2 top animal": {
        "neurons": {
            "0": {
                "type": "i",
                "bias": 0.12153401285198759
            },
            "1": {
                "type": "i",
                "bias": -0.22592995286658554
            },
            "2": {
                "type": "i",
                "bias": -0.3144528035909421
            },
            "3": {
                "type": "i",
                "bias": 0.6130720549337433
            },
            "4": {
                "type": "i",
                "bias": -0.29928634075941873
            },
            "5": {
                "type": "i",
                "bias": 0.03591022994439604
            },
            "6": {
                "type": "i",
                "bias": -0.00998262098285415
            },
            "7": {
                "type": "i",
                "bias": 0.049617135316060726
            },
            "8": {
                "type": "o",
                "bias": -0.047968138978204296
            },
            "9": {
                "type": "o",
                "bias": 0.024014633524744932
            },
            "10": {
                "type": "o",
                "bias": 0.1818152601001766
            },
            "11": {
                "type": "o",
                "bias": 0.2313859532779594
            }
        },
        "synapses": {
            "32": {
                "nrn_to": 8,
                "nrn_from": 1,
                "weight": 0.14991808366434045,
                "active": true
            },
            "34": {
                "nrn_to": 8,
                "nrn_from": 6,
                "weight": -0.7861687992679599,
                "active": true
            },
            "35": {
                "nrn_to": 11,
                "nrn_from": 6,
                "weight": 0.043401960502209236,
                "active": true
            },
            "43": {
                "nrn_to": 9,
                "nrn_from": 1,
                "weight": 0.2446766456362311,
                "active": true
            },
            "13": {
                "nrn_to": 9,
                "nrn_from": 4,
                "weight": -0.5795230950995555,
                "active": true
            },
            "14": {
                "nrn_to": 8,
                "nrn_from": 5,
                "weight": 0.37749864765582847,
                "active": true
            },
            "18": {
                "nrn_to": 9,
                "nrn_from": 3,
                "weight": 0.2731887499571438,
                "active": false
            },
            "22": {
                "nrn_to": 11,
                "nrn_from": 0,
                "weight": -0.1474526442030168,
                "active": true
            },
            "24": {
                "nrn_to": 10,
                "nrn_from": 7,
                "weight": -0.03875097866842085,
                "active": false
            },
            "26": {
                "nrn_to": 11,
                "nrn_from": 7,
                "weight": -0.16565356610337623,
                "active": true
            },
            "31": {
                "nrn_to": 11,
                "nrn_from": 5,
                "weight": 2.103481326205354,
                "active": true
            }
        }
    },
    "Species 0 num animals": 8,
    "Species 0 top fitness": -28.522728959415335,
    "Species 0 mean fitness": -113.58281452434277,
    "Species 0 std fitness": 83.26422229640804,
    "Species 0 top animal N hidden neurons": 1,
    "Species 0 top animal N synapses": 11,
    "Species 0 top animal": {
        "neurons": {
            "0": {
                "type": "i",
                "bias": 0.5751344270949561
            },
            "1": {
                "type": "i",
                "bias": -0.05305513982937055
            },
            "2": {
                "type": "i",
                "bias": -0.308173865183269
            },