{
    "Num species": 1,
    "Species 0 num animals": 60,
    "Species 0 top fitness": 46.15071176640329,
    "Species 0 mean fitness": -76.26397353782066,
    "Species 0 std fitness": 100.9874205008644,
    "Species 0 top animal N hidden neurons": 0,
    "Species 0 top animal N synapses": 9,
    "Species 0 top animal": {
        "neurons": {
            "0": {
                "type": "i",
                "bias": 0.03793143487787102
            },
            "1": {
                "type": "i",
                "bias": 0.044267558231257075
            },
            "2": {
                "type": "i",
                "bias": -0.09488411630409405
            },
            "3": {
                "type": "i",
                "bias": -0.36959734511085857
            },
            "4": {
                "type": "i",
                "bias": 0.11090597737163646
            },
            "5": {
                "type": "i",
                "bias": -0.29804493668345644
            },
            "6": {
                "type": "i",
                "bias": -0.0005313839910150234
            },
            "7": {
                "type": "i",
                "bias": -0.1827351920929517
            },
            "8": {
                "type": "o",
                "bias": 0.25864954485424685
            },
            "9": {
                "type": "o",
                "bias": 0.07691470254383118
            },
            "10": {
                "type": "o",
                "bias": 0.11660062280240481
            },
            "11": {
                "type": "o",
                "bias": -0.017896167587194797
            }
        },
        "synapses": {
            "32": {
                "nrn_to": 10,
                "nrn_from": 6,
                "weight": 0.08594305563473384,
                "active": true
            },
            "43": {
                "nrn_to": 11,
                "nrn_from": 2,
                "weight": -0.3314954694353926,
                "active": true
            },
            "18": {
                "nrn_to": 11,
                "nrn_from": 4,
                "weight": 0.8207855440911425,
                "active": true
            },
            "21": {
                "nrn_to": 9,
                "nrn_from": 6,
                "weight": 0.09970448273801856,
                "active": true
            },
            "22": {
                "nrn_to": 8,
                "nrn_from": 3,
                "weight": 0.6737064068966196,
                "active": true
            },
            "23": {
                "nrn_to": 11,
                "nrn_from": 5,
                "weight": 0.004151761832878951,
                "active": false
            },
            "27": {
                "nrn_to": 9,
                "nrn_from": 5,
                "weight": -0.05573115119540326,
                "active": true
            },
            "30": {
                "nrn_to": 8,
                "nrn_from": 5,
                "weight": -0.08036083861188971,
                "active": false
            },
            "41": {
                "nrn_to": 11,
                "nrn_from": 7,
                "weight": 0.06817236835459249,
                "active": true
            }
        }
    }
}