{
    "Num species": 1,
    "Species 0 num animals": 60,
    "Species 0 top fitness": -97.89339199348359,
    "Species 0 mean fitness": -179.49624518744832,
    "Species 0 std fitness": 95.95530054830566,
    "Species 0 top animal N hidden neurons": 0,
    "Species 0 top animal N synapses": 2,
    "Species 0 top animal": {
        "neurons": {
            "0": {
                "type": "i",
                "bias": 0.0
            },
            "1": {
                "type": "i",
                "bias": -0.19979068603947234
            },
            "2": {
                "type": "i",
                "bias": -0.03338042743080697
            },
            "3": {
                "type": "i",
                "bias": 0.03770661046207451
            },
            "4": {
                "type": "i",
                "bias": -0.046758316858346416
            },
            "5": {
                "type": "i",
                "bias": 0.0
            },
            "6": {
                "type": "i",
                "bias": -0.03216847633994838
            },
            "7": {
                "type": "i",
                "bias": 0.08331816294284089
            },
            "8": {
                "type": "o",
                "bias": 0.007212891000579036
            },
            "9": {
                "type": "o",
                "bias": -0.2465615690220369
            },
            "10": {
                "type": "o",
                "bias": -0.09834141187794081
            },
            "11": {
                "type": "o",
                "bias": 0.004013913373683682
            }
        },
        "synapses": {
            "12": {
                "nrn_to": 11,
                "nrn_from": 4,
                "weight": 0.04411206276198176,
                "active": true
            },
            "21": {
                "nrn_to": 11,
                "nrn_from": 7,
                "weight": 0.5242684515639899,
                "active": true
            }
        }
    }
}