{
    "Num species": 2,
    "Species 1 num animals": 24,
    "Species 1 top fitness": 60.34669818151779,
    "Species 1 mean fitness": -37.43115121008787,
    "Species 1 std fitness": 60.081346526357926,
    "Species 1 top animal N hidden neurons": 0,
    "Species 1 top animal N synapses": 9,
    "Species 1 top animal": {
        "neurons": {
            "0": {
                "type": "i",
                "bias": 0.12496694593430478
            },
            "1": {
                "type": "i",
                "bias": -0.1259999491873684
            },
            "2": {
                "type": "i",
                "bias": 0.6294390658559852
            },
            "3": {
                "type": "i",
                "bias": 0.18270275898632918
            },
            "4": {
                "type": "i",
                "bias": 0.29082002713847
            },
            "5": {
                "type": "i",
                "bias": -0.05273094215075608
            },
            "6": {
                "type": "i",
                "bias": 0.060936757209457994
            },
            "7": {
                "type": "i",
                "bias": 0.430665693680768
            },
            "8": {
                "type": "o",
                "bias": -0.04563933644230003
            },
            "9": {
                "type": "o",
                "bias": -0.051682027069203614
            },
            "10": {
                "type": "o",
                "bias": -0.22013363515266526
            },
            "11": {
                "type": "o",
                "bias": 0.11595198512554213
            }
        },
        "synapses": {
            "33": {
                "nrn_to": 11,
                "nrn_from": 0,
                "weight": -0.4182182233450508,
                "active": true
            },
            "34": {
                "nrn_to": 11,
                "nrn_from": 7,
                "weight": 0.20732098260387025,
                "active": false
            },
            "39": {
                "nrn_to": 11,
                "nrn_from": 4,
                "weight": 1.0067977877312013,
                "active": true
            },
            "42": {
                "nrn_to": 10,
                "nrn_from": 1,
                "weight": -0.3869216351732918,
                "active": true
            },
            "13": {
                "nrn_to": 8,
                "nrn_from": 1,
                "weight": -0.030098680155104918,
                "active": true
            },
            "47": {
                "nrn_to": 10,
                "nrn_from": 5,
                "weight": 0.391507088795126,
                "active": true
            },
            "16": {
                "nrn_to": 9,
                "nrn_from": 1,
                "weight": 0.09861874772487492,
                "active": true
            },
            "24": {
                "nrn_to": 10,
                "nrn_from": 3,
                "weight": -0.5910386177404433,
                "active": true
            },
            "29": {
                "nrn_to": 9,
                "nrn_from": 5,
                "weight": -0.4580644411953879,
                "active": true
            }
        }
    },
    "Species 2 num animals": 36,
    "Species 2 top fitness": 75.37921099280166,
    "Species 2 mean fitness": -24.462934150772107,
    "Species 2 std fitness": 80.90872871016664,
    "Species 2 top animal N hidden neurons": 0,
    "Species 2 top animal N synapses": 7,
    "Species 2 top animal": {
        "neurons": {
            "0": {
                "type": "i",
                "bias": 0.9967115507339487
            },
            "1": {
                "type": "i",
                "bias": -0.09266097471372257
            },
            "2": {
                "type": "i",
                "bias": 1.431154877583463
            },
            "3": {
                "type": "i",
                "bias": -0.1262371063026837
            },
            "4": {
                "type": "i",
                "bias": 0.2520673372794106
            },
            "5": {
                "type": "i",
                "bias": -0.1368186737364501
            },
            "6": {
                "type": "i",
                "bias": 0.0825811603010207
            },
            "7": {
                "type": "i",
                "bias": 0.010421372502071466
            },
            "8": {
                "type": "o",
                "bias": -0.19889359566796494
            },
            "9": {
                "type": "o",
                "bias": -0.0550665190780746
            },
            "10": {
                "type": "o",
                "bias": -0.03380354320255222
            },
            "11": {
                "type": "o",
                "bias": 0.07367376649891767
            }
        },
        "synapses": {
            "16": {
                "nrn_to": 9,
                "nrn_from": 1,
                "weight": 0.29065330217386365,
                "active": true
            },
            "33": {
                "nrn_to": 11,
                "nrn_from": 0,
                "weight": -0.16645628067457569,
                "active": false
            },
            "34": {
                "nrn_to": 11,
                "nrn_from": 7,
                "weight": 0.2268194627857102,
                "active": false
            },
            "19": {
                "nrn_to": 9,
                "nrn_from": 2,
                "weight": 0.19376539894370354,
                "active": true
            },
            "39": {
                "nrn_to": 11,
                "nrn_from": 4,
                "weight": 2.0086233106763762,
                "active": true
            },
            "24": {
                "nrn_to": 10,
                "nrn_from": 3,
                "weight": -0.2733997911578446,
                "active": true
            },
            "29": {
                "nrn_to": 9,
                "nrn_from": 5,
                "weight": -0.4226492426441153,
                "active": true
            }
        }
    }
}