{
    "Num species": 2,
    "Species 0 num animals": 16,
    "Species 0 top fitness": -72.85981920823828,
    "Species 0 mean fitness": -165.10928615911286,
    "Species 0 std fitness": 241.407944192576,
    "Species 0 top animal N hidden neurons": 0,
    "Species 0 top animal N synapses": 1,
    "Species 0 top animal": {
        "neurons": {
            "0": {
                "type": "i",
                "bias": 0.05599304113730517
            },
            "1": {
                "type": "i",
                "bias": -0.14002678585114925
            },
            "2": {
                "type": "i",
                "bias": -1.5663700024187233
            },
            "3": {
                "type": "i",
                "bias": -0.01840283971978534
            },
            "4": {
                "type": "i",
                "bias": 0.19813163827736446
            },
            "5": {
                "type": "i",
                "bias": 0.3052729549177262
            },
            "6": {
                "type": "i",
                "bias": 0.03954187357558264
            },
            "7": {
                "type": "i",
                "bias": -0.3637904273284497
            },
            "8": {
                "type": "o",
                "bias": -1.4883613858119622
            },
            "9": {
                "type": "o",
                "bias": 0.19424447707076128
            },
            "10": {
                "type": "o",
                "bias": 0.1965381002195721
            },
            "11": {
                "type": "o",
                "bias": 0.17825277412048157
            }
        },
        "synapses": {
            "27": {
                "nrn_to": 11,
                "nrn_from": 4,
                "weight": 0.6209770422864781,
                "active": true
            }
        }
    },
    "Species 1 num animals": 44,
    "Species 1 top fitness": -67.91995160433338,
    "Species 1 mean fitness": -213.50952166274473,
    "Species 1 std fitness": 240.1705215099295,
    "Species 1 top animal N hidden neurons": 1,
    "Species 1 top animal N synapses": 3,
    "Species 1 top animal": {
        "neurons": {
            "0": {
                "type": "i",
                "bias": 0.20211804293269148
            },
            "1": {
                "type": "i",
                "bias": -0.2040821472208472
            },
            "2": {
                "type": "i",
                "bias": 0.12424313757343917
            },
            "3": {
                "type": "i",
                "bias": 0.6302847873359207
            },
            "4": {
                "type": "i",
                "bias": 2.4889576764071455
            },
            "5": {
                "type": "i",
                "bias": -0.007922257451411766
            },
            "6": {
                "type": "i",
                "bias": 0.09194083032682104
            },
            "7": {
                "type": "i",
                "bias": -0.23644103127164937
            },
            "8": {
                "type": "o",
                "bias": 0.025200036813380636
            },
            "9": {
                "type": "o",
                "bias": 0.09609687584942195
            },
            "10": {
                "type": "o",
                "bias": 0.0999783314806107
            },
            "11": {
                "type": "o",
                "bias": 0.008722643928499148
            },
            "158": {
                "type": "h",
                "bias": 0.005522068645109235
            }
        },
        "synapses": {
            "160": {
                "active": true,
                "nrn_to": 11,
                "nrn_from": 158,
                "weight": 0.943358267861283
            },
            "27": {
                "nrn_to": 11,
                "nrn_from": 4,
                "weight": 2.9801333888727104,
                "active": false
            },
            "159": {
                "active": true,
                "nrn_to": 158,
                "nrn_from": 4,
                "weight": 1.1194548304240168
            }
        }
    }
}