{
    "Num species": 2,
    "Species 0 num animals": 51,
    "Species 0 top fitness": -30.960571073395116,
    "Species 0 mean fitness": -247.7042021387164,
    "Species 0 std fitness": 1111.9613269545964,
    "Species 0 top animal N hidden neurons": 0,
    "Species 0 top animal N synapses": 11,
    "Species 0 top animal": {
        "neurons": {
            "0": {
                "type": "i",
                "bias": 0.08174454734160545
            },
            "1": {
                "type": "i",
                "bias": 0.0799525038014755
            },
            "2": {
                "type": "i",
                "bias": 0.06671761599242888
            },
            "3": {
                "type": "i",
                "bias": -0.058883424064863715
            },
            "4": {
                "type": "i",
                "bias": 0.15280379828725132
            },
            "5": {
                "type": "i",
                "bias": 0.2596630807486285
            },
            "6": {
                "type": "i",
                "bias": 0.07961066053396083
            },
            "7": {
                "type": "i",
                "bias": 0.06870905460530007
            },
            "8": {
                "type": "o",
                "bias": -0.016995588451132054
            },
            "9": {
                "type": "o",
                "bias": 0.09198522806361999
            },
            "10": {
                "type": "o",
                "bias": 0.117053660830642
            },
            "11": {
                "type": "o",
                "bias": -0.09429621820625977
            }
        },
        "synapses": {
            "33": {
                "nrn_to": 10,
                "nrn_from": 7,
                "weight": -0.14428736735219921,
                "active": true
            },
            "35": {
                "nrn_to": 10,
                "nrn_from": 0,
                "weight": -0.008267042190942465,
                "active": true
            },
            "36": {
                "nrn_to": 11,
                "nrn_from": 4,
                "weight": 2.133012429030465,
                "active": true
            },
            "37": {
                "nrn_to": 9,
                "nrn_from": 7,
                "weight": -0.4563379983237884,
                "active": true
            },
            "39": {
                "nrn_to": 11,
                "nrn_from": 0,
                "weight": -0.28450822918583146,
                "active": true
            },
            "14": {
                "nrn_to": 10,
                "nrn_from": 5,
                "weight": 0.5807035243648335,
                "active": true
            },
            "15": {
                "nrn_to": 9,
                "nrn_from": 6,
                "weight": -0.623250681384623,
                "active": true
            },
            "16": {
                "nrn_to": 9,
                "nrn_from": 1,
                "weight": -0.052027310911581005,
                "active": false
            },
            "18": {
                "nrn_to": 8,
                "nrn_from": 7,
                "weight": -0.42955666964408623,
                "active": true
            },
            "24": {
                "nrn_to": 8,
                "nrn_from": 1,
                "weight": 0.13918048550772072,
                "active": true
            },
            "25": {
                "nrn_to": 11,
                "nrn_from": 6,
                "weight": -0.059298509141955925,
                "active": false
            }
        }
    },
    "Species 1 num animals": 9,
    "Species 1 top fitness": -71.69164908730457,
    "Species 1 mean fitness": -208.566517781787,
    "Species 1 std fitness": 162.82147811189822,
    "Species 1 top animal N hidden neurons": 0,
    "Species 1 top animal N synapses": 10,
    "Species 1 top animal": {
        "neurons": {
            "0": {
                "type": "i",
                "bias": -0.05107185103029671
            },
            "1": {
                "type": "i",
                "bias": 0.0799525038014755
            },
            "2": {
                "type": "i",
                "bias": 0.05963866281824211
            },
            "3": {
                "type": "i",
                "bias": -0.03407818293515888
            },
            "4": {
                "type": "i",
                "bias": 0.2946845948778983
            },
            "5": {
                "type": "i",
                "bias": 0.22962520971751488
            },
            "6": {
                "type": "i",
                "bias": 0.17165476388949133
            },
            "7": {
                "type": "i",
                "bias": 0.11562671739574694
            },
            "8": {
                "type": "o",
                "bias": 0.0053117742831683586
            },
            "9": {
                "type": "o",
                "bias": 0.14508171511587944
            },
            "10": {
                "type": "o",
                "bias": 0.03280292782386979
            },
            "11": {
                "type": "o",
                "bias": -0.07902119743235132
            }
        },
        "synapses": {
            "33": {
                "nrn_to": 10,
                "nrn_from": 7,
                "weight": -0.24963899894551933,
                "active": true
            },
            "35": {
                "nrn_to": 10,
                "nrn_from": 0,
                "weight": -0.03539930063426865,
                "active": false
            },
            "36": {
                "nrn_to": 11,
                "nrn_from": 4,
                "weight": 1.1717221767266004,
                "active": true
            },
            "37": {
                "nrn_to": 9,
                "nrn_from": 7,
                "weight": -0.4053477715740601,
                "active": true
            },
            "39": {
                "nrn_to": 11,
                "nrn_from": 0,
                "weight": -0.26999209226193294,
                "active": true
            },
            "14": {
                "nrn_to": 10,
                "nrn_from": 5,
                "weight": 1.2283085895812529,
                "active": true
            },
            "15": {
                "nrn_to": 9,
                "nrn_from": 6,
                "weight": -0.20529019575719132,
                "active": true
            },
            "16": {
                "nrn_to": 9,
                "nrn_from": 1,
                "weight": 0.0565658973776422,
                "active": false
            },
            "24": {
                "nrn_to": 8,
                "nrn_from": 1,
                "weight": 0.13524712277735906,
                "active": true
            },
            "25": {
                "nrn_to": 11,
                "nrn_from": 6,
                "weight": 0.011058974275839732,
                "active": false
            }
        }
    }
}