{
    "Num species": 1,
    "Species 0 num animals": 60,
    "Species 0 top fitness": -72.41897538094454,
    "Species 0 mean fitness": -125.45741193163644,
    "Species 0 std fitness": 66.10814396832743,
    "Species 0 top animal N hidden neurons": 0,
    "Species 0 top animal N synapses": 3,
    "Species 0 top animal": {
        "neurons": {
            "0": {
                "type": "i",
                "bias": 0.0996093067019605
            },
            "1": {
                "type": "i",
                "bias": -0.21591941187971517
            },
            "2": {
                "type": "i",
                "bias": -0.1297534692499352
            },
            "3": {
                "type": "i",
                "bias": 0.4323659208359552
            },
            "4": {
                "type": "i",
                "bias": -0.004951307789802774
            },
            "5": {
                "type": "i",
                "bias": 0.03152507783042205
            },
            "6": {
                "type": "i",
                "bias": -0.01857299027554215
            },
            "7": {
                "type": "i",
                "bias": -0.09256064270950143
            },
            "8": {
                "type": "o",
                "bias": -0.029797409975076572
            },
            "9": {
                "type": "o",
                "bias": -0.11050808346067334
            },
            "10": {
                "type": "o",
                "bias": 0.1179182642947379
            },
            "11": {
                "type": "o",
                "bias": -0.028357844354962396
            }
        },
        "synapses": {
            "16": {
                "nrn_to": 8,
                "nrn_from": 1,
                "weight": 0.24118267693377532,
                "active": true
            },
            "36": {
                "nrn_to": 11,
                "nrn_from": 4,
                "weight": 0.4224416708582829,
                "active": true
            },
            "13": {
                "nrn_to": 11,
                "nrn_from": 0,
                "weight": -0.23436792994675865,
                "active": true
            }
        }
    }
}