{
    "Num species": 1,
    "Species 0 num animals": 60,
    "Species 0 top fitness": 156.14283876110753,
    "Species 0 mean fitness": 10.172203571796393,
    "Species 0 std fitness": 271.2902359955443,
    "Species 0 top animal N hidden neurons": 0,
    "Species 0 top animal N synapses": 9,
    "Species 0 top animal": {
        "neurons": {
            "0": {
                "type": "i",
                "bias": 0.4721888926797505
            },
            "1": {
                "type": "i",
                "bias": 0.48749986135365064
            },
            "2": {
                "type": "i",
                "bias": 0.17077402506741876
            },
            "3": {
                "type": "i",
                "bias": -0.0970980513601358
            },
            "4": {
                "type": "i",
                "bias": -0.033103085004611774
            },
            "5": {
                "type": "i",
                "bias": -0.11537185760440831
            },
            "6": {
                "type": "i",
                "bias": 0.3414260849843939
            },
            "7": {
                "type": "i",
                "bias": -0.24790047816903218
            },
            "8": {
                "type": "o",
                "bias": -0.058352519800013554
            },
            "9": {
                "type": "o",
                "bias": 0.13937798507872548
            },
            "10": {
                "type": "o",
                "bias": 0.05548761506852886
            },
            "11": {
                "type": "o",
                "bias": 0.14298130327947245
            }
        },
        "synapses": {
            "33": {
                "nrn_to": 11,
                "nrn_from": 5,
                "weight": 0.6503285896914982,
                "active": true
            },
            "12": {
                "nrn_to": 10,
                "nrn_from": 4,
                "weight": 0.031226234980543756,
                "active": false
            },
            "45": {
                "nrn_to": 9,
                "nrn_from": 2,
                "weight": 0.3580679182158976,
                "active": true
            },
            "14": {
                "nrn_to": 8,
                "nrn_from": 2,
                "weight": 0.015299725883382142,
                "active": false
            },
            "48": {
                "nrn_to": 10,
                "nrn_from": 3,
                "weight": -0.46742070479258807,
                "active": true
            },
            "22": {
                "nrn_to": 8,
                "nrn_from": 1,
                "weight": 0.30431301725788235,
                "active": false
            },
            "23": {
                "nrn_to": 11,
                "nrn_from": 4,
                "weight": 0.6887027964730992,
                "active": true
            },
            "24": {
                "nrn_to": 11,
                "nrn_from": 7,
                "weight": 0.23495797823236275,
                "active": true
            },
            "25": {
                "nrn_to": 10,
                "nrn_from": 1,
                "weight": 0.07610879426191672,
                "active": false
            }
        }
    }
}