{
    "Num species": 2,
    "Species 1 num animals": 14,
    "Species 1 top fitness": 23.148073308319066,
    "Species 1 mean fitness": -81.58341532474326,
    "Species 1 std fitness": 76.55766949973193,
    "Species 1 top animal N hidden neurons": 0,
    "Species 1 top animal N synapses": 9,
    "Species 1 top animal": {
        "neurons": {
            "0": {
                "type": "i",
                "bias": -0.33867220900599715
            },
            "1": {
                "type": "i",
                "bias": 0.09465194323360797
            },
            "2": {
                "type": "i",
                "bias": 0.04692151113589689
            },
            "3": {
                "type": "i",
                "bias": 0.0326825044396981
            },
            "4": {
                "type": "i",
                "bias": 0.09484135839917975
            },
            "5": {
                "type": "i",
                "bias": 0.17387973223817907
            },
            "6": {
                "type": "i",
                "bias": -0.24083363605117442
            },
            "7": {
                "type": "i",
                "bias": 0.061547588112037074
            },
            "8": {
                "type": "o",
                "bias": 0.11553298683430797
            },
            "9": {
                "type": "o",
                "bias": -0.04757686453871441
            },
            "10": {
                "type": "o",
                "bias": 0.0685990177876973
            },
            "11": {
                "type": "o",
                "bias": 0.020817183290195225
            }
        },
        "synapses": {
            "40": {
                "nrn_to": 8,
                "nrn_from": 3,
                "weight": 0.5727147660884854,
                "active": true
            },
            "12": {
                "nrn_to": 9,
                "nrn_from": 2,
                "weight": 0.34770353710066604,
                "active": true
            },
            "13": {
                "nrn_to": 8,
                "nrn_from": 7,
                "weight": 0.06593939747707872,
                "active": false
            },
            "18": {
                "nrn_to": 8,
                "nrn_from": 5,
                "weight": 0.16879937267729722,
                "active": true
            },
            "19": {
                "nrn_to": 8,
                "nrn_from": 6,
                "weight": 0.17351537505230216,
                "active": true
            },
            "21": {
                "nrn_to": 8,
                "nrn_from": 1,
                "weight": 0.29392424092434516,
                "active": true
            },
            "22": {
                "nrn_to": 9,
                "nrn_from": 4,
                "weight": -2.3843373971156923,
                "active": true
            },
            "30": {
                "nrn_to": 11,
                "nrn_from": 5,
                "weight": 0.17112473161818692,
                "active": true
            },
            "26": {
                "nrn_to": 9,
                "nrn_from": 0,
                "weight": 0.6471670172629628,
                "active": true
            }
        }
    },
    "Species 0 num animals": 46,
    "Species 0 top fitness": 232.8595403951761,
    "Species 0 mean fitness": 109.80233723972837,
    "Species 0 std fitness": 75.54833441526766,
    "Species 0 top animal N hidden neurons": 1,
    "Species 0 top animal N synapses": 14,
    "Species 0 top animal": {
        "neurons": {
            "0": {
                "type": "i",
                "bias": 0.38498837784435486
            },
            "1": {
                "type": "i",
                "bias": 0.030811199619566264
            },
            "2": {
                "type": "i",
                "bias": 0.09507988171186148
            },
            "3": {
                "type": "i",
                "bias": 0.1325907487501637
            },
            "4": {
                "type": "i",
                "bias": 0.14846503910487013
            },
            "5": {
                "type": "i",
                "bias": -0.10397520615529991
            },
            "6": {
                "type": "i",
                "bias": -0.054665132194116575
            },
            "7": {
                "type": "i",
                "bias": 0.19181544003711581
            },
            "8": {
                "type": "o",
                "bias": 0.101207170607619
            },
            "9": {
                "type": "o",
                "bias": 0.055125317364296225
            },
            "10": {
                "type": "o",
                "bias": 0.011230226729043353
            },
            "11": {
                "type": "o",
                "bias": 0.04208813665240953
            },
            "88": {
                "type": "h",
                "bias": -0.007117056410045321
            }
        },
        "synapses": {
            "26": {
                "nrn_to": 9,
                "nrn_from": 0,
                "weight": 0.5696997129099794,
                "active": true
            },
            "37": {
                "nrn_to": 11,
                "nrn_from": 2,
                "weight": -0.5397870007360602,
                "active": true
            },
            "40": {
                "nrn_to": 8,
                "nrn_from": 3,
                "weight": 0.28427274853910195,
                "active": true
            },
            "105": {
                "nrn_to": 88,
                "nrn_from": 7,
                "weight": -0.1782325198724023,
                "active": true
            },
            "13": {
                "nrn_to": 8,
                "nrn_from": 7,
                "weight": 0.2253823489395046,
                "active": false
            },
            "15": {
                "nrn_to": 8,
                "nrn_from": 2,
                "weight": -0.36370672106246926,
                "active": true
            },
            "19": {
                "nrn_to": 8,
                "nrn_from": 6,
                "weight": 0.5520393909873904,
                "active": false
            },
            "21": {
                "nrn_to": 8,
                "nrn_from": 1,
                "weight": 0.3210134152579173,
                "active": false
            },
            "22": {
                "nrn_to": 9,
                "nrn_from": 4,
                "weight": -1.1622819004256133,
                "active": true
            },
            "30": {
                "nrn_to": 11,
                "nrn_from": 5,
                "weight": 0.2816163925213166,
                "active": true
            },
            "24": {
                "nrn_to": 10,
                "nrn_from": 3,
                "weight": -0.6131099925058703,
                "active": true
            },
            "89": {
                "active": true,
                "nrn_to": 88,
                "nrn_from": 5,
                "weight": 0.6080264891870126
            },
            "90": {
                "active": true,
                "nrn_to": 11,
                "nrn_from": 88,
                "weight": 0.4600465185287985
            },
            "94": {
                "nrn_to": 88,
                "nrn_from": 4,
                "weight": 0.014836884711145467,
                "active": true
            }
        }
    }
}