{
    "Num species": 4,
    "Species 1 num animals": 13,
    "Species 1 top fitness": 71.03802700615883,
    "Species 1 mean fitness": -26.717981752064233,
    "Species 1 std fitness": 98.7963144412153,
    "Species 1 top animal N hidden neurons": 0,
    "Species 1 top animal N synapses": 11,
    "Species 1 top animal": {
        "neurons": {
            "0": {
                "type": "i",
                "bias": 0.23560610918481062
            },
            "1": {
                "type": "i",
                "bias": -0.13214720390768953
            },
            "2": {
                "type": "i",
                "bias": -0.3612353812097294
            },
            "3": {
                "type": "i",
                "bias": 0.4454376834322522
            },
            "4": {
                "type": "i",
                "bias": 0.7538810011809808
            },
            "5": {
                "type": "i",
                "bias": 0.29765553537566003
            },
            "6": {
                "type": "i",
                "bias": -0.10822935375279466
            },
            "7": {
                "type": "i",
                "bias": -0.10531643941607888
            },
            "8": {
                "type": "o",
                "bias": -0.5548161428600142
            },
            "9": {
                "type": "o",
                "bias": -0.005027515663696932
            },
            "10": {
                "type": "o",
                "bias": 0.13264954883943864
            },
            "11": {
                "type": "o",
                "bias": 0.17567379274949366
            }
        },
        "synapses": {
            "13": {
                "nrn_to": 11,
                "nrn_from": 0,
                "weight": -0.6071173845613529,
                "active": false
            },
            "15": {
                "nrn_to": 11,
                "nrn_from": 5,
                "weight": 0.23619917493458667,
                "active": false
            },
            "16": {
                "nrn_to": 8,
                "nrn_from": 1,
                "weight": 0.3917565883575833,
                "active": false
            },
            "49": {
                "nrn_to": 8,
                "nrn_from": 7,
                "weight": 0.11487124592297039,
                "active": false
            },
            "22": {
                "nrn_to": 9,
                "nrn_from": 0,
                "weight": 0.8995831301017658,
                "active": true
            },
            "23": {
                "nrn_to": 9,
                "nrn_from": 7,
                "weight": -0.4746482404312904,
                "active": true
            },
            "24": {
                "nrn_to": 9,
                "nrn_from": 4,
                "weight": -3.0,
                "active": true
            },
            "25": {
                "nrn_to": 10,
                "nrn_from": 5,
                "weight": -0.044467110266917326,
                "active": false
            },
            "27": {
                "nrn_to": 9,
                "nrn_from": 3,
                "weight": -0.03624436914729108,
                "active": true
            },
            "28": {
                "nrn_to": 11,
                "nrn_from": 3,
                "weight": 0.3164767030771332,
                "active": true
            },
            "30": {
                "nrn_to": 9,
                "nrn_from": 5,
                "weight": -0.6965077728847777,
                "active": true
            }
        }
    },
    "Species 2 num animals": 10,
    "Species 2 top fitness": -22.278601822111682,
    "Species 2 mean fitness": -66.864116254228,
    "Species 2 std fitness": 46.69972555928643,
    "Species 2 top animal N hidden neurons": 1,
    "Species 2 top animal N synapses": 13,
    "Species 2 top animal": {
        "neurons": {
            "0": {
                "type": "i",
                "bias": 0.2731917287748167
            },
            "1": {
                "type": "i",
                "bias": 0.040932068962885246
            },
            "2": {
                "type": "i",
                "bias": -0.45090521219481566
            },
            "3": {
                "type": "i",
                "bias": 0.4199649072733592
            },
            "4": {
                "type": "i",
                "bias": 0.12288364374191235
            },
            "5": {
                "type": "i",
                "bias": 0.16000735093765747
            },
            "6": {
                "type": "i",
                "bias": -0.03813411776163085
            },
            "7": {
                "type": "i",
                "bias": -0.1848729394182418
            },
            "8": {
                "type": "o",
                "bias": -0.024095418405725363
            },
            "9": {
                "type": "o",
                "bias": 0.024226774422456333
            },
            "10": {
                "type": "o",
                "bias": 0.06844233258053789
            },
            "11": {
                "type": "o",
                "bias": -0.06820841676243738
            },
            "147": {
                "type": "h",
                "bias": -0.0021981109164887214
            }
        },
        "synapses": {
            "161": {
                "nrn_to": 10,
                "nrn_from": 147,
                "weight": 0.10563697791909211,
                "active": true
            },
            "34": {
                "nrn_to": 10,
                "nrn_from": 7,
                "weight": 0.055721308237057274,
                "active": true
            },
            "35": {
                "nrn_to": 10,
                "nrn_from": 6,
                "weight": -1.0612691670153,
                "active": true
            },
            "36": {
                "nrn_to": 11,
                "nrn_from": 4,
                "weight": 2.9112959524471678,
                "active": true
            },
            "163": {
                "nrn_to": 147,
                "nrn_from": 4,
                "weight": -0.11763978395218842,
                "active": false
            },
            "41": {
                "nrn_to": 8,
                "nrn_from": 5,
                "weight": -0.13736893126354466,
                "active": false
            },
            "13": {
                "nrn_to": 11,
                "nrn_from": 0,
                "weight": -0.13974781096478603,
                "active": false
            },
            "15": {
                "nrn_to": 11,
                "nrn_from": 5,
                "weight": 0.6316173309219548,
                "active": true
            },
            "16": {
                "nrn_to": 8,
                "nrn_from": 1,
                "weight": 0.11819287920687792,
                "active": true
            },
            "148": {
                "active": true,
                "nrn_to": 147,
                "nrn_from": 5,
                "weight": 2.22697257500184
            },
            "149": {
                "active": false,
                "nrn_to": 8,
                "nrn_from": 147,
                "weight": -0.5785811606988047
            },
            "23": {
                "nrn_to": 9,
                "nrn_from": 7,
                "weight": 0.041487065572279345,
                "active": false
            },
            "24": {
                "nrn_to": 9,
                "nrn_from": 4,
                "weight": -1.2369380908060523,
                "active": true
            }
        }
    },
    "Species 0 num animals": 28,
    "Species 0 top fitness": 168.12402407642972,
    "Species 0 mean fitness": 22.69332918548941,
    "Species 0 std fitness": 177.51898630389312,
    "Species 0 top animal N hidden neurons": 0,
    "Species 0 top animal N synapses": 11,
    "Species 0 top animal": {
        "neurons": {
            "0": {
                "type": "i",