{
    "Num species": 2,
    "Species 1 num animals": 15,
    "Species 1 top fitness": -6.8677721488688634,
    "Species 1 mean fitness": -85.18893196479709,
    "Species 1 std fitness": 68.90936129523779,
    "Species 1 top animal N hidden neurons": 0,
    "Species 1 top animal N synapses": 5,
    "Species 1 top animal": {
        "neurons": {
            "0": {
                "type": "i",
                "bias": -0.20890582916908293
            },
            "1": {
                "type": "i",
                "bias": 0.019480496580712353
            },
            "2": {
                "type": "i",
                "bias": -0.15636442329556594
            },
            "3": {
                "type": "i",
                "bias": 0.0914716466524556
            },
            "4": {
                "type": "i",
                "bias": 0.011276721480673019
            },
            "5": {
                "type": "i",
                "bias": -0.19847014528075782
            },
            "6": {
                "type": "i",
                "bias": -0.13890272646623608
            },
            "7": {
                "type": "i",
                "bias": 0.04049676204659709
            },
            "8": {
                "type": "o",
                "bias": 0.10387797186758468
            },
            "9": {
                "type": "o",
                "bias": 0.021744139808068642
            },
            "10": {
                "type": "o",
                "bias": 0.0685990177876973
            },
            "11": {
                "type": "o",
                "bias": 0.017312133618341538
            }
        },
        "synapses": {
            "19": {
                "nrn_to": 8,
                "nrn_from": 6,
                "weight": 0.18788401477782754,
                "active": false
            },
            "21": {
                "nrn_to": 8,
                "nrn_from": 1,
                "weight": 0.16868688487274874,
                "active": true
            },
            "22": {
                "nrn_to": 9,
                "nrn_from": 4,
                "weight": -2.3287820323593422,
                "active": true
            },
            "40": {
                "nrn_to": 8,
                "nrn_from": 3,
                "weight": 0.410845990916311,
                "active": true
            },
            "30": {
                "nrn_to": 11,
                "nrn_from": 5,
                "weight": 0.29624739825890234,
                "active": true
            }
        }
    },
    "Species 0 num animals": 45,
    "Species 0 top fitness": 185.35488144594123,
    "Species 0 mean fitness": 23.64809980975031,
    "Species 0 std fitness": 74.96414485099498,
    "Species 0 top animal N hidden neurons": 1,
    "Species 0 top animal N synapses": 11,
    "Species 0 top animal": {
        "neurons": {
            "0": {
                "type": "i",
                "bias": 0.3804385987161212
            },
            "1": {
                "type": "i",
                "bias": -0.016007666934436005
            },
            "2": {
                "type": "i",
                "bias": 0.07593262694936306
            },
            "3": {
                "type": "i",
                "bias": 0.03920521343882656
            },
            "4": {
                "type": "i",
                "bias": 0.10170401711019243
            },
            "5": {
                "type": "i",
                "bias": -0.22913453777436152
            },
            "6": {
                "type": "i",
                "bias": 0.08011608444097806
            },
            "7": {
                "type": "i",
                "bias": 0.11567667738801696
            },
            "8": {
                "type": "o",
                "bias": 0.1828555294629973
            },
            "9": {
                "type": "o",
                "bias": 0.1014743329318512
            },
            "10": {
                "type": "o",
                "bias": 0.11866072747039436
            },
            "11": {
                "type": "o",
                "bias": 0.06156355370376235
            },
            "88": {
                "type": "h",
                "bias": 0.025603280637344433
            }
        },
        "synapses": {
            "37": {
                "nrn_to": 11,
                "nrn_from": 2,
                "weight": -0.4774266654386755,
                "active": true
            },
            "40": {
                "nrn_to": 8,
                "nrn_from": 3,
                "weight": 0.5498055805809945,
                "active": true
            },
            "13": {
                "nrn_to": 8,
                "nrn_from": 7,
                "weight": 0.09553920139997708,
                "active": true
            },
            "19": {
                "nrn_to": 8,
                "nrn_from": 6,
                "weight": 0.2504425915572033,
                "active": false
            },
            "21": {
                "nrn_to": 8,
                "nrn_from": 1,
                "weight": 0.1363382357355788,
                "active": false
            },
            "22": {
                "nrn_to": 9,
                "nrn_from": 4,
                "weight": -1.198466626762925,
                "active": true
            },
            "30": {
                "nrn_to": 11,
                "nrn_from": 5,
                "weight": 0.19351534586225416,
                "active": false
            },
            "24": {
                "nrn_to": 10,
                "nrn_from": 3,
                "weight": -0.4398101717499166,
                "active": true
            },
            "89": {
                "active": true,
                "nrn_to": 88,
                "nrn_from": 5,
                "weight": 1.163931683360509
            },
            "90": {
                "active": true,
                "nrn_to": 11,
                "nrn_from": 88,
                "weight": 0.736965195589731
            },
            "94": {
                "nrn_to": 88,
                "nrn_from": 4,
                "weight": 0.30595509369794516,
                "active": true
            }
        }
    }
}