{
    "Num species": 1,
    "Species 0 num animals": 60,
    "Species 0 top fitness": -59.79674813428849,
    "Species 0 mean fitness": -139.2923047494041,
    "Species 0 std fitness": 35.38660646491051,
    "Species 0 top animal N hidden neurons": 0,
    "Species 0 top animal N synapses": 3,
    "Species 0 top animal": {
        "neurons": {
            "0": {
                "type": "i",
                "bias": -0.011950213522513504
            },
            "1": {
                "type": "i",
                "bias": -0.0776420126544399
            },
            "2": {
                "type": "i",
                "bias": -0.10149011286742447
            },
            "3": {
                "type": "i",
                "bias": -0.09859928736305748
            },
            "4": {
                "type": "i",
                "bias": 0.021906838357527263
            },
            "5": {
                "type": "i",
                "bias": 0.063247964000337
            },
            "6": {
                "type": "i",
                "bias": -0.005554100125406275
            },
            "7": {
                "type": "i",
                "bias": 0.025953466931410263
            },
            "8": {
                "type": "o",
                "bias": 0.08726912904197283
            },
            "9": {
                "type": "o",
                "bias": -0.048109885946381055
            },
            "10": {
                "type": "o",
                "bias": -0.0930218567250869
            },
            "11": {
                "type": "o",
                "bias": -0.1570266463144247
            }
        },
        "synapses": {
            "20": {
                "nrn_to": 11,
                "nrn_from": 0,
                "weight": 0.43727686669623367,
                "active": true
            },
            "36": {
                "nrn_to": 10,
                "nrn_from": 5,
                "weight": -0.43999930689562916,
                "active": true
            },
            "33": {
                "nrn_to": 11,
                "nrn_from": 6,
                "weight": 0.0037444670980404694,
                "active": true
            }
        }
    }
}