{
    "Num species": 1,
    "Species 0 num animals": 60,
    "Species 0 top fitness": -79.53994407795373,
    "Species 0 mean fitness": -135.23524908853759,
    "Species 0 std fitness": 103.35484031603286,
    "Species 0 top animal N hidden neurons": 0,
    "Species 0 top animal N synapses": 3,
    "Species 0 top animal": {
        "neurons": {
            "0": {
                "type": "i",
                "bias": 0.06753646242836842
            },
            "1": {
                "type": "i",
                "bias": -0.04082480875295526
            },
            "2": {
                "type": "i",
                "bias": -0.07755565265854487
            },
            "3": {
                "type": "i",
                "bias": -0.027673575949587345
            },
            "4": {
                "type": "i",
                "bias": 0.39279502498905394
            },
            "5": {
                "type": "i",
                "bias": -0.02250573996204953
            },
            "6": {
                "type": "i",
                "bias": -0.7349588866309589
            },
            "7": {
                "type": "i",
                "bias": 0.10254951848751458
            },
            "8": {
                "type": "o",
                "bias": 0.07617950241640387
            },
            "9": {
                "type": "o",
                "bias": -0.0600532084969787
            },
            "10": {
                "type": "o",
                "bias": -0.09946630680514845
            },
            "11": {
                "type": "o",
                "bias": 0.02046340484598178
            }
        },
        "synapses": {
            "12": {
                "nrn_to": 11,
                "nrn_from": 4,
                "weight": 0.309846494884027,
                "active": true
            },
            "14": {
                "nrn_to": 11,
                "nrn_from": 5,
                "weight": 0.3966018399928054,
                "active": true
            },
            "23": {
                "nrn_to": 8,
                "nrn_from": 3,
                "weight": 0.07319360323425289,
                "active": true
            }
        }
    }
}