{
    "Num species": 2,
    "Species 0 num animals": 41,
    "Species 0 top fitness": 243.6711116679472,
    "Species 0 mean fitness": 117.55825642514766,
    "Species 0 std fitness": 147.2387005827011,
    "Species 0 top animal N hidden neurons": 0,
    "Species 0 top animal N synapses": 18,
    "Species 0 top animal": {
        "neurons": {
            "0": {
                "type": "i",
                "bias": -0.14911367602793646
            },
            "1": {
                "type": "i",
                "bias": -0.3482969664905489
            },
            "2": {
                "type": "i",
                "bias": 0.09773626300308466
            },
            "3": {
                "type": "i",
                "bias": -0.14926009067895285
            },
            "4": {
                "type": "i",
                "bias": 0.43297680111548437
            },
            "5": {
                "type": "i",
                "bias": 0.19249039883879163
            },
            "6": {
                "type": "i",
                "bias": -0.22752111502516878
            },
            "7": {
                "type": "i",
                "bias": -0.051917096226365894
            },
            "8": {
                "type": "o",
                "bias": 0.3110887216928293
            },
            "9": {
                "type": "o",
                "bias": 0.19208119184493255
            },
            "10": {
                "type": "o",
                "bias": 0.1253521188863031
            },
            "11": {
                "type": "o",
                "bias": 0.007053254528543187
            }
        },
        "synapses": {
            "13": {
                "nrn_to": 8,
                "nrn_from": 3,
                "weight": 0.4065268526967606,
                "active": true
            },
            "14": {
                "nrn_to": 10,
                "nrn_from": 5,
                "weight": 0.2167731576461338,
                "active": false
            },
            "15": {
                "nrn_to": 9,
                "nrn_from": 6,
                "weight": -0.2680890284489503,
                "active": false
            },
            "16": {
                "nrn_to": 9,
                "nrn_from": 1,
                "weight": 0.010880168416418236,
                "active": false
            },
            "23": {
                "nrn_to": 8,
                "nrn_from": 5,
                "weight": 0.4714000967885218,
                "active": true
            },
            "24": {
                "nrn_to": 8,
                "nrn_from": 1,
                "weight": 0.019451941165204396,
                "active": true
            },
            "25": {
                "nrn_to": 11,
                "nrn_from": 6,
                "weight": 0.21595343387820637,
                "active": false
            },
            "26": {
                "nrn_to": 9,
                "nrn_from": 0,
                "weight": 0.24429973617326367,
                "active": true
            },
            "28": {
                "nrn_to": 10,
                "nrn_from": 3,
                "weight": -0.9462742231506488,
                "active": true
            },
            "29": {
                "nrn_to": 11,
                "nrn_from": 2,
                "weight": 0.019203742863794726,
                "active": false
            },
            "32": {
                "nrn_to": 9,
                "nrn_from": 2,
                "weight": 0.3070195415668545,
                "active": true
            },
            "33": {
                "nrn_to": 10,
                "nrn_from": 7,
                "weight": -0.05856182258501835,
                "active": false
            },
            "35": {
                "nrn_to": 10,
                "nrn_from": 0,
                "weight": -0.08917407930644948,
                "active": false
            },
            "36": {
                "nrn_to": 11,
                "nrn_from": 4,
                "weight": 2.2070870654884107,
                "active": true
            },
            "37": {
                "nrn_to": 9,
                "nrn_from": 7,
                "weight": -0.17001977076775512,
                "active": true
            },
            "39": {
                "nrn_to": 11,
                "nrn_from": 0,
                "weight": -0.3070606332097683,
                "active": true
            },
            "40": {
                "nrn_to": 8,
                "nrn_from": 4,
                "weight": -0.2936646774235931,
                "active": true
            },
            "41": {
                "nrn_to": 9,
                "nrn_from": 4,
                "weight": -0.8035587033084716,
                "active": true
            }
        }
    },
    "Species 1 num animals": 19,
    "Species 1 top fitness": -43.58454373032258,
    "Species 1 mean fitness": -106.47419728395526,
    "Species 1 std fitness": 67.97558329703942,
    "Species 1 top animal N hidden neurons": 0,
    "Species 1 top animal N synapses": 12,
    "Species 1 top animal": {
        "neurons": {
            "0": {
                "type": "i",
                "bias": 0.2393055402271591
            },
            "1": {
                "type": "i",
                "bias": 0.3452209986584602
            },
            "2": {
                "type": "i",
                "bias": 0.03217599858981721
            },
            "3": {
                "type": "i",
                "bias": 0.02453944715622168
            },
            "4": {
                "type": "i",
                "bias": 0.07576138738126689
            },
            "5": {
                "type": "i",
                "bias": 0.4897077358205951
            },
            "6": {
                "type": "i",
                "bias": 0.017502469979742585
            },
            "7": {
                "type": "i",
                "bias": 0.06875806297553977
            },
            "8": {
                "type": "o",
                "bias": 0.012097006336949573
            },
            "9": {
                "type": "o",
                "bias": 0.10761100252576628
            },
            "10": {
                "type": "o",
                "bias": 0.10565105776857225
            },
            "11": {
                "type": "o",
                "bias": 0.10205410520609778
            }
        },
        "synapses": {
            "33": {
                "nrn_to": 10,
                "nrn_from": 7,
                "weight": 0.01979729753454678,
                "active": false
            },
            "35": {
                "nrn_to": 10,
                "nrn_from": 0,
                "weight": 0.048478778745386454,
                "active": false
            },
            "36": {
                "nrn_to": 11,
                "nrn_from": 4,
                "weight": 0.9966049271530144,
                "active": true
            },
            "37": {
                "nrn_to": 9,
                "nrn_from": 7,
                "weight": -0.43903896587623853,
                "active": true
            },
            "39": {
                "nrn_to": 11,
                "nrn_from": 0,
                "weight": -0.6721956221845627,
                "active": true
            },
            "14": {
                "nrn_to": 10,
                "nrn_from": 5,
                "weight": 0.6441460406602858,
                "active": true
            },
            "15": {
                "nrn_to": 9,
                "nrn_from": 6,
                "weight": -0.5595351105412193,
                "active": true
            },
            "16": {
                "nrn_to": 9,
                "nrn_from": 1,
                "weight": 0.20834778749764882,
                "active": false
            },
            "18": {
                "nrn_to": 8,
                "nrn_from": 7,
                "weight": -1.5439929215512356,