{
    "Num species": 1,
    "Species 0 num animals": 60,
    "Species 0 top fitness": -99.4259975361523,
    "Species 0 mean fitness": -138.31337350658455,
    "Species 0 std fitness": 22.71896964239871,
    "Species 0 top animal N hidden neurons": 0,
    "Species 0 top animal N synapses": 3,
    "Species 0 top animal": {
        "neurons": {
            "0": {
                "type": "i",
                "bias": 0.07750764910332433
            },
            "1": {
                "type": "i",
                "bias": -0.11223030233921759
            },
            "2": {
                "type": "i",
                "bias": -0.055180834369616474
            },
            "3": {
                "type": "i",
                "bias": 0.013919119905615215
            },
            "4": {
                "type": "i",
                "bias": 0.1744266404978088
            },
            "5": {
                "type": "i",
                "bias": -0.09002295984819812
            },
            "6": {
                "type": "i",
                "bias": 0.08730668597436056
            },
            "7": {
                "type": "i",
                "bias": 0.016044763754693304
            },
            "8": {
                "type": "o",
                "bias": 0.11872601056018181
            },
            "9": {
                "type": "o",
                "bias": -0.03002660424848935
            },
            "10": {
                "type": "o",
                "bias": -0.09917043478495077
            },
            "11": {
                "type": "o",
                "bias": 0.024987606786705092
            }
        },
        "synapses": {
            "12": {
                "nrn_to": 11,
                "nrn_from": 4,
                "weight": 0.30582915746223294,
                "active": true
            },
            "14": {
                "nrn_to": 11,
                "nrn_from": 5,
                "weight": 0.4182719931682563,
                "active": true
            },
            "23": {
                "nrn_to": 8,
                "nrn_from": 3,
                "weight": 0.14569818491204184,
                "active": true
            }
        }
    }
}