{
    "Num species": 4,
    "Species 3 num animals": 32,
    "Species 3 top fitness": 74.70013284044718,
    "Species 3 mean fitness": -11.082532723379723,
    "Species 3 std fitness": 70.86890112718369,
    "Species 3 top animal N hidden neurons": 0,
    "Species 3 top animal N synapses": 12,
    "Species 3 top animal": {
        "neurons": {
            "0": {
                "type": "i",
                "bias": 0.8465570398863392
            },
            "1": {
                "type": "i",
                "bias": 0.005247226465044079
            },
            "2": {
                "type": "i",
                "bias": -0.12001546439268482
            },
            "3": {
                "type": "i",
                "bias": 0.07905624376739369
            },
            "4": {
                "type": "i",
                "bias": -0.22443922437975994
            },
            "5": {
                "type": "i",
                "bias": -0.18822611747467805
            },
            "6": {
                "type": "i",
                "bias": 0.25816439233997224
            },
            "7": {
                "type": "i",
                "bias": 0.1189704344079969
            },
            "8": {
                "type": "o",
                "bias": -0.10156828151732042
            },
            "9": {
                "type": "o",
                "bias": 0.07189568424434692
            },
            "10": {
                "type": "o",
                "bias": 0.1300282725733836
            },
            "11": {
                "type": "o",
                "bias": 0.31051602147870405
            }
        },
        "synapses": {
            "32": {
                "nrn_to": 8,
                "nrn_from": 1,
                "weight": 0.18033259274444685,
                "active": false
            },
            "34": {
                "nrn_to": 8,
                "nrn_from": 6,
                "weight": -0.24563967373420867,
                "active": true
            },
            "43": {
                "nrn_to": 9,
                "nrn_from": 1,
                "weight": 0.2886028325374751,
                "active": true
            },
            "13": {
                "nrn_to": 9,
                "nrn_from": 4,
                "weight": -0.8470102476107186,
                "active": true
            },
            "14": {
                "nrn_to": 8,
                "nrn_from": 5,
                "weight": 0.13359360532965714,
                "active": true
            },
            "18": {
                "nrn_to": 9,
                "nrn_from": 3,
                "weight": 0.3886224212476469,
                "active": true
            },
            "21": {
                "nrn_to": 11,
                "nrn_from": 4,
                "weight": 3.0,
                "active": true
            },
            "23": {
                "nrn_to": 10,
                "nrn_from": 2,
                "weight": -0.05798592188320633,
                "active": true
            },
            "24": {
                "nrn_to": 10,
                "nrn_from": 7,
                "weight": -0.08228552567314432,
                "active": true
            },
            "26": {
                "nrn_to": 11,
                "nrn_from": 7,
                "weight": 0.1675335807483389,
                "active": false
            },
            "28": {
                "nrn_to": 9,
                "nrn_from": 7,
                "weight": 0.20965054704947733,
                "active": false
            },
            "31": {
                "nrn_to": 11,
                "nrn_from": 5,
                "weight": 1.010357569406236,
                "active": true
            }
        }
    },
    "Species 2 num animals": 9,
    "Species 2 top fitness": -3.970699546263266,
    "Species 2 mean fitness": -85.95434089964493,
    "Species 2 std fitness": 129.747556112479,
    "Species 2 top animal N hidden neurons": 0,
    "Species 2 top animal N synapses": 13,
    "Species 2 top animal": {
        "neurons": {
            "0": {
                "type": "i",
                "bias": 0.264926320049116
            },
            "1": {
                "type": "i",
                "bias": -0.1597295486031852
            },
            "2": {
                "type": "i",
                "bias": -0.30159680296094693
            },
            "3": {
                "type": "i",
                "bias": 0.6310696981557236
            },
            "4": {
                "type": "i",
                "bias": -0.5194900927833767
            },
            "5": {
                "type": "i",
                "bias": 0.16924911399981335
            },
            "6": {
                "type": "i",
                "bias": 0.02514336768704513
            },
            "7": {
                "type": "i",
                "bias": -0.031011653462510995
            },
            "8": {
                "type": "o",
                "bias": -0.051052742152848135
            },
            "9": {
                "type": "o",
                "bias": 0.024014633524744932
            },
            "10": {
                "type": "o",
                "bias": 0.16873055033702783
            },
            "11": {
                "type": "o",
                "bias": 0.19942109367743666
            }
        },
        "synapses": {
            "32": {
                "nrn_to": 8,
                "nrn_from": 1,
                "weight": 0.13091801441738,
                "active": true
            },
            "34": {
                "nrn_to": 8,
                "nrn_from": 6,
                "weight": -0.846384331505798,
                "active": true
            },
            "35": {
                "nrn_to": 11,
                "nrn_from": 6,
                "weight": 0.01807194904826602,
                "active": false
            },
            "43": {
                "nrn_to": 9,
                "nrn_from": 1,
                "weight": 0.31985786302058694,
                "active": true
            },
            "13": {
                "nrn_to": 9,
                "nrn_from": 4,
                "weight": -1.067771077704506,
                "active": true
            },
            "14": {
                "nrn_to": 8,
                "nrn_from": 5,
                "weight": 0.48734841453769495,
                "active": true
            },
            "16": {
                "nrn_to": 10,
                "nrn_from": 6,
                "weight": -0.19780052384171123,
                "active": true
            },
            "18": {
                "nrn_to": 9,
                "nrn_from": 3,
                "weight": 0.28352787847649596,
                "active": false
            },
            "22": {
                "nrn_to": 11,
                "nrn_from": 0,
                "weight": -0.27210364363190265,
                "active": false
            },
            "24": {
                "nrn_to": 10,
                "nrn_from": 7,
                "weight": -0.012353099770322007,
                "active": false
            },
            "25": {
                "nrn_to": 9,
                "nrn_from": 6,
                "weight": 0.05410445567205578,
                "active": true
            },
            "26": {
                "nrn_to": 11,
                "nrn_from": 7,
                "weight": 0.022436396918268292,
                "active": true
            },
            "31": {
                "nrn_to": 11,
                "nrn_from": 5,
                "weight": 2.0526321861702095,
                "active": true
            }
        }
    },
    "Species 0 num animals": 5,
    "Species 0 top fitness": -61.52834408998709,
    "Species 0 mean fitness": -85.73134308685349,
    "Species 0 std fitness": 30.51179414041985,
    "Species 0 top animal N hidden neurons": 1,
    "Species 0 top animal N synapses": 12,