{
    "Num species": 4,
    "Species 3 num animals": 18,
    "Species 3 top fitness": -68.73008313086036,
    "Species 3 mean fitness": -87.5009926656558,
    "Species 3 std fitness": 9.453630441730724,
    "Species 3 top animal N hidden neurons": 0,
    "Species 3 top animal N synapses": 12,
    "Species 3 top animal": {
        "neurons": {
            "0": {
                "type": "i",
                "bias": 0.8735652348577504
            },
            "1": {
                "type": "i",
                "bias": -0.04504277435461524
            },
            "2": {
                "type": "i",
                "bias": -0.21044968306995093
            },
            "3": {
                "type": "i",
                "bias": 0.006876085060938696
            },
            "4": {
                "type": "i",
                "bias": -0.3692421037824097
            },
            "5": {
                "type": "i",
                "bias": -0.1548350142283994
            },
            "6": {
                "type": "i",
                "bias": 0.06353852987863388
            },
            "7": {
                "type": "i",
                "bias": 0.1293117363295822
            },
            "8": {
                "type": "o",
                "bias": -0.1238625439153815
            },
            "9": {
                "type": "o",
                "bias": -0.008798075099325476
            },
            "10": {
                "type": "o",
                "bias": 0.15282217294970132
            },
            "11": {
                "type": "o",
                "bias": 0.12173819500978325
            }
        },
        "synapses": {
            "32": {
                "nrn_to": 8,
                "nrn_from": 1,
                "weight": 0.19529324300062056,
                "active": true
            },
            "34": {
                "nrn_to": 8,
                "nrn_from": 6,
                "weight": -0.22529423257118708,
                "active": true
            },
            "43": {
                "nrn_to": 9,
                "nrn_from": 1,
                "weight": 0.5331472418840321,
                "active": true
            },
            "13": {
                "nrn_to": 9,
                "nrn_from": 4,
                "weight": -0.48129871606530816,
                "active": true
            },
            "14": {
                "nrn_to": 8,
                "nrn_from": 5,
                "weight": 0.28417727393388587,
                "active": true
            },
            "18": {
                "nrn_to": 9,
                "nrn_from": 3,
                "weight": 0.03765191449972444,
                "active": true
            },
            "21": {
                "nrn_to": 11,
                "nrn_from": 4,
                "weight": 2.295020785303706,
                "active": true
            },
            "23": {
                "nrn_to": 10,
                "nrn_from": 2,
                "weight": -0.10495203425749272,
                "active": true
            },
            "24": {
                "nrn_to": 10,
                "nrn_from": 7,
                "weight": -0.01973695718404403,
                "active": true
            },
            "26": {
                "nrn_to": 11,
                "nrn_from": 7,
                "weight": 0.08595813641947112,
                "active": false
            },
            "28": {
                "nrn_to": 9,
                "nrn_from": 7,
                "weight": 0.16808537775080917,
                "active": true
            },
            "31": {
                "nrn_to": 11,
                "nrn_from": 5,
                "weight": 1.0662008874194655,
                "active": true
            }
        }
    },
    "Species 2 num animals": 8,
    "Species 2 top fitness": -45.6868139728285,
    "Species 2 mean fitness": -80.7846966643426,
    "Species 2 std fitness": 25.10832438112848,
    "Species 2 top animal N hidden neurons": 0,
    "Species 2 top animal N synapses": 11,
    "Species 2 top animal": {
        "neurons": {
            "0": {
                "type": "i",
                "bias": 0.05711605379132229
            },
            "1": {
                "type": "i",
                "bias": -0.11771565836746226
            },
            "2": {
                "type": "i",
                "bias": -0.3887101071449465
            },
            "3": {
                "type": "i",
                "bias": 0.6130720549337433
            },
            "4": {
                "type": "i",
                "bias": -0.46009738669061945
            },
            "5": {
                "type": "i",
                "bias": 0.08821285993605127
            },
            "6": {
                "type": "i",
                "bias": 0.039189297028520656
            },
            "7": {
                "type": "i",
                "bias": 0.04606961183184716
            },
            "8": {
                "type": "o",
                "bias": -0.06980761724608114
            },
            "9": {
                "type": "o",
                "bias": 0.024014633524744932
            },
            "10": {
                "type": "o",
                "bias": 0.16873055033702783
            },
            "11": {
                "type": "o",
                "bias": 0.1608296427186631
            }
        },
        "synapses": {
            "32": {
                "nrn_to": 8,
                "nrn_from": 1,
                "weight": 0.13091801441738,
                "active": true
            },
            "34": {
                "nrn_to": 8,
                "nrn_from": 6,
                "weight": -0.7861687992679599,
                "active": true
            },
            "35": {
                "nrn_to": 11,
                "nrn_from": 6,
                "weight": 0.021700980251104618,
                "active": true
            },
            "43": {
                "nrn_to": 9,
                "nrn_from": 1,
                "weight": 0.20496888637471994,
                "active": true
            },
            "13": {
                "nrn_to": 9,
                "nrn_from": 4,
                "weight": -0.5795230950995555,
                "active": true
            },
            "14": {
                "nrn_to": 8,
                "nrn_from": 5,
                "weight": 0.37749864765582847,
                "active": true
            },
            "18": {
                "nrn_to": 9,
                "nrn_from": 3,
                "weight": 0.20929581729555705,
                "active": false
            },
            "22": {
                "nrn_to": 11,
                "nrn_from": 0,
                "weight": -0.20020303844680742,
                "active": true
            },
            "24": {
                "nrn_to": 10,
                "nrn_from": 7,
                "weight": -0.03875097866842085,
                "active": false
            },
            "26": {
                "nrn_to": 11,
                "nrn_from": 7,
                "weight": -0.1359136543227817,
                "active": true
            },
            "31": {
                "nrn_to": 11,
                "nrn_from": 5,
                "weight": 2.1183185062073218,
                "active": true
            }
        }
    },
    "Species 0 num animals": 9,
    "Species 0 top fitness": -51.33221510765593,
    "Species 0 mean fitness": -97.7323635230886,
    "Species 0 std fitness": 41.78595390210179,
    "Species 0 top animal N hidden neurons": 1,
    "Species 0 top animal N synapses": 11,
    "Species 0 top animal": {
        "neurons": {
            "0": {
                "type": "i",
                "bias": 0.5751344270949561
            },
            "1": {
                "type": "i",
                "bias": -0.05305513982937055
            },
            "2": {
                "type": "i",
                "bias": -0.308173865183269
            },