{
    "Num species": 1,
    "Species 0 num animals": 60,
    "Species 0 top fitness": 30.21006426232537,
    "Species 0 mean fitness": -70.89864925839896,
    "Species 0 std fitness": 53.86883824765673,
    "Species 0 top animal N hidden neurons": 0,
    "Species 0 top animal N synapses": 6,
    "Species 0 top animal": {
        "neurons": {
            "0": {
                "type": "i",
                "bias": -0.13945524566144107
            },
            "1": {
                "type": "i",
                "bias": 0.19105353583327622
            },
            "2": {
                "type": "i",
                "bias": -0.0185209871084928
            },
            "3": {
                "type": "i",
                "bias": 0.145749032666968
            },
            "4": {
                "type": "i",
                "bias": -0.11690202459724569
            },
            "5": {
                "type": "i",
                "bias": -0.020971861499945656
            },
            "6": {
                "type": "i",
                "bias": 0.006490747373573635
            },
            "7": {
                "type": "i",
                "bias": 0.005469131484459092
            },
            "8": {
                "type": "o",
                "bias": 0.1870111984505592
            },
            "9": {
                "type": "o",
                "bias": 0.039938813715047615
            },
            "10": {
                "type": "o",
                "bias": 0.07000845454620583
            },
            "11": {
                "type": "o",
                "bias": -0.014901788975465527
            }
        },
        "synapses": {
            "32": {
                "nrn_to": 8,
                "nrn_from": 6,
                "weight": -0.10510775955943202,
                "active": false
            },
            "48": {
                "nrn_to": 9,
                "nrn_from": 7,
                "weight": 0.14121827983143315,
                "active": false
            },
            "18": {
                "nrn_to": 9,
                "nrn_from": 4,
                "weight": -0.37400317919684634,
                "active": true
            },
            "19": {
                "nrn_to": 8,
                "nrn_from": 3,
                "weight": 0.6219499511634954,
                "active": true
            },
            "22": {
                "nrn_to": 11,
                "nrn_from": 4,
                "weight": 0.5349097008287865,
                "active": true
            },
            "29": {
                "nrn_to": 11,
                "nrn_from": 5,
                "weight": 0.26369753898589016,
                "active": true
            }
        }
    }
}