{
    "Num species": 2,
    "Species 0 num animals": 22,
    "Species 0 top fitness": 173.27625219131798,
    "Species 0 mean fitness": -2.950394402838738,
    "Species 0 std fitness": 131.8825275053731,
    "Species 0 top animal N hidden neurons": 0,
    "Species 0 top animal N synapses": 8,
    "Species 0 top animal": {
        "neurons": {
            "0": {
                "type": "i",
                "bias": -0.27100634095664744
            },
            "1": {
                "type": "i",
                "bias": -0.034180478464745895
            },
            "2": {
                "type": "i",
                "bias": 0.3580562459308149
            },
            "3": {
                "type": "i",
                "bias": -0.11431824396878161
            },
            "4": {
                "type": "i",
                "bias": 0.08221205454244454
            },
            "5": {
                "type": "i",
                "bias": 0.02432059538539301
            },
            "6": {
                "type": "i",
                "bias": -0.012200226800603873
            },
            "7": {
                "type": "i",
                "bias": 0.024344271372197426
            },
            "8": {
                "type": "o",
                "bias": -0.04889058860272034
            },
            "9": {
                "type": "o",
                "bias": 0.017262040359053134
            },
            "10": {
                "type": "o",
                "bias": 0.027757275227969336
            },
            "11": {
                "type": "o",
                "bias": 0.08231326769367714
            }
        },
        "synapses": {
            "33": {
                "nrn_to": 10,
                "nrn_from": 3,
                "weight": -0.3954597342891521,
                "active": true
            },
            "34": {
                "nrn_to": 10,
                "nrn_from": 7,
                "weight": 0.04179602941801923,
                "active": false
            },
            "41": {
                "nrn_to": 8,
                "nrn_from": 7,
                "weight": 0.1155424375591047,
                "active": true
            },
            "13": {
                "nrn_to": 8,
                "nrn_from": 1,
                "weight": 0.853682923101764,
                "active": false
            },
            "15": {
                "nrn_to": 9,
                "nrn_from": 7,
                "weight": -0.2278973524470962,
                "active": true
            },
            "26": {
                "nrn_to": 9,
                "nrn_from": 2,
                "weight": 0.36496513834444794,
                "active": true
            },
            "28": {
                "nrn_to": 8,
                "nrn_from": 6,
                "weight": 0.1204862673881785,
                "active": true
            },
            "31": {
                "nrn_to": 9,
                "nrn_from": 4,
                "weight": -1.2657046269613605,
                "active": true
            }
        }
    },
    "Species 1 num animals": 38,
    "Species 1 top fitness": 98.71105398773284,
    "Species 1 mean fitness": -50.94139439021187,
    "Species 1 std fitness": 109.46743093564078,
    "Species 1 top animal N hidden neurons": 0,
    "Species 1 top animal N synapses": 8,
    "Species 1 top animal": {
        "neurons": {
            "0": {
                "type": "i",
                "bias": -0.008176622655422919
            },
            "1": {
                "type": "i",
                "bias": -0.31741259301807334
            },
            "2": {
                "type": "i",
                "bias": 0.514149560775464
            },
            "3": {
                "type": "i",
                "bias": 0.09456039545665215
            },
            "4": {
                "type": "i",
                "bias": 0.04659836410995259
            },
            "5": {
                "type": "i",
                "bias": -0.09699461203676467
            },
            "6": {
                "type": "i",
                "bias": 0.02885224967337163
            },
            "7": {
                "type": "i",
                "bias": -0.026014762507161657
            },
            "8": {
                "type": "o",
                "bias": -0.11697070915125633
            },
            "9": {
                "type": "o",
                "bias": 0.06337071314210628
            },
            "10": {
                "type": "o",
                "bias": 0.07118239132086954
            },
            "11": {
                "type": "o",
                "bias": 0.14890884542189659
            }
        },
        "synapses": {
            "33": {
                "nrn_to": 10,
                "nrn_from": 3,
                "weight": -0.3186073594123936,
                "active": true
            },
            "34": {
                "nrn_to": 10,
                "nrn_from": 7,
                "weight": 0.10195446574461883,
                "active": false
            },
            "41": {
                "nrn_to": 8,
                "nrn_from": 7,
                "weight": -0.028806441736592962,
                "active": false
            },
            "43": {
                "nrn_to": 11,
                "nrn_from": 7,
                "weight": -0.689927395729686,
                "active": true
            },
            "13": {
                "nrn_to": 8,
                "nrn_from": 1,
                "weight": 0.9291150325833907,
                "active": false
            },
            "26": {
                "nrn_to": 9,
                "nrn_from": 2,
                "weight": 0.4544867461538992,
                "active": true
            },
            "28": {
                "nrn_to": 8,
                "nrn_from": 6,
                "weight": 0.22985728121725854,
                "active": true
            },
            "31": {
                "nrn_to": 9,
                "nrn_from": 4,
                "weight": -2.170600487011542,
                "active": true
            }
        }
    }
}