{
    "Num species": 4,
    "Species 1 num animals": 15,
    "Species 1 top fitness": 49.90328015322193,
    "Species 1 mean fitness": -129.744277047893,
    "Species 1 std fitness": 125.71318453359231,
    "Species 1 top animal N hidden neurons": 0,
    "Species 1 top animal N synapses": 10,
    "Species 1 top animal": {
        "neurons": {
            "0": {
                "type": "i",
                "bias": 0.028487247187193997
            },
            "1": {
                "type": "i",
                "bias": 0.04671455218274996
            },
            "2": {
                "type": "i",
                "bias": 0.005798694101018674
            },
            "3": {
                "type": "i",
                "bias": 0.01361270583079082
            },
            "4": {
                "type": "i",
                "bias": 0.12815765403884724
            },
            "5": {
                "type": "i",
                "bias": -0.0070385500986631586
            },
            "6": {
                "type": "i",
                "bias": 0.003310370828555989
            },
            "7": {
                "type": "i",
                "bias": 0.28596014333907066
            },
            "8": {
                "type": "o",
                "bias": 0.1319550106847886
            },
            "9": {
                "type": "o",
                "bias": 0.0068908438167593275
            },
            "10": {
                "type": "o",
                "bias": 0.04927704112728965
            },
            "11": {
                "type": "o",
                "bias": 0.19272319009617
            }
        },
        "synapses": {
            "35": {
                "nrn_to": 11,
                "nrn_from": 6,
                "weight": 1.8591450796309108,
                "active": true
            },
            "37": {
                "nrn_to": 10,
                "nrn_from": 6,
                "weight": 0.2506724700534425,
                "active": true
            },
            "38": {
                "nrn_to": 11,
                "nrn_from": 0,
                "weight": -0.7191101283685485,
                "active": true
            },
            "43": {
                "nrn_to": 8,
                "nrn_from": 6,
                "weight": 3.0,
                "active": true
            },
            "12": {
                "nrn_to": 11,
                "nrn_from": 4,
                "weight": 0.3163194777727808,
                "active": true
            },
            "14": {
                "nrn_to": 11,
                "nrn_from": 5,
                "weight": 0.6312571066284828,
                "active": true
            },
            "15": {
                "nrn_to": 10,
                "nrn_from": 3,
                "weight": -0.21651898860338165,
                "active": true
            },
            "20": {
                "nrn_to": 10,
                "nrn_from": 2,
                "weight": 0.03759351315781249,
                "active": false
            },
            "23": {
                "nrn_to": 8,
                "nrn_from": 3,
                "weight": 0.24825144933790677,
                "active": true
            },
            "26": {
                "nrn_to": 9,
                "nrn_from": 1,
                "weight": 0.20911455873038454,
                "active": true
            }
        }
    },
    "Species 2 num animals": 31,
    "Species 2 top fitness": 99.95740835607069,
    "Species 2 mean fitness": -12.434637301054687,
    "Species 2 std fitness": 77.16471629921539,
    "Species 2 top animal N hidden neurons": 1,
    "Species 2 top animal N synapses": 13,
    "Species 2 top animal": {
        "neurons": {
            "0": {
                "type": "i",
                "bias": 0.011503963469482334
            },
            "1": {
                "type": "i",
                "bias": -0.11511354763808558
            },
            "2": {
                "type": "i",
                "bias": -0.31531175614565343
            },
            "3": {
                "type": "i",
                "bias": 0.19564871429904596
            },
            "4": {
                "type": "i",
                "bias": 0.17926044348145845
            },
            "5": {
                "type": "i",
                "bias": 0.04309966112150686
            },
            "6": {
                "type": "i",
                "bias": -0.008581975394187355
            },
            "7": {
                "type": "i",
                "bias": 0.32026519392378006
            },
            "8": {
                "type": "o",
                "bias": 0.12028666598951315
            },
            "9": {
                "type": "o",
                "bias": 0.08367456851312428
            },
            "10": {
                "type": "o",
                "bias": 0.1422343496788517
            },
            "11": {
                "type": "o",
                "bias": 0.1358768119141247
            },
            "84": {
                "type": "h",
                "bias": 0.05203388667689335
            }
        },
        "synapses": {
            "35": {
                "nrn_to": 11,
                "nrn_from": 6,
                "weight": 0.827177879989518,
                "active": true
            },
            "37": {
                "nrn_to": 10,
                "nrn_from": 6,
                "weight": 0.25059861523197574,
                "active": true
            },
            "42": {
                "nrn_to": 9,
                "nrn_from": 4,
                "weight": -1.2927783203889762,
                "active": true
            },
            "43": {
                "nrn_to": 8,
                "nrn_from": 6,
                "weight": 0.4352871432298736,
                "active": true
            },
            "12": {
                "nrn_to": 11,
                "nrn_from": 4,
                "weight": 0.32317287571327336,
                "active": false
            },
            "14": {
                "nrn_to": 11,
                "nrn_from": 5,
                "weight": 0.721468756101451,
                "active": true
            },
            "15": {
                "nrn_to": 10,
                "nrn_from": 3,
                "weight": -0.12135581193906858,
                "active": true
            },
            "85": {
                "active": true,
                "nrn_to": 84,
                "nrn_from": 4,
                "weight": 1.0047517835388466
            },
            "86": {
                "active": true,
                "nrn_to": 11,
                "nrn_from": 84,
                "weight": 0.47272285084585386
            },
            "23": {
                "nrn_to": 8,
                "nrn_from": 3,
                "weight": 0.3164902263366671,
                "active": true
            },
            "26": {
                "nrn_to": 9,
                "nrn_from": 1,
                "weight": 0.29862067002552284,
                "active": true
            },
            "28": {
                "nrn_to": 11,
                "nrn_from": 3,
                "weight": 0.023476312472757457,
                "active": true
            },
            "110": {
                "nrn_to": 84,
                "nrn_from": 5,
                "weight": 0.08030306169642672,
                "active": false
            }
        }
    },
    "Species 3 num animals": 13,
    "Species 3 top fitness": 43.22001463063941,
    "Species 3 mean fitness": 10.921983330811143,
    "Species 3 std fitness": 20.318752682335106,
    "Species 3 top animal N hidden neurons": 0,
    "Species 3 top animal N synapses": 10,
    "Species 3 top animal": {
        "neurons": {
            "0": {
                "type": "i",
                "bias": -0.06617232390100958
            },
            "1": {
                "type": "i",
                "bias": 0.0558207235372283
            },