{
    "Num species": 5,
    "Species 0 num animals": 13,
    "Species 0 top fitness": 78.81953565700036,
    "Species 0 mean fitness": 52.72043686150472,
    "Species 0 std fitness": 19.713684600790337,
    "Species 0 top animal N hidden neurons": 0,
    "Species 0 top animal N synapses": 15,
    "Species 0 top animal": {
        "neurons": {
            "0": {
                "type": "i",
                "bias": 0.7885325179493375
            },
            "1": {
                "type": "i",
                "bias": 0.6799341625710519
            },
            "2": {
                "type": "i",
                "bias": 0.05336971726165137
            },
            "3": {
                "type": "i",
                "bias": -0.0601592463773241
            },
            "4": {
                "type": "i",
                "bias": 0.045204806365253675
            },
            "5": {
                "type": "i",
                "bias": 0.08655037098690699
            },
            "6": {
                "type": "i",
                "bias": 0.33683190748069136
            },
            "7": {
                "type": "i",
                "bias": -0.17068960014018755
            },
            "8": {
                "type": "o",
                "bias": -0.2084413914609664
            },
            "9": {
                "type": "o",
                "bias": 0.08423138479061804
            },
            "10": {
                "type": "o",
                "bias": 0.057489997916529784
            },
            "11": {
                "type": "o",
                "bias": 0.18848243753277277
            }
        },
        "synapses": {
            "33": {
                "nrn_to": 11,
                "nrn_from": 5,
                "weight": 0.7494753318417687,
                "active": true
            },
            "35": {
                "nrn_to": 11,
                "nrn_from": 0,
                "weight": -0.5895587389602246,
                "active": true
            },
            "41": {
                "nrn_to": 9,
                "nrn_from": 4,
                "weight": 0.019013079260770484,
                "active": false
            },
            "12": {
                "nrn_to": 10,
                "nrn_from": 4,
                "weight": -0.21952205963279514,
                "active": false
            },
            "13": {
                "nrn_to": 8,
                "nrn_from": 3,
                "weight": -0.42460213893036963,
                "active": true
            },
            "14": {
                "nrn_to": 8,
                "nrn_from": 2,
                "weight": -0.1470622115668513,
                "active": false
            },
            "15": {
                "nrn_to": 10,
                "nrn_from": 7,
                "weight": 0.012835543431946098,
                "active": true
            },
            "16": {
                "nrn_to": 8,
                "nrn_from": 5,
                "weight": 0.3654534846762181,
                "active": true
            },
            "45": {
                "nrn_to": 9,
                "nrn_from": 2,
                "weight": 0.3067934376948492,
                "active": true
            },
            "48": {
                "nrn_to": 10,
                "nrn_from": 3,
                "weight": -0.4050849153848178,
                "active": true
            },
            "21": {
                "nrn_to": 9,
                "nrn_from": 6,
                "weight": 0.7859311079304147,
                "active": true
            },
            "22": {
                "nrn_to": 8,
                "nrn_from": 1,
                "weight": 0.3085428071343407,
                "active": false
            },
            "23": {
                "nrn_to": 11,
                "nrn_from": 4,
                "weight": 0.8694398219758742,
                "active": true
            },
            "24": {
                "nrn_to": 11,
                "nrn_from": 7,
                "weight": 0.192524859794772,
                "active": false
            },
            "25": {
                "nrn_to": 10,
                "nrn_from": 1,
                "weight": 0.11132070916689382,
                "active": false
            }
        }
    },
    "Species 3 num animals": 11,
    "Species 3 top fitness": 101.71650185937557,
    "Species 3 mean fitness": 17.116596331265324,
    "Species 3 std fitness": 69.3740906500377,
    "Species 3 top animal N hidden neurons": 1,
    "Species 3 top animal N synapses": 15,
    "Species 3 top animal": {
        "neurons": {
            "0": {
                "type": "i",
                "bias": 0.3781812155111559
            },
            "1": {
                "type": "i",
                "bias": 0.9932982567836873
            },
            "2": {
                "type": "i",
                "bias": 0.1459504382576054
            },
            "3": {
                "type": "i",
                "bias": -0.06700756643322041
            },
            "4": {
                "type": "i",
                "bias": 0.16612001238532884
            },
            "5": {
                "type": "i",
                "bias": -0.11282346818348957
            },
            "6": {
                "type": "i",
                "bias": 0.4831769728143769
            },
            "7": {
                "type": "i",
                "bias": -0.24601788411160827
            },
            "8": {
                "type": "o",
                "bias": -0.008751366564907326
            },
            "9": {
                "type": "o",
                "bias": 0.12709696131217363
            },
            "10": {
                "type": "o",
                "bias": 0.08810611567824626
            },
            "11": {
                "type": "o",
                "bias": 0.12060194219670528
            },
            "189": {
                "type": "h",
                "bias": -0.006601861981178864
            }
        },
        "synapses": {
            "33": {
                "nrn_to": 11,
                "nrn_from": 5,
                "weight": 0.5802409810717224,
                "active": true
            },
            "38": {
                "nrn_to": 8,
                "nrn_from": 4,
                "weight": -0.009540335279284055,
                "active": true
            },
            "12": {
                "nrn_to": 10,
                "nrn_from": 4,
                "weight": 0.07234929598320194,
                "active": false
            },
            "45": {
                "nrn_to": 9,
                "nrn_from": 2,
                "weight": 0.8514903811077525,
                "active": true
            },
            "14": {
                "nrn_to": 8,
                "nrn_from": 2,
                "weight": -0.20136443204740653,
                "active": false
            },
            "16": {
                "nrn_to": 8,
                "nrn_from": 5,
                "weight": 0.8808725756463774,
                "active": false
            },
            "48": {
                "nrn_to": 10,
                "nrn_from": 3,
                "weight": -0.5897908784944897,
                "active": true
            },
            "18": {
                "nrn_to": 9,
                "nrn_from": 1,
                "weight": -0.04311944002278381,
                "active": true
            },
            "22": {
                "nrn_to": 8,
                "nrn_from": 1,
                "weight": 0.3462212302684507,
                "active": false
            },
            "23": {
                "nrn_to": 11,
                "nrn_from": 4,
                "weight": 0.6590805753010887,
                "active": true
            },
            "24": {
                "nrn_to": 11,
                "nrn_from": 7,
                "weight": 0.24038184560622888,
                "active": true
            },
            "25": {
                "nrn_to": 10,