{
    "Num species": 3,
    "Species 1 num animals": 36,
    "Species 1 top fitness": 126.33865550965513,
    "Species 1 mean fitness": 15.902933337649618,
    "Species 1 std fitness": 98.51998098547801,
    "Species 1 top animal N hidden neurons": 0,
    "Species 1 top animal N synapses": 10,
    "Species 1 top animal": {
        "neurons": {
            "0": {
                "type": "i",
                "bias": 0.05604656967836577
            },
            "1": {
                "type": "i",
                "bias": -0.08691818616236682
            },
            "2": {
                "type": "i",
                "bias": 0.5682106408051799
            },
            "3": {
                "type": "i",
                "bias": 0.08172561390588991
            },
            "4": {
                "type": "i",
                "bias": 0.2492033028718221
            },
            "5": {
                "type": "i",
                "bias": -0.009677021870982239
            },
            "6": {
                "type": "i",
                "bias": 0.04570197232084341
            },
            "7": {
                "type": "i",
                "bias": 0.8041668450385068
            },
            "8": {
                "type": "o",
                "bias": 0.06416920918162786
            },
            "9": {
                "type": "o",
                "bias": 0.010129258176220155
            },
            "10": {
                "type": "o",
                "bias": -0.08533366485757013
            },
            "11": {
                "type": "o",
                "bias": 0.006543457602016245
            }
        },
        "synapses": {
            "33": {
                "nrn_to": 11,
                "nrn_from": 0,
                "weight": -0.77256408059255,
                "active": true
            },
            "34": {
                "nrn_to": 11,
                "nrn_from": 7,
                "weight": 0.15687443690044567,
                "active": false
            },
            "39": {
                "nrn_to": 11,
                "nrn_from": 4,
                "weight": 1.18660141963802,
                "active": true
            },
            "42": {
                "nrn_to": 10,
                "nrn_from": 1,
                "weight": -0.32130058604810774,
                "active": true
            },
            "13": {
                "nrn_to": 8,
                "nrn_from": 1,
                "weight": -0.08814834345111265,
                "active": true
            },
            "46": {
                "nrn_to": 9,
                "nrn_from": 4,
                "weight": 0.07155750708225245,
                "active": true
            },
            "47": {
                "nrn_to": 10,
                "nrn_from": 5,
                "weight": 0.41911290898470765,
                "active": true
            },
            "16": {
                "nrn_to": 9,
                "nrn_from": 1,
                "weight": 0.20421563689447358,
                "active": true
            },
            "24": {
                "nrn_to": 10,
                "nrn_from": 3,
                "weight": -0.6504610080235902,
                "active": true
            },
            "29": {
                "nrn_to": 9,
                "nrn_from": 5,
                "weight": -0.38609808621162833,
                "active": true
            }
        }
    },
    "Species 2 num animals": 10,
    "Species 2 top fitness": -8.050126970798498,
    "Species 2 mean fitness": -38.107288029285336,
    "Species 2 std fitness": 23.444011236494077,
    "Species 2 top animal N hidden neurons": 0,
    "Species 2 top animal N synapses": 9,
    "Species 2 top animal": {
        "neurons": {
            "0": {
                "type": "i",
                "bias": 1.064019419365795
            },
            "1": {
                "type": "i",
                "bias": -0.1266645122332933
            },
            "2": {
                "type": "i",
                "bias": 1.431154877583463
            },
            "3": {
                "type": "i",
                "bias": -0.1262371063026837
            },
            "4": {
                "type": "i",
                "bias": 0.2520673372794106
            },
            "5": {
                "type": "i",
                "bias": -0.15159137736463682
            },
            "6": {
                "type": "i",
                "bias": 0.0825811603010207
            },
            "7": {
                "type": "i",
                "bias": -0.005901171131674241
            },
            "8": {
                "type": "o",
                "bias": -0.14650330970374165
            },
            "9": {
                "type": "o",
                "bias": -0.0550665190780746
            },
            "10": {
                "type": "o",
                "bias": -0.03380354320255222
            },
            "11": {
                "type": "o",
                "bias": 0.1382205164092477
            }
        },
        "synapses": {
            "33": {
                "nrn_to": 11,
                "nrn_from": 0,
                "weight": -0.25950644584052596,
                "active": false
            },
            "34": {
                "nrn_to": 11,
                "nrn_from": 7,
                "weight": 0.2268194627857102,
                "active": false
            },
            "39": {
                "nrn_to": 11,
                "nrn_from": 4,
                "weight": 1.9817466889753048,
                "active": true
            },
            "16": {
                "nrn_to": 9,
                "nrn_from": 1,
                "weight": 0.29065330217386365,
                "active": true
            },
            "19": {
                "nrn_to": 9,
                "nrn_from": 2,
                "weight": 0.19376539894370354,
                "active": true
            },
            "24": {
                "nrn_to": 10,
                "nrn_from": 3,
                "weight": -0.2557371091634426,
                "active": true
            },
            "29": {
                "nrn_to": 9,
                "nrn_from": 5,
                "weight": -0.4226492426441153,
                "active": true
            },
            "31": {
                "nrn_to": 8,
                "nrn_from": 6,
                "weight": 0.2034626577293285,
                "active": true
            },
            "23": {
                "nrn_to": 8,
                "nrn_from": 2,
                "weight": -0.027177205556224,
                "active": true
            }
        }
    },
    "Species 3 num animals": 14,
    "Species 3 top fitness": 28.170182651598804,
    "Species 3 mean fitness": -58.98173565978469,
    "Species 3 std fitness": 83.96022263181602,
    "Species 3 top animal N hidden neurons": 0,
    "Species 3 top animal N synapses": 8,
    "Species 3 top animal": {
        "neurons": {
            "0": {
                "type": "i",
                "bias": 1.9295202370384776
            },
            "1": {
                "type": "i",
                "bias": -0.20378243739920054
            },
            "2": {
                "type": "i",
                "bias": 1.449549278159221
            },
            "3": {
                "type": "i",
                "bias": -0.19351007996744643
            },
            "4": {
                "type": "i",
                "bias": 0.13663148621704102
            },
            "5": {
                "type": "i",
                "bias": -0.08675585525202976
            },
            "6": {
                "type": "i",
                "bias": 0.03628887738220062
            },
            "7": {
                "type": "i",
                "bias": 0.09008727962223548
            },
            "8": {
                "type": "o",
                "bias": -0.14361923022135692
            },
            "9": {
                "type": "o",