{
    "Num species": 1,
    "Species 0 num animals": 60,
    "Species 0 top fitness": -63.07625817371298,
    "Species 0 mean fitness": -112.37135951416238,
    "Species 0 std fitness": 36.54477329482747,
    "Species 0 top animal N hidden neurons": 0,
    "Species 0 top animal N synapses": 5,
    "Species 0 top animal": {
        "neurons": {
            "0": {
                "type": "i",
                "bias": 0.1895703066615843
            },
            "1": {
                "type": "i",
                "bias": 0.019360196684819864
            },
            "2": {
                "type": "i",
                "bias": -0.0647641613813158
            },
            "3": {
                "type": "i",
                "bias": -0.22953837648816672
            },
            "4": {
                "type": "i",
                "bias": -0.0822191231170991
            },
            "5": {
                "type": "i",
                "bias": -0.05842510282526967
            },
            "6": {
                "type": "i",
                "bias": 0.20330229832011204
            },
            "7": {
                "type": "i",
                "bias": 0.008781811415700856
            },
            "8": {
                "type": "o",
                "bias": -0.023139326051444642
            },
            "9": {
                "type": "o",
                "bias": -0.030882365723682678
            },
            "10": {
                "type": "o",
                "bias": 0.01345067115125987
            },
            "11": {
                "type": "o",
                "bias": 0.08675154639147775
            }
        },
        "synapses": {
            "48": {
                "nrn_to": 10,
                "nrn_from": 3,
                "weight": -0.17034057446045786,
                "active": true
            },
            "33": {
                "nrn_to": 11,
                "nrn_from": 5,
                "weight": 0.48303854441986693,
                "active": true
            },
            "22": {
                "nrn_to": 8,
                "nrn_from": 1,
                "weight": 0.17449680166252737,
                "active": true
            },
            "12": {
                "nrn_to": 10,
                "nrn_from": 4,
                "weight": -0.1756773680670488,
                "active": true
            },
            "45": {
                "nrn_to": 9,
                "nrn_from": 2,
                "weight": 0.2847639818526391,
                "active": true
            }
        }
    }
}