{
    "Num species": 1,
    "Species 0 num animals": 60,
    "Species 0 top fitness": -80.94188793156312,
    "Species 0 mean fitness": -142.57554039427876,
    "Species 0 std fitness": 67.96866938791406,
    "Species 0 top animal N hidden neurons": 0,
    "Species 0 top animal N synapses": 3,
    "Species 0 top animal": {
        "neurons": {
            "0": {
                "type": "i",
                "bias": 0.13854465399130128
            },
            "1": {
                "type": "i",
                "bias": -0.015976218494322084
            },
            "2": {
                "type": "i",
                "bias": 0.047846498669984305
            },
            "3": {
                "type": "i",
                "bias": -0.044894665242270454
            },
            "4": {
                "type": "i",
                "bias": 0.043032342348283945
            },
            "5": {
                "type": "i",
                "bias": -0.004606690871412531
            },
            "6": {
                "type": "i",
                "bias": -0.08771243545226595
            },
            "7": {
                "type": "i",
                "bias": 0.01758566633092367
            },
            "8": {
                "type": "o",
                "bias": -0.06088909855136063
            },
            "9": {
                "type": "o",
                "bias": -0.030694006441132553
            },
            "10": {
                "type": "o",
                "bias": 0.09491737893646113
            },
            "11": {
                "type": "o",
                "bias": 0.14854410966690645
            }
        },
        "synapses": {
            "58": {
                "nrn_to": 8,
                "nrn_from": 5,
                "weight": -0.26147620644430747,
                "active": true
            },
            "21": {
                "nrn_to": 8,
                "nrn_from": 1,
                "weight": 0.16499344702433497,
                "active": true
            },
            "22": {
                "nrn_to": 11,
                "nrn_from": 3,
                "weight": 0.22233881544841744,
                "active": true
            }
        }
    }
}