{
    "Num species": 2,
    "Species 0 num animals": 20,
    "Species 0 top fitness": -52.23172889462743,
    "Species 0 mean fitness": -83.75627093612387,
    "Species 0 std fitness": 31.50135181791046,
    "Species 0 top animal N hidden neurons": 2,
    "Species 0 top animal N synapses": 15,
    "Species 0 top animal": {
        "neurons": {
            "0": {
                "type": "i",
                "bias": -0.20276526512664095
            },
            "1": {
                "type": "i",
                "bias": -0.0014808931476187111
            },
            "2": {
                "type": "i",
                "bias": -0.021869160660440194
            },
            "3": {
                "type": "i",
                "bias": -0.25422267396284487
            },
            "4": {
                "type": "i",
                "bias": -0.07062410246781506
            },
            "5": {
                "type": "i",
                "bias": 0.0721103849903057
            },
            "6": {
                "type": "i",
                "bias": -0.020338366921364634
            },
            "7": {
                "type": "i",
                "bias": -0.17817182231691892
            },
            "8": {
                "type": "o",
                "bias": -0.2964235181167589
            },
            "9": {
                "type": "o",
                "bias": -0.2758900123488651
            },
            "10": {
                "type": "o",
                "bias": 0.2096480524652307
            },
            "11": {
                "type": "o",
                "bias": 0.0453463315322624
            },
            "137": {
                "type": "h",
                "bias": -0.007093866558346113
            },
            "56": {
                "type": "h",
                "bias": 0.09626752716369943
            }
        },
        "synapses": {
            "66": {
                "nrn_to": 56,
                "nrn_from": 7,
                "weight": -0.035972867723627906,
                "active": false
            },
            "34": {
                "nrn_to": 9,
                "nrn_from": 3,
                "weight": -0.1452298065983482,
                "active": true
            },
            "36": {
                "nrn_to": 9,
                "nrn_from": 0,
                "weight": 0.8513198267167424,
                "active": true
            },
            "71": {
                "nrn_to": 11,
                "nrn_from": 6,
                "weight": 0.11767975700699447,
                "active": true
            },
            "138": {
                "active": true,
                "nrn_to": 137,
                "nrn_from": 5,
                "weight": 0.9341559142229394
            },
            "139": {
                "active": true,
                "nrn_to": 56,
                "nrn_from": 137,
                "weight": 0.7501970020400278
            },
            "12": {
                "nrn_to": 10,
                "nrn_from": 0,
                "weight": 0.041632374984367615,
                "active": false
            },
            "13": {
                "nrn_to": 8,
                "nrn_from": 1,
                "weight": 0.8768957520213273,
                "active": true
            },
            "42": {
                "nrn_to": 10,
                "nrn_from": 5,
                "weight": 0.17230387833140176,
                "active": false
            },
            "16": {
                "nrn_to": 11,
                "nrn_from": 5,
                "weight": 0.7413350326452384,
                "active": false
            },
            "17": {
                "nrn_to": 9,
                "nrn_from": 5,
                "weight": -1.2575055408087026,
                "active": true
            },
            "18": {
                "nrn_to": 10,
                "nrn_from": 2,
                "weight": 0.0339966685861084,
                "active": true
            },
            "57": {
                "active": false,
                "nrn_to": 56,
                "nrn_from": 5,
                "weight": 0.8693771542203119
            },
            "58": {
                "active": true,
                "nrn_to": 11,
                "nrn_from": 56,
                "weight": 0.2600367142123187
            },
            "99": {
                "nrn_to": 8,
                "nrn_from": 56,
                "weight": 0.022375807190820024,
                "active": true
            }
        }
    },
    "Species 1 num animals": 40,
    "Species 1 top fitness": -79.22486781101476,
    "Species 1 mean fitness": -159.98252306742748,
    "Species 1 std fitness": 120.3781000503479,
    "Species 1 top animal N hidden neurons": 1,
    "Species 1 top animal N synapses": 8,
    "Species 1 top animal": {
        "neurons": {
            "0": {
                "type": "i",
                "bias": 0.008788001109321097
            },
            "1": {
                "type": "i",
                "bias": -0.037710944663399276
            },
            "2": {
                "type": "i",
                "bias": 0.09403389933137582
            },
            "3": {
                "type": "i",
                "bias": -0.03792985792574929
            },
            "4": {
                "type": "i",
                "bias": 0.18095454115217724
            },
            "5": {
                "type": "i",
                "bias": 0.1530835128996042
            },
            "6": {
                "type": "i",
                "bias": -0.026043287073280602
            },
            "7": {
                "type": "i",
                "bias": 0.009519588857678195
            },
            "8": {
                "type": "o",
                "bias": -0.16695060218745084
            },
            "9": {
                "type": "o",
                "bias": -0.15537200883670657
            },
            "10": {
                "type": "o",
                "bias": 0.07444165909482504
            },
            "11": {
                "type": "o",
                "bias": -0.03578241497151993
            },
            "56": {
                "type": "h",
                "bias": -0.00779170809020532
            }
        },
        "synapses": {
            "66": {
                "nrn_to": 56,
                "nrn_from": 7,
                "weight": 0.07685381048754311,
                "active": false
            },
            "34": {
                "nrn_to": 9,
                "nrn_from": 3,
                "weight": -0.18586323136736954,
                "active": true
            },
            "42": {
                "nrn_to": 10,
                "nrn_from": 5,
                "weight": 0.09150423476845573,
                "active": false
            },
            "13": {
                "nrn_to": 8,
                "nrn_from": 1,
                "weight": 0.32331574028555543,
                "active": true
            },
            "16": {
                "nrn_to": 11,
                "nrn_from": 5,
                "weight": 0.379980623295476,
                "active": false
            },
            "17": {
                "nrn_to": 9,
                "nrn_from": 5,
                "weight": -0.6617036563846322,
                "active": true
            },
            "57": {
                "active": true,
                "nrn_to": 56,
                "nrn_from": 5,
                "weight": 0.6168916646462962
            },
            "58": {
                "active": true,
                "nrn_to": 11,
                "nrn_from": 56,
                "weight": 2.757654945289974
            }
        }
    }
}