{
    "Num species": 2,
    "Species 0 num animals": 50,
    "Species 0 top fitness": -29.4337493954908,
    "Species 0 mean fitness": -91.75720606685249,
    "Species 0 std fitness": 32.524051182435926,
    "Species 0 top animal N hidden neurons": 0,
    "Species 0 top animal N synapses": 8,
    "Species 0 top animal": {
        "neurons": {
            "0": {
                "type": "i",
                "bias": 0.2103653847484319
            },
            "1": {
                "type": "i",
                "bias": -0.05406209079396347
            },
            "2": {
                "type": "i",
                "bias": 0.21068457533731666
            },
            "3": {
                "type": "i",
                "bias": 0.3958137658988635
            },
            "4": {
                "type": "i",
                "bias": -0.012894927061493793
            },
            "5": {
                "type": "i",
                "bias": 0.005960004977930436
            },
            "6": {
                "type": "i",
                "bias": -0.03876710582062272
            },
            "7": {
                "type": "i",
                "bias": -0.0654644402479723
            },
            "8": {
                "type": "o",
                "bias": 0.2219931307502615
            },
            "9": {
                "type": "o",
                "bias": 9.639754804509348e-06
            },
            "10": {
                "type": "o",
                "bias": -0.10331745597561896
            },
            "11": {
                "type": "o",
                "bias": -0.07835211772467131
            }
        },
        "synapses": {
            "34": {
                "nrn_to": 10,
                "nrn_from": 4,
                "weight": -0.24647775199743596,
                "active": true
            },
            "42": {
                "nrn_to": 8,
                "nrn_from": 3,
                "weight": 0.2985513136892885,
                "active": true
            },
            "15": {
                "nrn_to": 10,
                "nrn_from": 5,
                "weight": -1.2307394285265862,
                "active": true
            },
            "49": {
                "nrn_to": 9,
                "nrn_from": 0,
                "weight": 0.22531518103741238,
                "active": false
            },
            "19": {
                "nrn_to": 9,
                "nrn_from": 2,
                "weight": 0.2606794038025327,
                "active": true
            },
            "22": {
                "nrn_to": 11,
                "nrn_from": 4,
                "weight": 0.9123072234850048,
                "active": true
            },
            "23": {
                "nrn_to": 8,
                "nrn_from": 7,
                "weight": -0.31356393843752733,
                "active": false
            },
            "24": {
                "nrn_to": 8,
                "nrn_from": 6,
                "weight": 0.4791468085361419,
                "active": true
            }
        }
    },
    "Species 1 num animals": 10,
    "Species 1 top fitness": -48.14317163878678,
    "Species 1 mean fitness": -113.98359606883409,
    "Species 1 std fitness": 73.36317803713467,
    "Species 1 top animal N hidden neurons": 0,
    "Species 1 top animal N synapses": 8,
    "Species 1 top animal": {
        "neurons": {
            "0": {
                "type": "i",
                "bias": 0.026422937204472377
            },
            "1": {
                "type": "i",
                "bias": -0.013965664533948853
            },
            "2": {
                "type": "i",
                "bias": -0.005917544145806555
            },
            "3": {
                "type": "i",
                "bias": 0.29351404190493396
            },
            "4": {
                "type": "i",
                "bias": 0.05498930353170124
            },
            "5": {
                "type": "i",
                "bias": -0.5978266726035167
            },
            "6": {
                "type": "i",
                "bias": -0.14570977168811855
            },
            "7": {
                "type": "i",
                "bias": 0.06616175372188096
            },
            "8": {
                "type": "o",
                "bias": 0.14425154482616565
            },
            "9": {
                "type": "o",
                "bias": -0.0006943107515978847
            },
            "10": {
                "type": "o",
                "bias": 0.04468082454481413
            },
            "11": {
                "type": "o",
                "bias": -0.07510342127406379
            }
        },
        "synapses": {
            "33": {
                "nrn_to": 8,
                "nrn_from": 5,
                "weight": -0.12537901523533124,
                "active": true
            },
            "34": {
                "nrn_to": 10,
                "nrn_from": 4,
                "weight": -0.2747288126133067,
                "active": false
            },
            "42": {
                "nrn_to": 8,
                "nrn_from": 3,
                "weight": 0.29534297103634605,
                "active": true
            },
            "15": {
                "nrn_to": 10,
                "nrn_from": 5,
                "weight": -0.46857884103816844,
                "active": true
            },
            "18": {
                "nrn_to": 8,
                "nrn_from": 2,
                "weight": -0.5136290754618199,
                "active": true
            },
            "19": {
                "nrn_to": 9,
                "nrn_from": 2,
                "weight": 0.2643668500205232,
                "active": true
            },
            "22": {
                "nrn_to": 11,
                "nrn_from": 4,
                "weight": 3.0,
                "active": true
            },
            "23": {
                "nrn_to": 8,
                "nrn_from": 7,
                "weight": 0.07203050063944016,
                "active": true
            }
        }
    }
}