{
    "Num species": 1,
    "Species 0 num animals": 60,
    "Species 0 top fitness": -109.89758174467906,
    "Species 0 mean fitness": -166.6250179027643,
    "Species 0 std fitness": 95.14472066841816,
    "Species 0 top animal N hidden neurons": 0,
    "Species 0 top animal N synapses": 5,
    "Species 0 top animal": {
        "neurons": {
            "0": {
                "type": "i",
                "bias": -0.08115423855197317
            },
            "1": {
                "type": "i",
                "bias": -0.024881740289527166
            },
            "2": {
                "type": "i",
                "bias": -0.0663080340371373
            },
            "3": {
                "type": "i",
                "bias": 0.06108148313265741
            },
            "4": {
                "type": "i",
                "bias": 0.03256214579990706
            },
            "5": {
                "type": "i",
                "bias": -0.20406719893779232
            },
            "6": {
                "type": "i",
                "bias": -0.07808917606393624
            },
            "7": {
                "type": "i",
                "bias": -0.023855368713397815
            },
            "8": {
                "type": "o",
                "bias": 0.13583747730477652
            },
            "9": {
                "type": "o",
                "bias": -0.06240038341410394
            },
            "10": {
                "type": "o",
                "bias": 0.07267369205532087
            },
            "11": {
                "type": "o",
                "bias": 0.022105695497910964
            }
        },
        "synapses": {
            "34": {
                "nrn_to": 10,
                "nrn_from": 4,
                "weight": -0.15508030553129687,
                "active": true
            },
            "19": {
                "nrn_to": 9,
                "nrn_from": 2,
                "weight": 0.22430565694745885,
                "active": true
            },
            "22": {
                "nrn_to": 11,
                "nrn_from": 4,
                "weight": 0.49985239803451587,
                "active": true
            },
            "23": {
                "nrn_to": 8,
                "nrn_from": 7,
                "weight": -0.22224242374107211,
                "active": true
            },
            "15": {
                "nrn_to": 10,
                "nrn_from": 5,
                "weight": -0.1111850096978137,
                "active": true
            }
        }
    }
}