{
    "Num species": 4,
    "Species 2 num animals": 21,
    "Species 2 top fitness": -37.583327109052426,
    "Species 2 mean fitness": -77.86536807141582,
    "Species 2 std fitness": 24.637708279320563,
    "Species 2 top animal N hidden neurons": 0,
    "Species 2 top animal N synapses": 12,
    "Species 2 top animal": {
        "neurons": {
            "0": {
                "type": "i",
                "bias": 0.1265156007574842
            },
            "1": {
                "type": "i",
                "bias": -0.005273899473131765
            },
            "2": {
                "type": "i",
                "bias": -0.006850452121275812
            },
            "3": {
                "type": "i",
                "bias": -0.025788821844363683
            },
            "4": {
                "type": "i",
                "bias": 0.4477856866357238
            },
            "5": {
                "type": "i",
                "bias": -0.01735803485875413
            },
            "6": {
                "type": "i",
                "bias": 0.20874681269851908
            },
            "7": {
                "type": "i",
                "bias": 0.30374116935320605
            },
            "8": {
                "type": "o",
                "bias": 0.38022800280318453
            },
            "9": {
                "type": "o",
                "bias": 0.4192225385746467
            },
            "10": {
                "type": "o",
                "bias": -0.4603884906803174
            },
            "11": {
                "type": "o",
                "bias": -0.28702555602774615
            }
        },
        "synapses": {
            "32": {
                "nrn_to": 9,
                "nrn_from": 0,
                "weight": 0.11386207150238696,
                "active": true
            },
            "35": {
                "nrn_to": 8,
                "nrn_from": 5,
                "weight": 0.7265692243508726,
                "active": false
            },
            "36": {
                "nrn_to": 10,
                "nrn_from": 5,
                "weight": -0.752131500226734,
                "active": true
            },
            "37": {
                "nrn_to": 8,
                "nrn_from": 2,
                "weight": 0.28415446927437765,
                "active": false
            },
            "41": {
                "nrn_to": 10,
                "nrn_from": 7,
                "weight": 1.2586590939963784,
                "active": true
            },
            "12": {
                "nrn_to": 10,
                "nrn_from": 3,
                "weight": -0.7535560403423929,
                "active": true
            },
            "14": {
                "nrn_to": 11,
                "nrn_from": 7,
                "weight": -0.40227923742588756,
                "active": true
            },
            "15": {
                "nrn_to": 10,
                "nrn_from": 0,
                "weight": 0.5868293636820366,
                "active": true
            },
            "19": {
                "nrn_to": 8,
                "nrn_from": 1,
                "weight": 0.06885778522625992,
                "active": true
            },
            "20": {
                "nrn_to": 11,
                "nrn_from": 0,
                "weight": 0.2692825142251877,
                "active": true
            },
            "51": {
                "nrn_to": 9,
                "nrn_from": 4,
                "weight": -0.09333518060229967,
                "active": false
            },
            "30": {
                "nrn_to": 9,
                "nrn_from": 5,
                "weight": -1.230652049083432,
                "active": true
            }
        }
    },
    "Species 0 num animals": 12,
    "Species 0 top fitness": -57.08904710077988,
    "Species 0 mean fitness": -87.27180106707395,
    "Species 0 std fitness": 17.496979860283083,
    "Species 0 top animal N hidden neurons": 0,
    "Species 0 top animal N synapses": 12,
    "Species 0 top animal": {
        "neurons": {
            "0": {
                "type": "i",
                "bias": 0.11074461664018612
            },
            "1": {
                "type": "i",
                "bias": -0.1341149726809732
            },
            "2": {
                "type": "i",
                "bias": -0.015025103342377534
            },
            "3": {
                "type": "i",
                "bias": -0.09197912784929152
            },
            "4": {
                "type": "i",
                "bias": 0.5044525678901884
            },
            "5": {
                "type": "i",
                "bias": 0.03119795279312218
            },
            "6": {
                "type": "i",
                "bias": -0.14770305748186804
            },
            "7": {
                "type": "i",
                "bias": 0.6622319201280722
            },
            "8": {
                "type": "o",
                "bias": 0.43306650602055685
            },
            "9": {
                "type": "o",
                "bias": 0.17353240405779158
            },
            "10": {
                "type": "o",
                "bias": -0.42097746372587913
            },
            "11": {
                "type": "o",
                "bias": -0.3115498685793468
            }
        },
        "synapses": {
            "32": {
                "nrn_to": 9,
                "nrn_from": 0,
                "weight": 0.3585850945125461,
                "active": true
            },
            "36": {
                "nrn_to": 10,
                "nrn_from": 5,
                "weight": -0.011854113408155807,
                "active": false
            },
            "37": {
                "nrn_to": 8,
                "nrn_from": 2,
                "weight": 0.23125118385417212,
                "active": false
            },
            "39": {
                "nrn_to": 10,
                "nrn_from": 1,
                "weight": -0.01936296582603085,
                "active": false
            },
            "41": {
                "nrn_to": 10,
                "nrn_from": 7,
                "weight": 0.718099687838083,
                "active": true
            },
            "12": {
                "nrn_to": 10,
                "nrn_from": 3,
                "weight": -0.61247080235468,
                "active": true
            },
            "50": {
                "nrn_to": 10,
                "nrn_from": 4,
                "weight": -0.25200890861986125,
                "active": false
            },
            "51": {
                "nrn_to": 9,
                "nrn_from": 4,
                "weight": -0.09945924736575862,
                "active": false
            },
            "20": {
                "nrn_to": 11,
                "nrn_from": 0,
                "weight": 0.5333598046500333,
                "active": true
            },
            "22": {
                "nrn_to": 9,
                "nrn_from": 6,
                "weight": 0.26012532338997263,
                "active": true
            },
            "30": {
                "nrn_to": 9,
                "nrn_from": 5,
                "weight": -0.9394050983424401,
                "active": true
            },
            "14": {
                "nrn_to": 11,
                "nrn_from": 7,
                "weight": -0.36666124445763126,
                "active": true
            }
        }
    },
    "Species 1 num animals": 11,
    "Species 1 top fitness": -105.92274590430546,
    "Species 1 mean fitness": -118.39952572797868,
    "Species 1 std fitness": 11.331779821557419,
    "Species 1 top animal N hidden neurons": 1,
    "Species 1 top animal N synapses": 13,
    "Species 1 top animal": {
        "neurons": {
            "0": {
                "type": "i",
                "bias": -0.10188365428983005
            },
            "1": {
                "type": "i",