{
    "Num species": 4,
    "Species 0 num animals": 10,
    "Species 0 top fitness": -27.962467763270475,
    "Species 0 mean fitness": -62.21349502370659,
    "Species 0 std fitness": 32.4270218660001,
    "Species 0 top animal N hidden neurons": 0,
    "Species 0 top animal N synapses": 11,
    "Species 0 top animal": {
        "neurons": {
            "0": {
                "type": "i",
                "bias": 0.28963182890065153
            },
            "1": {
                "type": "i",
                "bias": 0.22505808049176382
            },
            "2": {
                "type": "i",
                "bias": 0.34269062291469266
            },
            "3": {
                "type": "i",
                "bias": -0.09713237379780572
            },
            "4": {
                "type": "i",
                "bias": 0.328473632581367
            },
            "5": {
                "type": "i",
                "bias": -0.18527655387254618
            },
            "6": {
                "type": "i",
                "bias": -0.6216997953769096
            },
            "7": {
                "type": "i",
                "bias": 0.10123675565453977
            },
            "8": {
                "type": "o",
                "bias": -0.13833296095808298
            },
            "9": {
                "type": "o",
                "bias": -0.4525140628544563
            },
            "10": {
                "type": "o",
                "bias": 0.07730251976019163
            },
            "11": {
                "type": "o",
                "bias": 0.08158003893155243
            }
        },
        "synapses": {
            "38": {
                "nrn_to": 9,
                "nrn_from": 3,
                "weight": -0.05239386365130025,
                "active": false
            },
            "39": {
                "nrn_to": 10,
                "nrn_from": 5,
                "weight": -0.36913897025813336,
                "active": true
            },
            "43": {
                "nrn_to": 8,
                "nrn_from": 0,
                "weight": 0.05830886688122493,
                "active": false
            },
            "12": {
                "nrn_to": 9,
                "nrn_from": 4,
                "weight": -0.9195086856851518,
                "active": true
            },
            "13": {
                "nrn_to": 9,
                "nrn_from": 2,
                "weight": 0.1460185124424449,
                "active": true
            },
            "17": {
                "nrn_to": 8,
                "nrn_from": 6,
                "weight": -0.13627329434736685,
                "active": false
            },
            "21": {
                "nrn_to": 8,
                "nrn_from": 1,
                "weight": 0.3426141545576622,
                "active": true
            },
            "53": {
                "nrn_to": 11,
                "nrn_from": 7,
                "weight": 0.570993855733113,
                "active": true
            },
            "23": {
                "nrn_to": 8,
                "nrn_from": 7,
                "weight": -0.5305317384384192,
                "active": true
            },
            "29": {
                "nrn_to": 11,
                "nrn_from": 4,
                "weight": 0.9633595772263689,
                "active": true
            },
            "33": {
                "nrn_to": 11,
                "nrn_from": 5,
                "weight": 0.17352576915689588,
                "active": true
            }
        }
    },
    "Species 2 num animals": 35,
    "Species 2 top fitness": -19.235622876900923,
    "Species 2 mean fitness": -59.91060294978123,
    "Species 2 std fitness": 42.51255064320305,
    "Species 2 top animal N hidden neurons": 0,
    "Species 2 top animal N synapses": 10,
    "Species 2 top animal": {
        "neurons": {
            "0": {
                "type": "i",
                "bias": 0.09237648966676845
            },
            "1": {
                "type": "i",
                "bias": 0.11549274028346185
            },
            "2": {
                "type": "i",
                "bias": 0.38998654154159584
            },
            "3": {
                "type": "i",
                "bias": -0.043968099006310976
            },
            "4": {
                "type": "i",
                "bias": 0.10714515116071249
            },
            "5": {
                "type": "i",
                "bias": -0.2749371896635843
            },
            "6": {
                "type": "i",
                "bias": -0.38293068246781625
            },
            "7": {
                "type": "i",
                "bias": 0.005656936163560456
            },
            "8": {
                "type": "o",
                "bias": -0.1382450899167449
            },
            "9": {
                "type": "o",
                "bias": -0.3262974625855615
            },
            "10": {
                "type": "o",
                "bias": 0.10198541678935923
            },
            "11": {
                "type": "o",
                "bias": 0.10586343517128333
            }
        },
        "synapses": {
            "39": {
                "nrn_to": 10,
                "nrn_from": 5,
                "weight": -1.0569412541187944,
                "active": true
            },
            "40": {
                "nrn_to": 9,
                "nrn_from": 1,
                "weight": 0.35095315163620133,
                "active": true
            },
            "43": {
                "nrn_to": 8,
                "nrn_from": 0,
                "weight": 0.06844203686369182,
                "active": false
            },
            "12": {
                "nrn_to": 9,
                "nrn_from": 4,
                "weight": -1.7298205122926464,
                "active": true
            },
            "13": {
                "nrn_to": 9,
                "nrn_from": 2,
                "weight": -0.003296588767990341,
                "active": false
            },
            "17": {
                "nrn_to": 8,
                "nrn_from": 6,
                "weight": -0.35911367705915687,
                "active": true
            },
            "21": {
                "nrn_to": 8,
                "nrn_from": 1,
                "weight": 0.37577430417725977,
                "active": true
            },
            "53": {
                "nrn_to": 11,
                "nrn_from": 7,
                "weight": 0.6214007268039515,
                "active": true
            },
            "23": {
                "nrn_to": 8,
                "nrn_from": 7,
                "weight": -1.8933944331248909,
                "active": true
            },
            "29": {
                "nrn_to": 11,
                "nrn_from": 4,
                "weight": 1.0868167648977913,
                "active": true
            }
        }
    },
    "Species 1 num animals": 7,
    "Species 1 top fitness": -27.974845966393715,
    "Species 1 mean fitness": -73.35447186635979,
    "Species 1 std fitness": 39.23046842255089,
    "Species 1 top animal N hidden neurons": 0,
    "Species 1 top animal N synapses": 9,
    "Species 1 top animal": {
        "neurons": {
            "0": {
                "type": "i",
                "bias": 0.09346854316711185
            },
            "1": {
                "type": "i",
                "bias": 0.36267708451080294
            },
            "2": {
                "type": "i",
                "bias": -0.014704004295953178
            },
            "3": {
                "type": "i",
                "bias": -0.1344169001210627
            },
            "4": {
                "type": "i",
                "bias": 0.07898498217223729
            },
            "5": {
                "type": "i",
                "bias": 0.07922376031791437
            },
            "6": {
                "type": "i",