{
    "Num species": 4,
    "Species 1 num animals": 7,
    "Species 1 top fitness": 50.571366718848864,
    "Species 1 mean fitness": -136.3442194443467,
    "Species 1 std fitness": 151.2155641281864,
    "Species 1 top animal N hidden neurons": 0,
    "Species 1 top animal N synapses": 10,
    "Species 1 top animal": {
        "neurons": {
            "0": {
                "type": "i",
                "bias": 0.028487247187193997
            },
            "1": {
                "type": "i",
                "bias": 0.04671455218274996
            },
            "2": {
                "type": "i",
                "bias": 0.005798694101018674
            },
            "3": {
                "type": "i",
                "bias": 0.01361270583079082
            },
            "4": {
                "type": "i",
                "bias": 0.12815765403884724
            },
            "5": {
                "type": "i",
                "bias": -0.0070385500986631586
            },
            "6": {
                "type": "i",
                "bias": 0.003310370828555989
            },
            "7": {
                "type": "i",
                "bias": 0.28596014333907066
            },
            "8": {
                "type": "o",
                "bias": 0.1319550106847886
            },
            "9": {
                "type": "o",
                "bias": 0.0068908438167593275
            },
            "10": {
                "type": "o",
                "bias": 0.04927704112728965
            },
            "11": {
                "type": "o",
                "bias": 0.19272319009617
            }
        },
        "synapses": {
            "35": {
                "nrn_to": 11,
                "nrn_from": 6,
                "weight": 1.8591450796309108,
                "active": true
            },
            "37": {
                "nrn_to": 10,
                "nrn_from": 6,
                "weight": 0.2506724700534425,
                "active": true
            },
            "38": {
                "nrn_to": 11,
                "nrn_from": 0,
                "weight": -0.7191101283685485,
                "active": true
            },
            "43": {
                "nrn_to": 8,
                "nrn_from": 6,
                "weight": 3.0,
                "active": true
            },
            "12": {
                "nrn_to": 11,
                "nrn_from": 4,
                "weight": 0.3163194777727808,
                "active": true
            },
            "14": {
                "nrn_to": 11,
                "nrn_from": 5,
                "weight": 0.6312571066284828,
                "active": true
            },
            "15": {
                "nrn_to": 10,
                "nrn_from": 3,
                "weight": -0.21651898860338165,
                "active": true
            },
            "20": {
                "nrn_to": 10,
                "nrn_from": 2,
                "weight": 0.03759351315781249,
                "active": false
            },
            "23": {
                "nrn_to": 8,
                "nrn_from": 3,
                "weight": 0.24825144933790677,
                "active": true
            },
            "26": {
                "nrn_to": 9,
                "nrn_from": 1,
                "weight": 0.20911455873038454,
                "active": true
            }
        }
    },
    "Species 2 num animals": 34,
    "Species 2 top fitness": 86.71848597191438,
    "Species 2 mean fitness": -47.97342791918071,
    "Species 2 std fitness": 71.50971662428013,
    "Species 2 top animal N hidden neurons": 1,
    "Species 2 top animal N synapses": 13,
    "Species 2 top animal": {
        "neurons": {
            "0": {
                "type": "i",
                "bias": -0.05897182127650018
            },
            "1": {
                "type": "i",
                "bias": -0.14334667819442132
            },
            "2": {
                "type": "i",
                "bias": -0.17129617108413572
            },
            "3": {
                "type": "i",
                "bias": 0.08260686372383316
            },
            "4": {
                "type": "i",
                "bias": 0.17926044348145845
            },
            "5": {
                "type": "i",
                "bias": 0.08619932224301372
            },
            "6": {
                "type": "i",
                "bias": 0.1288078012732261
            },
            "7": {
                "type": "i",
                "bias": 0.2503540286178509
            },
            "8": {
                "type": "o",
                "bias": 0.13217118441814085
            },
            "9": {
                "type": "o",
                "bias": 0.024915510297282933
            },
            "10": {
                "type": "o",
                "bias": 0.1499504136166079
            },
            "11": {
                "type": "o",
                "bias": 0.10770039140426255
            },
            "84": {
                "type": "h",
                "bias": 0.05203388667689335
            }
        },
        "synapses": {
            "35": {
                "nrn_to": 11,
                "nrn_from": 6,
                "weight": 0.7879156634337434,
                "active": true
            },
            "37": {
                "nrn_to": 10,
                "nrn_from": 6,
                "weight": 0.25059861523197574,
                "active": true
            },
            "42": {
                "nrn_to": 9,
                "nrn_from": 4,
                "weight": -1.2937850757337392,
                "active": true
            },
            "43": {
                "nrn_to": 8,
                "nrn_from": 6,
                "weight": 0.8705742864597472,
                "active": true
            },
            "12": {
                "nrn_to": 11,
                "nrn_from": 4,
                "weight": 0.45716397221602484,
                "active": false
            },
            "14": {
                "nrn_to": 11,
                "nrn_from": 5,
                "weight": 0.6852132373156552,
                "active": true
            },
            "15": {
                "nrn_to": 10,
                "nrn_from": 3,
                "weight": -0.10630857051423853,
                "active": true
            },
            "85": {
                "active": true,
                "nrn_to": 84,
                "nrn_from": 4,
                "weight": 0.9816494539269222
            },
            "86": {
                "active": true,
                "nrn_to": 11,
                "nrn_from": 84,
                "weight": 0.5297619750187987
            },
            "23": {
                "nrn_to": 8,
                "nrn_from": 3,
                "weight": 0.1834045912281121,
                "active": true
            },
            "25": {
                "nrn_to": 9,
                "nrn_from": 3,
                "weight": -0.11717354960203309,
                "active": true
            },
            "26": {
                "nrn_to": 9,
                "nrn_from": 1,
                "weight": 0.3858893022905716,
                "active": true
            },
            "28": {
                "nrn_to": 11,
                "nrn_from": 3,
                "weight": -0.021603104959235432,
                "active": true
            }
        }
    },
    "Species 3 num animals": 13,
    "Species 3 top fitness": 50.8477027158409,
    "Species 3 mean fitness": -124.81937818409135,
    "Species 3 std fitness": 158.8965981566603,
    "Species 3 top animal N hidden neurons": 0,
    "Species 3 top animal N synapses": 10,
    "Species 3 top animal": {
        "neurons": {
            "0": {
                "type": "i",
                "bias": -0.06617232390100958
            },
            "1": {
                "type": "i",
                "bias": 0.0558207235372283
            },