{
    "Num species": 1,
    "Species 0 num animals": 60,
    "Species 0 top fitness": 35.15928037449366,
    "Species 0 mean fitness": -51.78992609454989,
    "Species 0 std fitness": 72.07273467272147,
    "Species 0 top animal N hidden neurons": 0,
    "Species 0 top animal N synapses": 9,
    "Species 0 top animal": {
        "neurons": {
            "0": {
                "type": "i",
                "bias": 0.1010162962856468
            },
            "1": {
                "type": "i",
                "bias": -0.09705934900010257
            },
            "2": {
                "type": "i",
                "bias": 0.08069983972792888
            },
            "3": {
                "type": "i",
                "bias": -0.16835654821233825
            },
            "4": {
                "type": "i",
                "bias": 0.11217535098803555
            },
            "5": {
                "type": "i",
                "bias": 0.030751735115666052
            },
            "6": {
                "type": "i",
                "bias": 0.03612131518868762
            },
            "7": {
                "type": "i",
                "bias": -0.0424415487900952
            },
            "8": {
                "type": "o",
                "bias": 0.20796554808502757
            },
            "9": {
                "type": "o",
                "bias": 0.19818941586845434
            },
            "10": {
                "type": "o",
                "bias": 0.21202550919078966
            },
            "11": {
                "type": "o",
                "bias": -0.0847024656193511
            }
        },
        "synapses": {
            "36": {
                "nrn_to": 10,
                "nrn_from": 2,
                "weight": 0.11146777796367317,
                "active": true
            },
            "39": {
                "nrn_to": 9,
                "nrn_from": 2,
                "weight": 0.8305135971861666,
                "active": true
            },
            "14": {
                "nrn_to": 10,
                "nrn_from": 3,
                "weight": -0.39701628709400494,
                "active": true
            },
            "20": {
                "nrn_to": 8,
                "nrn_from": 6,
                "weight": 0.46850017434915553,
                "active": true
            },
            "21": {
                "nrn_to": 11,
                "nrn_from": 6,
                "weight": -0.26468650733232213,
                "active": true
            },
            "22": {
                "nrn_to": 9,
                "nrn_from": 5,
                "weight": -0.18310400970792054,
                "active": true
            },
            "26": {
                "nrn_to": 11,
                "nrn_from": 4,
                "weight": 1.69175988264582,
                "active": true
            },
            "27": {
                "nrn_to": 10,
                "nrn_from": 6,
                "weight": -0.02462097962486122,
                "active": false
            },
            "30": {
                "nrn_to": 9,
                "nrn_from": 6,
                "weight": 0.08669520368262179,
                "active": false
            }
        }
    }
}