{
    "Num species": 1,
    "Species 0 num animals": 30,
    "Species 0 top fitness": -48.75009118928958,
    "Species 0 mean fitness": -102.37266508783385,
    "Species 0 std fitness": 60.6869825126895,
    "Species 0 top animal N hidden neurons": 0,
    "Species 0 top animal N synapses": 5,
    "Species 0 top animal": {
        "neurons": {
            "0": {
                "type": "i",
                "bias": 0.06980134742870997
            },
            "1": {
                "type": "i",
                "bias": -0.23407006274239167
            },
            "2": {
                "type": "i",
                "bias": 0.20045608579376273
            },
            "3": {
                "type": "i",
                "bias": -0.24531407358782273
            },
            "4": {
                "type": "i",
                "bias": 0.05997006910394697
            },
            "5": {
                "type": "i",
                "bias": 0.33932890847966735
            },
            "6": {
                "type": "i",
                "bias": -0.10925989223841698
            },
            "7": {
                "type": "i",
                "bias": -0.10537785893089041
            },
            "8": {
                "type": "o",
                "bias": -0.16932857933754258
            },
            "9": {
                "type": "o",
                "bias": 0.005314572066869881
            },
            "10": {
                "type": "o",
                "bias": 0.12192484214232008
            },
            "11": {
                "type": "o",
                "bias": -0.1146784824727578
            }
        },
        "synapses": {
            "36": {
                "nrn_to": 11,
                "nrn_from": 2,
                "weight": -0.48571243517208995,
                "active": true
            },
            "41": {
                "nrn_to": 11,
                "nrn_from": 7,
                "weight": 0.14857998347216658,
                "active": true
            },
            "12": {
                "nrn_to": 10,
                "nrn_from": 6,
                "weight": -0.7734161737528832,
                "active": true
            },
            "13": {
                "nrn_to": 8,
                "nrn_from": 1,
                "weight": 0.36495704215953356,
                "active": true
            },
            "46": {
                "nrn_to": 9,
                "nrn_from": 0,
                "weight": 0.36861074322857396,
                "active": true
            }
        }
    }
}