{
    "Num species": 1,
    "Species 0 num animals": 60,
    "Species 0 top fitness": -82.2418294799732,
    "Species 0 mean fitness": -136.47835879441212,
    "Species 0 std fitness": 55.01940868364848,
    "Species 0 top animal N hidden neurons": 0,
    "Species 0 top animal N synapses": 5,
    "Species 0 top animal": {
        "neurons": {
            "0": {
                "type": "i",
                "bias": 0.00188652501857213
            },
            "1": {
                "type": "i",
                "bias": -0.1413357781775973
            },
            "2": {
                "type": "i",
                "bias": -0.02826969591027867
            },
            "3": {
                "type": "i",
                "bias": 0.03654470174064786
            },
            "4": {
                "type": "i",
                "bias": 0.029335594537333448
            },
            "5": {
                "type": "i",
                "bias": -0.026207246812059968
            },
            "6": {
                "type": "i",
                "bias": 0.039836791516355365
            },
            "7": {
                "type": "i",
                "bias": 0.1520123925799068
            },
            "8": {
                "type": "o",
                "bias": 0.43421181233863587
            },
            "9": {
                "type": "o",
                "bias": -0.10035049262262423
            },
            "10": {
                "type": "o",
                "bias": -0.13881796998694756
            },
            "11": {
                "type": "o",
                "bias": -0.20415490617995963
            }
        },
        "synapses": {
            "36": {
                "nrn_to": 10,
                "nrn_from": 5,
                "weight": -0.43999930689562916,
                "active": true
            },
            "37": {
                "nrn_to": 8,
                "nrn_from": 2,
                "weight": 0.1582097348896644,
                "active": true
            },
            "38": {
                "nrn_to": 8,
                "nrn_from": 6,
                "weight": -0.11473457852280373,
                "active": true
            },
            "20": {
                "nrn_to": 11,
                "nrn_from": 0,
                "weight": -0.7369718163267983,
                "active": true
            },
            "12": {
                "nrn_to": 10,
                "nrn_from": 3,
                "weight": -0.5224895869210716,
                "active": true
            }
        }
    }
}