{
    "Num species": 2,
    "Species 0 num animals": 16,
    "Species 0 top fitness": -87.43678622020619,
    "Species 0 mean fitness": -239.19617383418392,
    "Species 0 std fitness": 308.9171530882469,
    "Species 0 top animal N hidden neurons": 0,
    "Species 0 top animal N synapses": 1,
    "Species 0 top animal": {
        "neurons": {
            "0": {
                "type": "i",
                "bias": 0.05599304113730517
            },
            "1": {
                "type": "i",
                "bias": -0.09267665198977762
            },
            "2": {
                "type": "i",
                "bias": -0.2781984486944624
            },
            "3": {
                "type": "i",
                "bias": -0.03680567943957068
            },
            "4": {
                "type": "i",
                "bias": 0.2583315326213921
            },
            "5": {
                "type": "i",
                "bias": 0.3052729549177262
            },
            "6": {
                "type": "i",
                "bias": 0.14877739816870067
            },
            "7": {
                "type": "i",
                "bias": -0.34377638652732095
            },
            "8": {
                "type": "o",
                "bias": -0.29725587327305075
            },
            "9": {
                "type": "o",
                "bias": 0.19424447707076128
            },
            "10": {
                "type": "o",
                "bias": 0.1965381002195721
            },
            "11": {
                "type": "o",
                "bias": 0.17825277412048157
            }
        },
        "synapses": {
            "27": {
                "nrn_to": 11,
                "nrn_from": 4,
                "weight": 0.6732778548070195,
                "active": true
            }
        }
    },
    "Species 1 num animals": 44,
    "Species 1 top fitness": -68.00534382212666,
    "Species 1 mean fitness": -268.0836109962787,
    "Species 1 std fitness": 348.6742407895821,
    "Species 1 top animal N hidden neurons": 1,
    "Species 1 top animal N synapses": 3,
    "Species 1 top animal": {
        "neurons": {
            "0": {
                "type": "i",
                "bias": 0.1579920561030342
            },
            "1": {
                "type": "i",
                "bias": -0.11149396772393148
            },
            "2": {
                "type": "i",
                "bias": 0.08049806245885117
            },
            "3": {
                "type": "i",
                "bias": 0.66085783250405
            },
            "4": {
                "type": "i",
                "bias": 2.4597622871576315
            },
            "5": {
                "type": "i",
                "bias": 0.007656211631082072
            },
            "6": {
                "type": "i",
                "bias": 0.04116150506147549
            },
            "7": {
                "type": "i",
                "bias": -0.20544051235086275
            },
            "8": {
                "type": "o",
                "bias": -0.020542466231172826
            },
            "9": {
                "type": "o",
                "bias": 0.08166576523263995
            },
            "10": {
                "type": "o",
                "bias": 0.08324297698025891
            },
            "11": {
                "type": "o",
                "bias": -0.04925618674068702
            },
            "158": {
                "type": "h",
                "bias": 0.038408984389726834
            }
        },
        "synapses": {
            "160": {
                "active": true,
                "nrn_to": 11,
                "nrn_from": 158,
                "weight": 0.9085800639447861
            },
            "27": {
                "nrn_to": 11,
                "nrn_from": 4,
                "weight": 2.982289372877176,
                "active": false
            },
            "159": {
                "active": true,
                "nrn_to": 158,
                "nrn_from": 4,
                "weight": 1.1192295561929968
            }
        }
    }
}