{
    "Num species": 1,
    "Species 0 num animals": 60,
    "Species 0 top fitness": 47.26821254396561,
    "Species 0 mean fitness": -39.74156058203514,
    "Species 0 std fitness": 70.06007357714974,
    "Species 0 top animal N hidden neurons": 0,
    "Species 0 top animal N synapses": 6,
    "Species 0 top animal": {
        "neurons": {
            "0": {
                "type": "i",
                "bias": 0.26566926849669387
            },
            "1": {
                "type": "i",
                "bias": 0.14640739535529437
            },
            "2": {
                "type": "i",
                "bias": 0.18169301166203478
            },
            "3": {
                "type": "i",
                "bias": -0.05861111541299999
            },
            "4": {
                "type": "i",
                "bias": -0.06479527348571743
            },
            "5": {
                "type": "i",
                "bias": -0.0721103347471468
            },
            "6": {
                "type": "i",
                "bias": 0.32538108122055104
            },
            "7": {
                "type": "i",
                "bias": -0.2789922232148244
            },
            "8": {
                "type": "o",
                "bias": -0.08002960990355923
            },
            "9": {
                "type": "o",
                "bias": 0.09035890211549699
            },
            "10": {
                "type": "o",
                "bias": 0.03038027902917656
            },
            "11": {
                "type": "o",
                "bias": 0.05998424214005413
            }
        },
        "synapses": {
            "48": {
                "nrn_to": 10,
                "nrn_from": 3,
                "weight": -0.3557231908762504,
                "active": true
            },
            "33": {
                "nrn_to": 11,
                "nrn_from": 5,
                "weight": 0.5840587957537148,
                "active": true
            },
            "22": {
                "nrn_to": 8,
                "nrn_from": 1,
                "weight": 0.08464858927302552,
                "active": false
            },
            "23": {
                "nrn_to": 11,
                "nrn_from": 4,
                "weight": 0.3246338583366959,
                "active": true
            },
            "12": {
                "nrn_to": 10,
                "nrn_from": 4,
                "weight": -0.15273097069974514,
                "active": true
            },
            "45": {
                "nrn_to": 9,
                "nrn_from": 2,
                "weight": 0.4288696152696549,
                "active": true
            }
        }
    }
}