{
    "Num species": 3,
    "Species 2 num animals": 5,
    "Species 2 top fitness": -65.94312166587878,
    "Species 2 mean fitness": -136.1022974023164,
    "Species 2 std fitness": 122.13825084523513,
    "Species 2 top animal N hidden neurons": 2,
    "Species 2 top animal N synapses": 22,
    "Species 2 top animal": {
        "neurons": {
            "0": {
                "type": "i",
                "bias": 0.11536254936657958
            },
            "1": {
                "type": "i",
                "bias": 0.12880331833882877
            },
            "2": {
                "type": "i",
                "bias": 0.10345295625209956
            },
            "3": {
                "type": "i",
                "bias": -0.46598129826541446
            },
            "4": {
                "type": "i",
                "bias": 0.2240378271188047
            },
            "5": {
                "type": "i",
                "bias": 0.33445634722577816
            },
            "6": {
                "type": "i",
                "bias": -0.14572481734201342
            },
            "7": {
                "type": "i",
                "bias": 0.1755692160676809
            },
            "8": {
                "type": "o",
                "bias": -0.022204489843756475
            },
            "9": {
                "type": "o",
                "bias": -0.28387437509567864
            },
            "10": {
                "type": "o",
                "bias": 0.38265659701240146
            },
            "11": {
                "type": "o",
                "bias": -0.14014089023490028
            },
            "87": {
                "type": "h",
                "bias": -0.06519320159559198
            },
            "103": {
                "type": "h",
                "bias": -0.019046667798219445
            }
        },
        "synapses": {
            "12": {
                "nrn_to": 10,
                "nrn_from": 6,
                "weight": -2.94778967196513,
                "active": true
            },
            "13": {
                "nrn_to": 8,
                "nrn_from": 1,
                "weight": 0.9373789098845395,
                "active": true
            },
            "14": {
                "nrn_to": 9,
                "nrn_from": 1,
                "weight": 0.3757512071319315,
                "active": true
            },
            "15": {
                "nrn_to": 9,
                "nrn_from": 5,
                "weight": 0.3602963248435107,
                "active": true
            },
            "16": {
                "nrn_to": 8,
                "nrn_from": 6,
                "weight": -0.2691950005548407,
                "active": true
            },
            "17": {
                "nrn_to": 10,
                "nrn_from": 3,
                "weight": -0.03073425721819765,
                "active": true
            },
            "88": {
                "active": true,
                "nrn_to": 87,
                "nrn_from": 5,
                "weight": 0.8652022937525337
            },
            "25": {
                "nrn_to": 10,
                "nrn_from": 7,
                "weight": 0.4393253079033103,
                "active": true
            },
            "89": {
                "active": true,
                "nrn_to": 11,
                "nrn_from": 87,
                "weight": 0.4132754989551623
            },
            "27": {
                "nrn_to": 10,
                "nrn_from": 1,
                "weight": 0.26847956200201706,
                "active": false
            },
            "90": {
                "nrn_to": 8,
                "nrn_from": 87,
                "weight": -0.26458905375999814,
                "active": true
            },
            "30": {
                "nrn_to": 11,
                "nrn_from": 5,
                "weight": 0.32458582655036705,
                "active": false
            },
            "31": {
                "nrn_to": 11,
                "nrn_from": 1,
                "weight": 0.30882066891564997,
                "active": false
            },
            "98": {
                "nrn_to": 87,
                "nrn_from": 7,
                "weight": 0.1494377419967089,
                "active": true
            },
            "36": {
                "nrn_to": 11,
                "nrn_from": 2,
                "weight": -0.554205239413131,
                "active": true
            },
            "37": {
                "nrn_to": 9,
                "nrn_from": 6,
                "weight": 0.13085605983148776,
                "active": false
            },
            "38": {
                "nrn_to": 8,
                "nrn_from": 0,
                "weight": 0.46549781017399583,
                "active": true
            },
            "104": {
                "active": true,
                "nrn_to": 103,
                "nrn_from": 6,
                "weight": 1.0595286192061628
            },
            "41": {
                "nrn_to": 11,
                "nrn_from": 7,
                "weight": -0.003479261408116552,
                "active": false
            },
            "105": {
                "active": true,
                "nrn_to": 9,
                "nrn_from": 103,
                "weight": 0.2877876819213161
            },
            "45": {
                "nrn_to": 11,
                "nrn_from": 0,
                "weight": 0.21192423749088732,
                "active": false
            },
            "46": {
                "nrn_to": 9,
                "nrn_from": 0,
                "weight": 0.7270577306512196,
                "active": true
            }
        }
    },
    "Species 1 num animals": 5,
    "Species 1 top fitness": -44.92109866233651,
    "Species 1 mean fitness": -58.6667398164701,
    "Species 1 std fitness": 13.768978993287243,
    "Species 1 top animal N hidden neurons": 1,
    "Species 1 top animal N synapses": 20,
    "Species 1 top animal": {
        "neurons": {
            "0": {
                "type": "i",
                "bias": -0.03974472045634876
            },
            "1": {
                "type": "i",
                "bias": 0.044537733977636926
            },
            "2": {
                "type": "i",
                "bias": 0.1813167301054574
            },
            "3": {
                "type": "i",
                "bias": -0.9024475192251257
            },
            "4": {
                "type": "i",
                "bias": 0.13583377200361052
            },
            "5": {
                "type": "i",
                "bias": 0.3660907688993026
            },
            "6": {
                "type": "i",
                "bias": -0.11282214674070415
            },
            "7": {
                "type": "i",
                "bias": 0.04419698921179677
            },
            "8": {
                "type": "o",
                "bias": -0.04767969149803578
            },
            "9": {
                "type": "o",
                "bias": -0.18178299121185187
            },
            "10": {
                "type": "o",
                "bias": 0.27611705110692353
            },
            "11": {
                "type": "o",
                "bias": -0.1336194936181399
            },
            "87": {
                "type": "h",
                "bias": -0.03306568052348028
            }
        },
        "synapses": {
            "12": {
                "nrn_to": 10,
                "nrn_from": 6,
                "weight": -1.668750152258715,
                "active": true
            },
            "13": {
                "nrn_to": 8,
                "nrn_from": 1,
                "weight": 0.846478306130787,
                "active": true
            },
            "15": {
                "nrn_to": 9,
                "nrn_from": 5,
                "weight": 1.0254839171581716,
                "active": true
            },