{
    "Num species": 1,
    "Species 0 num animals": 60,
    "Species 0 top fitness": -87.49584482876254,
    "Species 0 mean fitness": -213.8276740857628,
    "Species 0 std fitness": 157.32864359783778,
    "Species 0 top animal N hidden neurons": 0,
    "Species 0 top animal N synapses": 2,
    "Species 0 top animal": {
        "neurons": {
            "0": {
                "type": "i",
                "bias": -0.16618482568987641
            },
            "1": {
                "type": "i",
                "bias": -0.04311540648704307
            },
            "2": {
                "type": "i",
                "bias": 0.07611146775533212
            },
            "3": {
                "type": "i",
                "bias": -0.0700188285855958
            },
            "4": {
                "type": "i",
                "bias": 0.04308157357423811
            },
            "5": {
                "type": "i",
                "bias": 0.0
            },
            "6": {
                "type": "i",
                "bias": 0.0626123106543688
            },
            "7": {
                "type": "i",
                "bias": -0.06354403130461722
            },
            "8": {
                "type": "o",
                "bias": 0.14466233350065597
            },
            "9": {
                "type": "o",
                "bias": -0.04782407187191809
            },
            "10": {
                "type": "o",
                "bias": 0.12456413448207132
            },
            "11": {
                "type": "o",
                "bias": 0.07244545889150247
            }
        },
        "synapses": {
            "32": {
                "nrn_to": 11,
                "nrn_from": 7,
                "weight": 0.09476470434622854,
                "active": true
            },
            "46": {
                "nrn_to": 11,
                "nrn_from": 6,
                "weight": -0.12574233919390826,
                "active": true
            }
        }
    }
}