{
    "Num species": 1,
    "Species 0 num animals": 60,
    "Species 0 top fitness": -27.539224063326945,
    "Species 0 mean fitness": -134.90010246986625,
    "Species 0 std fitness": 94.6911986288514,
    "Species 0 top animal N hidden neurons": 0,
    "Species 0 top animal N synapses": 7,
    "Species 0 top animal": {
        "neurons": {
            "0": {
                "type": "i",
                "bias": 0.13944319587697682
            },
            "1": {
                "type": "i",
                "bias": -0.11251198863508337
            },
            "2": {
                "type": "i",
                "bias": -0.24100519619587107
            },
            "3": {
                "type": "i",
                "bias": -0.11456782693834112
            },
            "4": {
                "type": "i",
                "bias": 0.3016859998816587
            },
            "5": {
                "type": "i",
                "bias": -0.035410692006211976
            },
            "6": {
                "type": "i",
                "bias": 0.2993999387503037
            },
            "7": {
                "type": "i",
                "bias": -0.004792123217097488
            },
            "8": {
                "type": "o",
                "bias": -0.01721333325301419
            },
            "9": {
                "type": "o",
                "bias": 0.05959794567180156
            },
            "10": {
                "type": "o",
                "bias": 0.004822998337079144
            },
            "11": {
                "type": "o",
                "bias": 0.0
            }
        },
        "synapses": {
            "17": {
                "nrn_to": 8,
                "nrn_from": 1,
                "weight": 0.5386275367271597,
                "active": true
            },
            "34": {
                "nrn_to": 11,
                "nrn_from": 1,
                "weight": 0.4905719643347008,
                "active": true
            },
            "50": {
                "nrn_to": 9,
                "nrn_from": 2,
                "weight": 0.3118485746180131,
                "active": true
            },
            "25": {
                "nrn_to": 9,
                "nrn_from": 5,
                "weight": -0.3622352633948136,
                "active": true
            },
            "26": {
                "nrn_to": 11,
                "nrn_from": 4,
                "weight": 0.42668945325550833,
                "active": true
            },
            "27": {
                "nrn_to": 10,
                "nrn_from": 3,
                "weight": -0.22757113337014145,
                "active": true
            },
            "14": {
                "nrn_to": 10,
                "nrn_from": 4,
                "weight": -0.0720108402757913,
                "active": false
            }
        }
    }
}