{
    "Num species": 1,
    "Species 0 num animals": 30,
    "Species 0 top fitness": -80.5295200048165,
    "Species 0 mean fitness": -134.84719220523894,
    "Species 0 std fitness": 57.66203262901498,
    "Species 0 top animal N hidden neurons": 0,
    "Species 0 top animal N synapses": 10,
    "Species 0 top animal": {
        "neurons": {
            "0": {
                "type": "i",
                "bias": 0.1587507566736036
            },
            "1": {
                "type": "i",
                "bias": -0.09855638769727135
            },
            "2": {
                "type": "i",
                "bias": 0.15050830600548698
            },
            "3": {
                "type": "i",
                "bias": -0.08474918960337839
            },
            "4": {
                "type": "i",
                "bias": 0.36318341021404216
            },
            "5": {
                "type": "i",
                "bias": 0.31832863849471876
            },
            "6": {
                "type": "i",
                "bias": 0.07740663579575448
            },
            "7": {
                "type": "i",
                "bias": 0.006246188479499218
            },
            "8": {
                "type": "o",
                "bias": -0.06501886186702766
            },
            "9": {
                "type": "o",
                "bias": -0.089842758961644
            },
            "10": {
                "type": "o",
                "bias": 0.17394273989090842
            },
            "11": {
                "type": "o",
                "bias": -0.1877712949664411
            }
        },
        "synapses": {
            "36": {
                "nrn_to": 11,
                "nrn_from": 2,
                "weight": -0.570025487788937,
                "active": true
            },
            "41": {
                "nrn_to": 11,
                "nrn_from": 7,
                "weight": 0.0314219267161616,
                "active": false
            },
            "12": {
                "nrn_to": 10,
                "nrn_from": 6,
                "weight": -0.8169303209893899,
                "active": true
            },
            "13": {
                "nrn_to": 8,
                "nrn_from": 1,
                "weight": 0.4513075068547679,
                "active": true
            },
            "46": {
                "nrn_to": 9,
                "nrn_from": 0,
                "weight": 0.5824339622704143,
                "active": true
            },
            "45": {
                "nrn_to": 11,
                "nrn_from": 0,
                "weight": 0.27779209460050125,
                "active": true
            },
            "16": {
                "nrn_to": 8,
                "nrn_from": 6,
                "weight": -0.3696448364699332,
                "active": true
            },
            "27": {
                "nrn_to": 10,
                "nrn_from": 1,
                "weight": 0.054843395504782566,
                "active": false
            },
            "31": {
                "nrn_to": 11,
                "nrn_from": 1,
                "weight": 0.19060320097862893,
                "active": true
            },
            "39": {
                "nrn_to": 8,
                "nrn_from": 4,
                "weight": 0.01763017850768865,
                "active": true
            }
        }
    }
}