{
    "Num species": 1,
    "Species 0 num animals": 30,
    "Species 0 top fitness": -63.378217069295246,
    "Species 0 mean fitness": -146.37644697082933,
    "Species 0 std fitness": 64.31328411069502,
    "Species 0 top animal N hidden neurons": 0,
    "Species 0 top animal N synapses": 8,
    "Species 0 top animal": {
        "neurons": {
            "0": {
                "type": "i",
                "bias": 0.2971332034605897
            },
            "1": {
                "type": "i",
                "bias": -0.07045439846270088
            },
            "2": {
                "type": "i",
                "bias": 0.2816117377030381
            },
            "3": {
                "type": "i",
                "bias": -0.12394725310355711
            },
            "4": {
                "type": "i",
                "bias": 0.18626316447929542
            },
            "5": {
                "type": "i",
                "bias": 0.2583013769201957
            },
            "6": {
                "type": "i",
                "bias": -0.02926228105218112
            },
            "7": {
                "type": "i",
                "bias": 0.07757943669081795
            },
            "8": {
                "type": "o",
                "bias": -0.2119346699833971
            },
            "9": {
                "type": "o",
                "bias": -0.005056953023472121
            },
            "10": {
                "type": "o",
                "bias": 0.1130547082760326
            },
            "11": {
                "type": "o",
                "bias": -0.17540685979951035
            }
        },
        "synapses": {
            "36": {
                "nrn_to": 11,
                "nrn_from": 2,
                "weight": -0.5778611129955934,
                "active": true
            },
            "41": {
                "nrn_to": 11,
                "nrn_from": 7,
                "weight": -0.07652304583312794,
                "active": true
            },
            "12": {
                "nrn_to": 10,
                "nrn_from": 6,
                "weight": -0.9104199605610359,
                "active": true
            },
            "13": {
                "nrn_to": 8,
                "nrn_from": 1,
                "weight": 0.46526313001574043,
                "active": true
            },
            "46": {
                "nrn_to": 9,
                "nrn_from": 0,
                "weight": 0.3619489900818889,
                "active": true
            },
            "45": {
                "nrn_to": 11,
                "nrn_from": 0,
                "weight": 0.4824590834197906,
                "active": true
            },
            "27": {
                "nrn_to": 10,
                "nrn_from": 1,
                "weight": 0.007435534438491896,
                "active": true
            },
            "31": {
                "nrn_to": 11,
                "nrn_from": 1,
                "weight": 0.10229073783852488,
                "active": true
            }
        }
    }
}