{
    "Num species": 2,
    "Species 0 num animals": 18,
    "Species 0 top fitness": -60.185044401870975,
    "Species 0 mean fitness": -196.38031872091753,
    "Species 0 std fitness": 298.4743207871708,
    "Species 0 top animal N hidden neurons": 0,
    "Species 0 top animal N synapses": 8,
    "Species 0 top animal": {
        "neurons": {
            "0": {
                "type": "i",
                "bias": 0.5273800630242886
            },
            "1": {
                "type": "i",
                "bias": 0.09016672546977966
            },
            "2": {
                "type": "i",
                "bias": -0.4004824866026164
            },
            "3": {
                "type": "i",
                "bias": 0.4191200234149945
            },
            "4": {
                "type": "i",
                "bias": -0.23635825920561535
            },
            "5": {
                "type": "i",
                "bias": -0.4734337845960167
            },
            "6": {
                "type": "i",
                "bias": 0.1732887432563725
            },
            "7": {
                "type": "i",
                "bias": 0.11323971555728451
            },
            "8": {
                "type": "o",
                "bias": -0.16545366783628263
            },
            "9": {
                "type": "o",
                "bias": 0.06475410203845942
            },
            "10": {
                "type": "o",
                "bias": 0.05608688227060937
            },
            "11": {
                "type": "o",
                "bias": 0.03138173362696133
            }
        },
        "synapses": {
            "32": {
                "nrn_to": 8,
                "nrn_from": 1,
                "weight": 0.17472418843817702,
                "active": true
            },
            "33": {
                "nrn_to": 10,
                "nrn_from": 5,
                "weight": 0.17006232383331027,
                "active": true
            },
            "34": {
                "nrn_to": 8,
                "nrn_from": 6,
                "weight": -0.2725605946635785,
                "active": true
            },
            "22": {
                "nrn_to": 11,
                "nrn_from": 0,
                "weight": -0.48404915615109023,
                "active": true
            },
            "13": {
                "nrn_to": 9,
                "nrn_from": 4,
                "weight": -0.1829054974368311,
                "active": true
            },
            "14": {
                "nrn_to": 8,
                "nrn_from": 5,
                "weight": 0.6678973076244421,
                "active": true
            },
            "31": {
                "nrn_to": 11,
                "nrn_from": 5,
                "weight": 1.0194301246276354,
                "active": true
            },
            "21": {
                "nrn_to": 11,
                "nrn_from": 4,
                "weight": 0.26382822012936696,
                "active": true
            }
        }
    },
    "Species 1 num animals": 42,
    "Species 1 top fitness": -11.542216901856142,
    "Species 1 mean fitness": -69.0206237001341,
    "Species 1 std fitness": 70.27677885979972,
    "Species 1 top animal N hidden neurons": 0,
    "Species 1 top animal N synapses": 9,
    "Species 1 top animal": {
        "neurons": {
            "0": {
                "type": "i",
                "bias": 0.13871382933508872
            },
            "1": {
                "type": "i",
                "bias": 0.15105926166264388
            },
            "2": {
                "type": "i",
                "bias": -0.13454808240578542
            },
            "3": {
                "type": "i",
                "bias": 0.21823174773963946
            },
            "4": {
                "type": "i",
                "bias": -0.3087926202310686
            },
            "5": {
                "type": "i",
                "bias": -0.0882840269641617
            },
            "6": {
                "type": "i",
                "bias": 0.04523631234932983
            },
            "7": {
                "type": "i",
                "bias": -0.06512308786149879
            },
            "8": {
                "type": "o",
                "bias": -0.18272057918393905
            },
            "9": {
                "type": "o",
                "bias": -0.007546318566990114
            },
            "10": {
                "type": "o",
                "bias": 0.10588697592930439
            },
            "11": {
                "type": "o",
                "bias": 0.17021260212043543
            }
        },
        "synapses": {
            "32": {
                "nrn_to": 8,
                "nrn_from": 1,
                "weight": 0.3126489340711633,
                "active": true
            },
            "41": {
                "nrn_to": 10,
                "nrn_from": 4,
                "weight": 0.1097302010911997,
                "active": true
            },
            "43": {
                "nrn_to": 9,
                "nrn_from": 1,
                "weight": 0.28865149643189786,
                "active": true
            },
            "13": {
                "nrn_to": 9,
                "nrn_from": 4,
                "weight": -0.28147944641770345,
                "active": true
            },
            "14": {
                "nrn_to": 8,
                "nrn_from": 5,
                "weight": 0.28236527718809323,
                "active": true
            },
            "18": {
                "nrn_to": 9,
                "nrn_from": 3,
                "weight": 0.08530043737086028,
                "active": true
            },
            "24": {
                "nrn_to": 10,
                "nrn_from": 7,
                "weight": 0.17141520617007783,
                "active": true
            },
            "26": {
                "nrn_to": 11,
                "nrn_from": 7,
                "weight": 0.23252469644481194,
                "active": false
            },
            "31": {
                "nrn_to": 11,
                "nrn_from": 5,
                "weight": 1.043334559890347,
                "active": true
            }
        }
    }
}