{
    "Num species": 1,
    "Species 0 num animals": 60,
    "Species 0 top fitness": -82.37573985780921,
    "Species 0 mean fitness": -110.83240471238938,
    "Species 0 std fitness": 15.492786496654096,
    "Species 0 top animal N hidden neurons": 0,
    "Species 0 top animal N synapses": 4,
    "Species 0 top animal": {
        "neurons": {
            "0": {
                "type": "i",
                "bias": 0.0619326699694997
            },
            "1": {
                "type": "i",
                "bias": -0.13265371083990618
            },
            "2": {
                "type": "i",
                "bias": 0.08752226877238922
            },
            "3": {
                "type": "i",
                "bias": 0.02364036727025197
            },
            "4": {
                "type": "i",
                "bias": 0.13830080077775925
            },
            "5": {
                "type": "i",
                "bias": -0.020991608803549947
            },
            "6": {
                "type": "i",
                "bias": -0.04975138368574499
            },
            "7": {
                "type": "i",
                "bias": -0.03388042564705998
            },
            "8": {
                "type": "o",
                "bias": 0.06010519702767139
            },
            "9": {
                "type": "o",
                "bias": 0.11080923437746243
            },
            "10": {
                "type": "o",
                "bias": 0.01835248785972048
            },
            "11": {
                "type": "o",
                "bias": -0.055823148927893
            }
        },
        "synapses": {
            "33": {
                "nrn_to": 10,
                "nrn_from": 3,
                "weight": -0.17560898590731125,
                "active": true
            },
            "26": {
                "nrn_to": 9,
                "nrn_from": 2,
                "weight": 0.48663847175737995,
                "active": true
            },
            "13": {
                "nrn_to": 8,
                "nrn_from": 1,
                "weight": 0.4551167545886112,
                "active": true
            },
            "34": {
                "nrn_to": 10,
                "nrn_from": 7,
                "weight": -0.043612039364972474,
                "active": true
            }
        }
    }
}