{
    "Num species": 4,
    "Species 0 num animals": 13,
    "Species 0 top fitness": -45.72276129657177,
    "Species 0 mean fitness": -86.9949050419121,
    "Species 0 std fitness": 47.227868458419806,
    "Species 0 top animal N hidden neurons": 0,
    "Species 0 top animal N synapses": 10,
    "Species 0 top animal": {
        "neurons": {
            "0": {
                "type": "i",
                "bias": 0.22739938654474884
            },
            "1": {
                "type": "i",
                "bias": 0.22505808049176382
            },
            "2": {
                "type": "i",
                "bias": 0.34269062291469266
            },
            "3": {
                "type": "i",
                "bias": -0.09310320578418546
            },
            "4": {
                "type": "i",
                "bias": 0.2797424704312266
            },
            "5": {
                "type": "i",
                "bias": -0.15731224855212866
            },
            "6": {
                "type": "i",
                "bias": -0.6216997953769096
            },
            "7": {
                "type": "i",
                "bias": 0.10123675565453977
            },
            "8": {
                "type": "o",
                "bias": -0.13833296095808298
            },
            "9": {
                "type": "o",
                "bias": -0.39613390835845796
            },
            "10": {
                "type": "o",
                "bias": 0.07730251976019163
            },
            "11": {
                "type": "o",
                "bias": 0.07897673700576785
            }
        },
        "synapses": {
            "38": {
                "nrn_to": 9,
                "nrn_from": 3,
                "weight": 0.0030131171469170155,
                "active": false
            },
            "39": {
                "nrn_to": 10,
                "nrn_from": 5,
                "weight": -0.36913897025813336,
                "active": true
            },
            "43": {
                "nrn_to": 8,
                "nrn_from": 0,
                "weight": 0.05830886688122493,
                "active": false
            },
            "12": {
                "nrn_to": 9,
                "nrn_from": 4,
                "weight": -0.9195086856851518,
                "active": true
            },
            "13": {
                "nrn_to": 9,
                "nrn_from": 2,
                "weight": 0.1460185124424449,
                "active": true
            },
            "17": {
                "nrn_to": 8,
                "nrn_from": 6,
                "weight": -0.20280836028470986,
                "active": false
            },
            "21": {
                "nrn_to": 8,
                "nrn_from": 1,
                "weight": 0.3426141545576622,
                "active": true
            },
            "53": {
                "nrn_to": 11,
                "nrn_from": 7,
                "weight": 0.584553949845368,
                "active": true
            },
            "23": {
                "nrn_to": 8,
                "nrn_from": 7,
                "weight": -0.5178852741820535,
                "active": true
            },
            "29": {
                "nrn_to": 11,
                "nrn_from": 4,
                "weight": 0.9633595772263689,
                "active": true
            }
        }
    },
    "Species 2 num animals": 7,
    "Species 2 top fitness": -24.180056652792533,
    "Species 2 mean fitness": -84.16676196684361,
    "Species 2 std fitness": 38.437049842096066,
    "Species 2 top animal N hidden neurons": 0,
    "Species 2 top animal N synapses": 9,
    "Species 2 top animal": {
        "neurons": {
            "0": {
                "type": "i",
                "bias": 0.09237648966676845
            },
            "1": {
                "type": "i",
                "bias": 0.11549274028346185
            },
            "2": {
                "type": "i",
                "bias": 0.38998654154159584
            },
            "3": {
                "type": "i",
                "bias": -0.016941817972193296
            },
            "4": {
                "type": "i",
                "bias": 0.06777878928518673
            },
            "5": {
                "type": "i",
                "bias": -0.13746859483179216
            },
            "6": {
                "type": "i",
                "bias": -0.38293068246781625
            },
            "7": {
                "type": "i",
                "bias": -0.009695769545552388
            },
            "8": {
                "type": "o",
                "bias": -0.1382450899167449
            },
            "9": {
                "type": "o",
                "bias": -0.31068356135816466
            },
            "10": {
                "type": "o",
                "bias": 0.11126508145275463
            },
            "11": {
                "type": "o",
                "bias": 0.10586343517128333
            }
        },
        "synapses": {
            "39": {
                "nrn_to": 10,
                "nrn_from": 5,
                "weight": -1.0569412541187944,
                "active": true
            },
            "43": {
                "nrn_to": 8,
                "nrn_from": 0,
                "weight": 0.06844203686369182,
                "active": false
            },
            "12": {
                "nrn_to": 9,
                "nrn_from": 4,
                "weight": -1.7298205122926464,
                "active": true
            },
            "13": {
                "nrn_to": 9,
                "nrn_from": 2,
                "weight": 0.07679949385674556,
                "active": false
            },
            "17": {
                "nrn_to": 8,
                "nrn_from": 6,
                "weight": -0.35911367705915687,
                "active": true
            },
            "21": {
                "nrn_to": 8,
                "nrn_from": 1,
                "weight": 0.37577430417725977,
                "active": true
            },
            "53": {
                "nrn_to": 11,
                "nrn_from": 7,
                "weight": 0.584553949845368,
                "active": true
            },
            "23": {
                "nrn_to": 8,
                "nrn_from": 7,
                "weight": -1.8933944331248909,
                "active": true
            },
            "29": {
                "nrn_to": 11,
                "nrn_from": 4,
                "weight": 1.0868167648977913,
                "active": true
            }
        }
    },
    "Species 1 num animals": 28,
    "Species 1 top fitness": -42.249873911583194,
    "Species 1 mean fitness": -95.53113931470806,
    "Species 1 std fitness": 69.94711325626264,
    "Species 1 top animal N hidden neurons": 0,
    "Species 1 top animal N synapses": 8,
    "Species 1 top animal": {
        "neurons": {
            "0": {
                "type": "i",
                "bias": 0.13008308975102179
            },
            "1": {
                "type": "i",
                "bias": 0.1621434776292224
            },
            "2": {
                "type": "i",
                "bias": -0.08804704114701192
            },
            "3": {
                "type": "i",
                "bias": -0.1030490416546069
            },
            "4": {
                "type": "i",
                "bias": 0.134616840979085
            },
            "5": {
                "type": "i",
                "bias": 0.07922376031791437
            },
            "6": {
                "type": "i",
                "bias": -0.02570724290709308
            },
            "7": {
                "type": "i",
                "bias": 0.25905597086311277
            },
            "8": {
                "type": "o",
                "bias": -0.17924080755855107
            },
            "9": {
                "type": "o",