{
    "Num species": 3,
    "Species 1 num animals": 34,
    "Species 1 top fitness": 132.29545646384383,
    "Species 1 mean fitness": 34.375330960499305,
    "Species 1 std fitness": 56.16802607893313,
    "Species 1 top animal N hidden neurons": 0,
    "Species 1 top animal N synapses": 9,
    "Species 1 top animal": {
        "neurons": {
            "0": {
                "type": "i",
                "bias": -0.01029347244623946
            },
            "1": {
                "type": "i",
                "bias": -0.04946276784268308
            },
            "2": {
                "type": "i",
                "bias": -0.20910275965296124
            },
            "3": {
                "type": "i",
                "bias": 0.590600028258119
            },
            "4": {
                "type": "i",
                "bias": 0.7873388760322005
            },
            "5": {
                "type": "i",
                "bias": 0.3796490743823078
            },
            "6": {
                "type": "i",
                "bias": -0.058798309901551916
            },
            "7": {
                "type": "i",
                "bias": -0.3479045386480774
            },
            "8": {
                "type": "o",
                "bias": -0.2953740618442906
            },
            "9": {
                "type": "o",
                "bias": -0.019408297590612668
            },
            "10": {
                "type": "o",
                "bias": 0.09870202510570666
            },
            "11": {
                "type": "o",
                "bias": 0.15098019669327659
            }
        },
        "synapses": {
            "13": {
                "nrn_to": 11,
                "nrn_from": 0,
                "weight": -0.31364485648559864,
                "active": false
            },
            "15": {
                "nrn_to": 11,
                "nrn_from": 5,
                "weight": 0.2133796388680898,
                "active": false
            },
            "16": {
                "nrn_to": 8,
                "nrn_from": 1,
                "weight": 0.22777811636948633,
                "active": false
            },
            "22": {
                "nrn_to": 9,
                "nrn_from": 0,
                "weight": 1.5395795378612318,
                "active": true
            },
            "23": {
                "nrn_to": 9,
                "nrn_from": 7,
                "weight": -0.5526953155498302,
                "active": true
            },
            "24": {
                "nrn_to": 9,
                "nrn_from": 4,
                "weight": -2.843334380667964,
                "active": true
            },
            "25": {
                "nrn_to": 10,
                "nrn_from": 5,
                "weight": 0.08902847763239119,
                "active": false
            },
            "28": {
                "nrn_to": 11,
                "nrn_from": 3,
                "weight": 0.24232963672801203,
                "active": true
            },
            "30": {
                "nrn_to": 9,
                "nrn_from": 5,
                "weight": -0.3877322266851192,
                "active": true
            }
        }
    },
    "Species 2 num animals": 11,
    "Species 2 top fitness": -27.68090051035859,
    "Species 2 mean fitness": -80.97601291227808,
    "Species 2 std fitness": 61.11378778541889,
    "Species 2 top animal N hidden neurons": 1,
    "Species 2 top animal N synapses": 12,
    "Species 2 top animal": {
        "neurons": {
            "0": {
                "type": "i",
                "bias": 0.3936989383736725
            },
            "1": {
                "type": "i",
                "bias": 0.10871416136068812
            },
            "2": {
                "type": "i",
                "bias": -0.2725907451276126
            },
            "3": {
                "type": "i",
                "bias": 0.30956555142477615
            },
            "4": {
                "type": "i",
                "bias": 0.19683270611721226
            },
            "5": {
                "type": "i",
                "bias": 0.18158682930714024
            },
            "6": {
                "type": "i",
                "bias": 0.007709065132069773
            },
            "7": {
                "type": "i",
                "bias": -0.3801173183738472
            },
            "8": {
                "type": "o",
                "bias": -0.14251736498531636
            },
            "9": {
                "type": "o",
                "bias": 0.013290616897492082
            },
            "10": {
                "type": "o",
                "bias": 0.06317409378524666
            },
            "11": {
                "type": "o",
                "bias": -0.08734318703114077
            },
            "147": {
                "type": "h",
                "bias": -0.03671794945676843
            }
        },
        "synapses": {
            "34": {
                "nrn_to": 10,
                "nrn_from": 7,
                "weight": 0.12080881200783683,
                "active": true
            },
            "163": {
                "nrn_to": 147,
                "nrn_from": 4,
                "weight": 0.06189039494351707,
                "active": true
            },
            "36": {
                "nrn_to": 11,
                "nrn_from": 4,
                "weight": 1.903392910761396,
                "active": true
            },
            "41": {
                "nrn_to": 8,
                "nrn_from": 5,
                "weight": -0.13032129748021964,
                "active": false
            },
            "13": {
                "nrn_to": 11,
                "nrn_from": 0,
                "weight": -0.14122197950278978,
                "active": false
            },
            "15": {
                "nrn_to": 11,
                "nrn_from": 5,
                "weight": 0.5511414751750848,
                "active": true
            },
            "16": {
                "nrn_to": 8,
                "nrn_from": 1,
                "weight": 0.22753987420818442,
                "active": true
            },
            "148": {
                "active": true,
                "nrn_to": 147,
                "nrn_from": 5,
                "weight": 1.1259318722158034
            },
            "149": {
                "active": false,
                "nrn_to": 8,
                "nrn_from": 147,
                "weight": -0.24559158548957055
            },
            "23": {
                "nrn_to": 9,
                "nrn_from": 7,
                "weight": 0.015674195368754088,
                "active": false
            },
            "24": {
                "nrn_to": 9,
                "nrn_from": 4,
                "weight": -1.0702060456911813,
                "active": true
            },
            "166": {
                "nrn_to": 147,
                "nrn_from": 2,
                "weight": 0.32338833452835364,
                "active": true
            }
        }
    },
    "Species 0 num animals": 15,
    "Species 0 top fitness": 122.07341451893073,
    "Species 0 mean fitness": 26.38113699551825,
    "Species 0 std fitness": 107.6531354798308,
    "Species 0 top animal N hidden neurons": 0,
    "Species 0 top animal N synapses": 9,
    "Species 0 top animal": {
        "neurons": {
            "0": {
                "type": "i",
                "bias": 0.07076346915865768
            },
            "1": {
                "type": "i",
                "bias": -0.1565337034320067
            },
            "2": {
                "type": "i",
                "bias": -0.2145074048084439
            },
            "3": {
                "type": "i",
                "bias": 1.090656383736628
            },
            "4": {
                "type": "i",
                "bias": 0.43949698891804106
            },