{
    "Num species": 1,
    "Species 0 num animals": 60,
    "Species 0 top fitness": 125.56305810684864,
    "Species 0 mean fitness": -6.136921239214914,
    "Species 0 std fitness": 91.67420982008782,
    "Species 0 top animal N hidden neurons": 0,
    "Species 0 top animal N synapses": 7,
    "Species 0 top animal": {
        "neurons": {
            "0": {
                "type": "i",
                "bias": 0.5313385369933877
            },
            "1": {
                "type": "i",
                "bias": 0.23883637443357125
            },
            "2": {
                "type": "i",
                "bias": 0.39185252718757047
            },
            "3": {
                "type": "i",
                "bias": -0.04813206630520958
            },
            "4": {
                "type": "i",
                "bias": -0.11488884065692963
            },
            "5": {
                "type": "i",
                "bias": -0.07619027700077577
            },
            "6": {
                "type": "i",
                "bias": 0.5860977299120899
            },
            "7": {
                "type": "i",
                "bias": -0.33649739567502074
            },
            "8": {
                "type": "o",
                "bias": 0.017760691456262197
            },
            "9": {
                "type": "o",
                "bias": 0.17026746347365396
            },
            "10": {
                "type": "o",
                "bias": 0.01451304651010838
            },
            "11": {
                "type": "o",
                "bias": 0.06566057471520338
            }
        },
        "synapses": {
            "48": {
                "nrn_to": 10,
                "nrn_from": 3,
                "weight": -0.34628989601034743,
                "active": true
            },
            "33": {
                "nrn_to": 11,
                "nrn_from": 5,
                "weight": 0.6401240975247925,
                "active": true
            },
            "36": {
                "nrn_to": 9,
                "nrn_from": 0,
                "weight": 0.08010958675176755,
                "active": true
            },
            "22": {
                "nrn_to": 8,
                "nrn_from": 1,
                "weight": 0.14201544393478766,
                "active": false
            },
            "23": {
                "nrn_to": 11,
                "nrn_from": 4,
                "weight": 0.6723544659014586,
                "active": true
            },
            "12": {
                "nrn_to": 10,
                "nrn_from": 4,
                "weight": -0.09201511513037058,
                "active": false
            },
            "45": {
                "nrn_to": 9,
                "nrn_from": 2,
                "weight": 0.3573514909013136,
                "active": true
            }
        }
    }
}