{
    "Num species": 1,
    "Species 0 num animals": 60,
    "Species 0 top fitness": -90.61759437548561,
    "Species 0 mean fitness": -169.86725102943507,
    "Species 0 std fitness": 109.73943223137547,
    "Species 0 top animal N hidden neurons": 0,
    "Species 0 top animal N synapses": 2,
    "Species 0 top animal": {
        "neurons": {
            "0": {
                "type": "i",
                "bias": -0.13931507795160275
            },
            "1": {
                "type": "i",
                "bias": -0.0466614203359178
            },
            "2": {
                "type": "i",
                "bias": -0.016481726072953038
            },
            "3": {
                "type": "i",
                "bias": 0.11329997714743549
            },
            "4": {
                "type": "i",
                "bias": -0.032593407627433936
            },
            "5": {
                "type": "i",
                "bias": -0.034305236275877664
            },
            "6": {
                "type": "i",
                "bias": 0.09876458852839631
            },
            "7": {
                "type": "i",
                "bias": 0.07812716305976374
            },
            "8": {
                "type": "o",
                "bias": 0.08033377358254112
            },
            "9": {
                "type": "o",
                "bias": 0.042554494137552634
            },
            "10": {
                "type": "o",
                "bias": 0.059353094651524
            },
            "11": {
                "type": "o",
                "bias": 0.023450771971724023
            }
        },
        "synapses": {
            "43": {
                "nrn_to": 9,
                "nrn_from": 3,
                "weight": 0.32082621146894486,
                "active": true
            },
            "44": {
                "nrn_to": 11,
                "nrn_from": 5,
                "weight": 0.4359570692654683,
                "active": true
            }
        }
    }
}