{
    "Num species": 4,
    "Species 2 num animals": 8,
    "Species 2 top fitness": 177.82621163685366,
    "Species 2 mean fitness": 116.19019891343173,
    "Species 2 std fitness": 44.593386358840995,
    "Species 2 top animal N hidden neurons": 0,
    "Species 2 top animal N synapses": 14,
    "Species 2 top animal": {
        "neurons": {
            "0": {
                "type": "i",
                "bias": 0.23840990267735857
            },
            "1": {
                "type": "i",
                "bias": -0.09583283214707267
            },
            "2": {
                "type": "i",
                "bias": 0.24001175419960669
            },
            "3": {
                "type": "i",
                "bias": -0.1939073716321759
            },
            "4": {
                "type": "i",
                "bias": 0.0007211034551923012
            },
            "5": {
                "type": "i",
                "bias": -0.17226700302830333
            },
            "6": {
                "type": "i",
                "bias": 0.030486073843404682
            },
            "7": {
                "type": "i",
                "bias": -0.43169229848876856
            },
            "8": {
                "type": "o",
                "bias": 0.08907911588788284
            },
            "9": {
                "type": "o",
                "bias": 0.12607878918786528
            },
            "10": {
                "type": "o",
                "bias": -0.08948217500464997
            },
            "11": {
                "type": "o",
                "bias": 0.01805583163376236
            }
        },
        "synapses": {
            "33": {
                "nrn_to": 10,
                "nrn_from": 7,
                "weight": 0.3048278775890387,
                "active": true
            },
            "34": {
                "nrn_to": 8,
                "nrn_from": 4,
                "weight": 0.6231357070367741,
                "active": true
            },
            "36": {
                "nrn_to": 10,
                "nrn_from": 2,
                "weight": 0.2149908700481095,
                "active": true
            },
            "39": {
                "nrn_to": 9,
                "nrn_from": 2,
                "weight": 1.4819713348849985,
                "active": true
            },
            "12": {
                "nrn_to": 8,
                "nrn_from": 0,
                "weight": 0.05322147712343325,
                "active": false
            },
            "14": {
                "nrn_to": 10,
                "nrn_from": 3,
                "weight": -2.0737703428535137,
                "active": true
            },
            "15": {
                "nrn_to": 8,
                "nrn_from": 2,
                "weight": 0.23358569364018308,
                "active": false
            },
            "20": {
                "nrn_to": 8,
                "nrn_from": 6,
                "weight": 0.2738336721728064,
                "active": true
            },
            "21": {
                "nrn_to": 11,
                "nrn_from": 6,
                "weight": -1.3182898176023536,
                "active": true
            },
            "22": {
                "nrn_to": 9,
                "nrn_from": 5,
                "weight": -0.048122027970016204,
                "active": false
            },
            "26": {
                "nrn_to": 11,
                "nrn_from": 4,
                "weight": 2.9719937233312157,
                "active": true
            },
            "27": {
                "nrn_to": 10,
                "nrn_from": 6,
                "weight": 0.11680988294630748,
                "active": false
            },
            "30": {
                "nrn_to": 9,
                "nrn_from": 6,
                "weight": 0.08415097869101232,
                "active": false
            },
            "31": {
                "nrn_to": 9,
                "nrn_from": 4,
                "weight": -0.03301699878860152,
                "active": true
            }
        }
    },
    "Species 4 num animals": 34,
    "Species 4 top fitness": 230.39400038901434,
    "Species 4 mean fitness": 119.99381686468618,
    "Species 4 std fitness": 71.70801137938068,
    "Species 4 top animal N hidden neurons": 0,
    "Species 4 top animal N synapses": 14,
    "Species 4 top animal": {
        "neurons": {
            "0": {
                "type": "i",
                "bias": 0.23982237482367863
            },
            "1": {
                "type": "i",
                "bias": 0.06312388708669799
            },
            "2": {
                "type": "i",
                "bias": 0.30855809438608117
            },
            "3": {
                "type": "i",
                "bias": -0.4331122772999304
            },
            "4": {
                "type": "i",
                "bias": -0.08224207552669084
            },
            "5": {
                "type": "i",
                "bias": -0.10662461814175636
            },
            "6": {
                "type": "i",
                "bias": 0.004797861599932368
            },
            "7": {
                "type": "i",
                "bias": -0.5464044833923942
            },
            "8": {
                "type": "o",
                "bias": -0.09306312818941506
            },
            "9": {
                "type": "o",
                "bias": 0.05302587849699476
            },
            "10": {
                "type": "o",
                "bias": -0.0885354736916299
            },
            "11": {
                "type": "o",
                "bias": 0.10511480149820014
            }
        },
        "synapses": {
            "33": {
                "nrn_to": 10,
                "nrn_from": 7,
                "weight": -0.06857813730309083,
                "active": false
            },
            "34": {
                "nrn_to": 8,
                "nrn_from": 4,
                "weight": 0.35438384866818734,
                "active": true
            },
            "36": {
                "nrn_to": 10,
                "nrn_from": 2,
                "weight": 0.32911054391005296,
                "active": false
            },
            "39": {
                "nrn_to": 9,
                "nrn_from": 2,
                "weight": 0.7389931759943285,
                "active": true
            },
            "41": {
                "nrn_to": 11,
                "nrn_from": 0,
                "weight": -0.2123248360182396,
                "active": true
            },
            "14": {
                "nrn_to": 10,
                "nrn_from": 3,
                "weight": -1.1088578350291536,
                "active": true
            },
            "18": {
                "nrn_to": 9,
                "nrn_from": 0,
                "weight": 0.46912999604833294,
                "active": true
            },
            "20": {
                "nrn_to": 8,
                "nrn_from": 6,
                "weight": 0.36714250409287913,
                "active": true
            },
            "21": {
                "nrn_to": 11,
                "nrn_from": 6,
                "weight": -0.36076633276553577,
                "active": true
            },
            "22": {
                "nrn_to": 9,
                "nrn_from": 5,
                "weight": -0.19460929107272076,
                "active": false
            },
            "55": {
                "nrn_to": 11,
                "nrn_from": 5,
                "weight": 0.3748735691555906,
                "active": true
            },
            "26": {
                "nrn_to": 11,
                "nrn_from": 4,
                "weight": 1.7450765021080565,
                "active": true
            },
            "27": {
                "nrn_to": 10,
                "nrn_from": 6,
                "weight": 0.19077419886835667,