{
    "Num species": 2,
    "Species 1 num animals": 20,
    "Species 1 top fitness": 32.891655098863374,
    "Species 1 mean fitness": -79.06608223938512,
    "Species 1 std fitness": 104.28378123500123,
    "Species 1 top animal N hidden neurons": 0,
    "Species 1 top animal N synapses": 8,
    "Species 1 top animal": {
        "neurons": {
            "0": {
                "type": "i",
                "bias": -0.20890582916908293
            },
            "1": {
                "type": "i",
                "bias": 0.29093116577244427
            },
            "2": {
                "type": "i",
                "bias": -0.15636442329556594
            },
            "3": {
                "type": "i",
                "bias": 0.07942861678336417
            },
            "4": {
                "type": "i",
                "bias": -0.03638902210184526
            },
            "5": {
                "type": "i",
                "bias": -0.07732990177679083
            },
            "6": {
                "type": "i",
                "bias": -0.16827012099181277
            },
            "7": {
                "type": "i",
                "bias": 0.13245155831332162
            },
            "8": {
                "type": "o",
                "bias": 0.15602122787679146
            },
            "9": {
                "type": "o",
                "bias": 0.019782375627422105
            },
            "10": {
                "type": "o",
                "bias": 0.0685990177876973
            },
            "11": {
                "type": "o",
                "bias": 0.008077755953106575
            }
        },
        "synapses": {
            "18": {
                "nrn_to": 8,
                "nrn_from": 5,
                "weight": 0.03348779027678762,
                "active": true
            },
            "19": {
                "nrn_to": 8,
                "nrn_from": 6,
                "weight": 0.18908290271194161,
                "active": false
            },
            "21": {
                "nrn_to": 8,
                "nrn_from": 1,
                "weight": 0.17837370122015925,
                "active": true
            },
            "22": {
                "nrn_to": 9,
                "nrn_from": 4,
                "weight": -2.401947958026495,
                "active": true
            },
            "40": {
                "nrn_to": 8,
                "nrn_from": 3,
                "weight": 0.45062704993734937,
                "active": true
            },
            "12": {
                "nrn_to": 9,
                "nrn_from": 2,
                "weight": 0.3964892347536461,
                "active": true
            },
            "30": {
                "nrn_to": 11,
                "nrn_from": 5,
                "weight": 0.33886497375551083,
                "active": true
            },
            "28": {
                "nrn_to": 11,
                "nrn_from": 0,
                "weight": 0.06634685660220506,
                "active": true
            }
        }
    },
    "Species 0 num animals": 40,
    "Species 0 top fitness": 171.7474427943714,
    "Species 0 mean fitness": 55.960304903995926,
    "Species 0 std fitness": 98.23493893165758,
    "Species 0 top animal N hidden neurons": 1,
    "Species 0 top animal N synapses": 13,
    "Species 0 top animal": {
        "neurons": {
            "0": {
                "type": "i",
                "bias": 0.4326605994516501
            },
            "1": {
                "type": "i",
                "bias": 0.09990698625840166
            },
            "2": {
                "type": "i",
                "bias": 0.07593262694936306
            },
            "3": {
                "type": "i",
                "bias": -0.003994146849766601
            },
            "4": {
                "type": "i",
                "bias": 0.10170401711019243
            },
            "5": {
                "type": "i",
                "bias": -0.14942410198615053
            },
            "6": {
                "type": "i",
                "bias": -0.0065659768442161565
            },
            "7": {
                "type": "i",
                "bias": 0.273564767100038
            },
            "8": {
                "type": "o",
                "bias": 0.101207170607619
            },
            "9": {
                "type": "o",
                "bias": 0.027562658682148113
            },
            "10": {
                "type": "o",
                "bias": -0.009873724483406971
            },
            "11": {
                "type": "o",
                "bias": 0.04619744948201093
            },
            "88": {
                "type": "h",
                "bias": -0.051692961119315775
            }
        },
        "synapses": {
            "37": {
                "nrn_to": 11,
                "nrn_from": 2,
                "weight": -0.49334702370813366,
                "active": true
            },
            "40": {
                "nrn_to": 8,
                "nrn_from": 3,
                "weight": 0.2892654685646564,
                "active": true
            },
            "105": {
                "nrn_to": 88,
                "nrn_from": 7,
                "weight": -0.10176756187650182,
                "active": true
            },
            "13": {
                "nrn_to": 8,
                "nrn_from": 7,
                "weight": 0.1561763725801863,
                "active": false
            },
            "15": {
                "nrn_to": 8,
                "nrn_from": 2,
                "weight": -0.3905054069089354,
                "active": true
            },
            "19": {
                "nrn_to": 8,
                "nrn_from": 6,
                "weight": 0.2573766139303882,
                "active": false
            },
            "21": {
                "nrn_to": 8,
                "nrn_from": 1,
                "weight": 0.3210134152579173,
                "active": false
            },
            "22": {
                "nrn_to": 9,
                "nrn_from": 4,
                "weight": -1.1424113737068164,
                "active": true
            },
            "30": {
                "nrn_to": 11,
                "nrn_from": 5,
                "weight": 0.2816163925213166,
                "active": true
            },
            "24": {
                "nrn_to": 10,
                "nrn_from": 3,
                "weight": -0.6131099925058703,
                "active": true
            },
            "89": {
                "active": true,
                "nrn_to": 88,
                "nrn_from": 5,
                "weight": 0.5731944985457157
            },
            "90": {
                "active": true,
                "nrn_to": 11,
                "nrn_from": 88,
                "weight": 0.5154134488791597
            },
            "94": {
                "nrn_to": 88,
                "nrn_from": 4,
                "weight": 0.12158682879339776,
                "active": true
            }
        }
    }
}