{
    "Num species": 2,
    "Species 0 num animals": 31,
    "Species 0 top fitness": 230.3655510404285,
    "Species 0 mean fitness": 77.64362974467673,
    "Species 0 std fitness": 119.75029278355998,
    "Species 0 top animal N hidden neurons": 0,
    "Species 0 top animal N synapses": 10,
    "Species 0 top animal": {
        "neurons": {
            "0": {
                "type": "i",
                "bias": 0.1793811855719206
            },
            "1": {
                "type": "i",
                "bias": -0.15201272546376446
            },
            "2": {
                "type": "i",
                "bias": -0.006041095350488397
            },
            "3": {
                "type": "i",
                "bias": -0.15061482982649127
            },
            "4": {
                "type": "i",
                "bias": 0.0008673228726203529
            },
            "5": {
                "type": "i",
                "bias": -0.03999299216541857
            },
            "6": {
                "type": "i",
                "bias": 0.048354108086689815
            },
            "7": {
                "type": "i",
                "bias": -0.13122605779047808
            },
            "8": {
                "type": "o",
                "bias": 0.19791117564922397
            },
            "9": {
                "type": "o",
                "bias": 0.1911628680066457
            },
            "10": {
                "type": "o",
                "bias": 0.0593318418622854
            },
            "11": {
                "type": "o",
                "bias": 0.09880125779194174
            }
        },
        "synapses": {
            "36": {
                "nrn_to": 10,
                "nrn_from": 2,
                "weight": -0.01184040444476446,
                "active": true
            },
            "39": {
                "nrn_to": 9,
                "nrn_from": 2,
                "weight": 0.3600792000113655,
                "active": true
            },
            "14": {
                "nrn_to": 10,
                "nrn_from": 3,
                "weight": -1.039915412422274,
                "active": true
            },
            "20": {
                "nrn_to": 8,
                "nrn_from": 6,
                "weight": 0.24425849517798112,
                "active": true
            },
            "21": {
                "nrn_to": 11,
                "nrn_from": 6,
                "weight": -0.5308629245129919,
                "active": true
            },
            "22": {
                "nrn_to": 9,
                "nrn_from": 5,
                "weight": -0.12329180168302718,
                "active": false
            },
            "26": {
                "nrn_to": 11,
                "nrn_from": 4,
                "weight": 1.6993434289098621,
                "active": true
            },
            "27": {
                "nrn_to": 10,
                "nrn_from": 6,
                "weight": 0.21908684836643297,
                "active": true
            },
            "30": {
                "nrn_to": 9,
                "nrn_from": 6,
                "weight": -0.0007472201916638652,
                "active": false
            },
            "29": {
                "nrn_to": 10,
                "nrn_from": 4,
                "weight": 0.4685425228804798,
                "active": true
            }
        }
    },
    "Species 1 num animals": 29,
    "Species 1 top fitness": 201.91022190464736,
    "Species 1 mean fitness": 91.20724188511873,
    "Species 1 std fitness": 116.1471301270482,
    "Species 1 top animal N hidden neurons": 0,
    "Species 1 top animal N synapses": 10,
    "Species 1 top animal": {
        "neurons": {
            "0": {
                "type": "i",
                "bias": 0.1793811855719206
            },
            "1": {
                "type": "i",
                "bias": -0.14502688450551188
            },
            "2": {
                "type": "i",
                "bias": -0.058193870579821186
            },
            "3": {
                "type": "i",
                "bias": -0.15061482982649127
            },
            "4": {
                "type": "i",
                "bias": 0.0008673228726203529
            },
            "5": {
                "type": "i",
                "bias": -0.03999299216541857
            },
            "6": {
                "type": "i",
                "bias": 0.11110555372256206
            },
            "7": {
                "type": "i",
                "bias": -0.18974890909539519
            },
            "8": {
                "type": "o",
                "bias": 0.1426614107092289
            },
            "9": {
                "type": "o",
                "bias": 0.1911628680066457
            },
            "10": {
                "type": "o",
                "bias": 0.028526805075572058
            },
            "11": {
                "type": "o",
                "bias": 0.06976980300958815
            }
        },
        "synapses": {
            "36": {
                "nrn_to": 10,
                "nrn_from": 2,
                "weight": 0.006515057501952193,
                "active": true
            },
            "39": {
                "nrn_to": 9,
                "nrn_from": 2,
                "weight": 0.39639920399389017,
                "active": true
            },
            "45": {
                "nrn_to": 10,
                "nrn_from": 0,
                "weight": 0.1866948290497252,
                "active": true
            },
            "14": {
                "nrn_to": 10,
                "nrn_from": 3,
                "weight": -1.0228787245295146,
                "active": true
            },
            "20": {
                "nrn_to": 8,
                "nrn_from": 6,
                "weight": 0.24425849517798112,
                "active": true
            },
            "21": {
                "nrn_to": 11,
                "nrn_from": 6,
                "weight": -0.5925187184861003,
                "active": true
            },
            "22": {
                "nrn_to": 9,
                "nrn_from": 5,
                "weight": -0.12329180168302718,
                "active": false
            },
            "26": {
                "nrn_to": 11,
                "nrn_from": 4,
                "weight": 1.7103680151992409,
                "active": true
            },
            "27": {
                "nrn_to": 10,
                "nrn_from": 6,
                "weight": 0.25558029801378024,
                "active": true
            },
            "30": {
                "nrn_to": 9,
                "nrn_from": 6,
                "weight": -0.0007472201916638652,
                "active": false
            }
        }
    }
}