{
    "Num species": 1,
    "Species 0 num animals": 60,
    "Species 0 top fitness": -66.24422559869325,
    "Species 0 mean fitness": -123.79112421029014,
    "Species 0 std fitness": 68.765798749574,
    "Species 0 top animal N hidden neurons": 0,
    "Species 0 top animal N synapses": 5,
    "Species 0 top animal": {
        "neurons": {
            "0": {
                "type": "i",
                "bias": 0.029359501430454564
            },
            "1": {
                "type": "i",
                "bias": 0.022797789693500672
            },
            "2": {
                "type": "i",
                "bias": -0.07816113729650895
            },
            "3": {
                "type": "i",
                "bias": -0.04402428372762975
            },
            "4": {
                "type": "i",
                "bias": 0.21470983790285408
            },
            "5": {
                "type": "i",
                "bias": 0.017048496982538085
            },
            "6": {
                "type": "i",
                "bias": 0.07647114893186296
            },
            "7": {
                "type": "i",
                "bias": 0.026843189194948953
            },
            "8": {
                "type": "o",
                "bias": 0.0
            },
            "9": {
                "type": "o",
                "bias": -0.19431251432961313
            },
            "10": {
                "type": "o",
                "bias": -0.020923129815442098
            },
            "11": {
                "type": "o",
                "bias": 0.0018257290371250304
            }
        },
        "synapses": {
            "48": {
                "nrn_to": 10,
                "nrn_from": 3,
                "weight": -0.07618658881897725,
                "active": true
            },
            "24": {
                "nrn_to": 11,
                "nrn_from": 7,
                "weight": 0.19444380222820926,
                "active": true
            },
            "22": {
                "nrn_to": 8,
                "nrn_from": 1,
                "weight": 0.2021872978331699,
                "active": true
            },
            "23": {
                "nrn_to": 11,
                "nrn_from": 4,
                "weight": 0.17386494361735422,
                "active": true
            },
            "26": {
                "nrn_to": 8,
                "nrn_from": 7,
                "weight": -0.37273366920495105,
                "active": true
            }
        }
    }
}