{
    "Num species": 4,
    "Species 0 num animals": 13,
    "Species 0 top fitness": -33.97889522180004,
    "Species 0 mean fitness": -64.67724957890354,
    "Species 0 std fitness": 17.533188042524312,
    "Species 0 top animal N hidden neurons": 0,
    "Species 0 top animal N synapses": 12,
    "Species 0 top animal": {
        "neurons": {
            "0": {
                "type": "i",
                "bias": 0.2884967752097883
            },
            "1": {
                "type": "i",
                "bias": -0.05576634527707177
            },
            "2": {
                "type": "i",
                "bias": 0.2474236609204286
            },
            "3": {
                "type": "i",
                "bias": 0.09841664177878498
            },
            "4": {
                "type": "i",
                "bias": 0.6007758867986942
            },
            "5": {
                "type": "i",
                "bias": -0.07582875356258906
            },
            "6": {
                "type": "i",
                "bias": -0.6086788361025394
            },
            "7": {
                "type": "i",
                "bias": -0.0803077036230011
            },
            "8": {
                "type": "o",
                "bias": -0.18637511441795773
            },
            "9": {
                "type": "o",
                "bias": -0.18768179154475398
            },
            "10": {
                "type": "o",
                "bias": 0.10381611684280512
            },
            "11": {
                "type": "o",
                "bias": 0.04984080974814552
            }
        },
        "synapses": {
            "33": {
                "nrn_to": 11,
                "nrn_from": 5,
                "weight": 0.2890896586186423,
                "active": true
            },
            "37": {
                "nrn_to": 10,
                "nrn_from": 6,
                "weight": -0.14190588406429686,
                "active": true
            },
            "38": {
                "nrn_to": 9,
                "nrn_from": 3,
                "weight": -0.2004612934552158,
                "active": false
            },
            "39": {
                "nrn_to": 10,
                "nrn_from": 5,
                "weight": -0.42287571606460583,
                "active": true
            },
            "43": {
                "nrn_to": 8,
                "nrn_from": 0,
                "weight": -0.019772537867351107,
                "active": false
            },
            "12": {
                "nrn_to": 9,
                "nrn_from": 4,
                "weight": -0.9286704715348834,
                "active": true
            },
            "13": {
                "nrn_to": 9,
                "nrn_from": 2,
                "weight": 0.5035813097817611,
                "active": true
            },
            "17": {
                "nrn_to": 8,
                "nrn_from": 6,
                "weight": -0.5637319078473514,
                "active": false
            },
            "21": {
                "nrn_to": 8,
                "nrn_from": 1,
                "weight": 0.3510987787518804,
                "active": true
            },
            "53": {
                "nrn_to": 11,
                "nrn_from": 7,
                "weight": 0.46016360144672536,
                "active": true
            },
            "23": {
                "nrn_to": 8,
                "nrn_from": 7,
                "weight": -0.6303574491018528,
                "active": true
            },
            "29": {
                "nrn_to": 11,
                "nrn_from": 4,
                "weight": 0.531852759848217,
                "active": true
            }
        }
    },
    "Species 2 num animals": 10,
    "Species 2 top fitness": -4.541896830374014,
    "Species 2 mean fitness": -27.422665019696115,
    "Species 2 std fitness": 19.14072273818072,
    "Species 2 top animal N hidden neurons": 0,
    "Species 2 top animal N synapses": 12,
    "Species 2 top animal": {
        "neurons": {
            "0": {
                "type": "i",
                "bias": 0.13880881920867782
            },
            "1": {
                "type": "i",
                "bias": 0.46204621878776214
            },
            "2": {
                "type": "i",
                "bias": 0.1725787913891983
            },
            "3": {
                "type": "i",
                "bias": 0.06448208045040474
            },
            "4": {
                "type": "i",
                "bias": 0.09069387357639738
            },
            "5": {
                "type": "i",
                "bias": -0.45037535338073365
            },
            "6": {
                "type": "i",
                "bias": -0.4687868307102524
            },
            "7": {
                "type": "i",
                "bias": 0.054155366312627906
            },
            "8": {
                "type": "o",
                "bias": -0.14868660488423535
            },
            "9": {
                "type": "o",
                "bias": -0.06365332610466679
            },
            "10": {
                "type": "o",
                "bias": 0.21083289894740465
            },
            "11": {
                "type": "o",
                "bias": 0.19332267506876233
            }
        },
        "synapses": {
            "39": {
                "nrn_to": 10,
                "nrn_from": 5,
                "weight": -1.1801099335359342,
                "active": true
            },
            "40": {
                "nrn_to": 9,
                "nrn_from": 1,
                "weight": 0.4247992695722189,
                "active": true
            },
            "43": {
                "nrn_to": 8,
                "nrn_from": 0,
                "weight": 0.1797923405145304,
                "active": false
            },
            "12": {
                "nrn_to": 9,
                "nrn_from": 4,
                "weight": -1.7272917909977632,
                "active": true
            },
            "13": {
                "nrn_to": 9,
                "nrn_from": 2,
                "weight": -0.03731337833314,
                "active": false
            },
            "17": {
                "nrn_to": 8,
                "nrn_from": 6,
                "weight": -0.08480902332827911,
                "active": true
            },
            "18": {
                "nrn_to": 9,
                "nrn_from": 6,
                "weight": 0.26867967433388656,
                "active": true
            },
            "19": {
                "nrn_to": 10,
                "nrn_from": 0,
                "weight": -0.050249174250485015,
                "active": true
            },
            "21": {
                "nrn_to": 8,
                "nrn_from": 1,
                "weight": 0.5306147955998131,
                "active": true
            },
            "53": {
                "nrn_to": 11,
                "nrn_from": 7,
                "weight": 0.26487174008672104,
                "active": true
            },
            "23": {
                "nrn_to": 8,
                "nrn_from": 7,
                "weight": -3.0,
                "active": true
            },
            "29": {
                "nrn_to": 11,
                "nrn_from": 4,
                "weight": 1.0044765629564374,
                "active": true
            }
        }
    },
    "Species 1 num animals": 9,
    "Species 1 top fitness": -41.36926323964429,
    "Species 1 mean fitness": -66.56778739623766,
    "Species 1 std fitness": 18.775658561293337,
    "Species 1 top animal N hidden neurons": 0,
    "Species 1 top animal N synapses": 14,
    "Species 1 top animal": {
        "neurons": {
            "0": {
                "type": "i",
                "bias": 0.049953789878915134
            },
            "1": {
                "type": "i",