{
    "Num species": 2,
    "Species 0 num animals": 22,
    "Species 0 top fitness": -39.661299413642766,
    "Species 0 mean fitness": -139.57278884405864,
    "Species 0 std fitness": 94.75382189814539,
    "Species 0 top animal N hidden neurons": 0,
    "Species 0 top animal N synapses": 7,
    "Species 0 top animal": {
        "neurons": {
            "0": {
                "type": "i",
                "bias": 0.6794930032253784
            },
            "1": {
                "type": "i",
                "bias": 0.06711845748342121
            },
            "2": {
                "type": "i",
                "bias": -0.30590193033583557
            },
            "3": {
                "type": "i",
                "bias": 0.3858497949096271
            },
            "4": {
                "type": "i",
                "bias": -0.11274076219983281
            },
            "5": {
                "type": "i",
                "bias": -0.4296451915486495
            },
            "6": {
                "type": "i",
                "bias": 0.11874000699602616
            },
            "7": {
                "type": "i",
                "bias": 0.2988429540296101
            },
            "8": {
                "type": "o",
                "bias": -0.1698732305281836
            },
            "9": {
                "type": "o",
                "bias": 0.031912073342367175
            },
            "10": {
                "type": "o",
                "bias": 0.05608688227060937
            },
            "11": {
                "type": "o",
                "bias": 0.04858768731684786
            }
        },
        "synapses": {
            "32": {
                "nrn_to": 8,
                "nrn_from": 1,
                "weight": 0.16792644871515236,
                "active": true
            },
            "34": {
                "nrn_to": 8,
                "nrn_from": 6,
                "weight": -0.23124210815529564,
                "active": true
            },
            "35": {
                "nrn_to": 11,
                "nrn_from": 6,
                "weight": -0.057952219921995896,
                "active": true
            },
            "22": {
                "nrn_to": 11,
                "nrn_from": 0,
                "weight": -0.5284433681629387,
                "active": true
            },
            "13": {
                "nrn_to": 9,
                "nrn_from": 4,
                "weight": -0.21541263615770542,
                "active": true
            },
            "14": {
                "nrn_to": 8,
                "nrn_from": 5,
                "weight": 0.6728920424251595,
                "active": true
            },
            "31": {
                "nrn_to": 11,
                "nrn_from": 5,
                "weight": 0.9111665353571167,
                "active": true
            }
        }
    },
    "Species 1 num animals": 38,
    "Species 1 top fitness": -10.463738272949042,
    "Species 1 mean fitness": -63.62909652680915,
    "Species 1 std fitness": 45.02810734483142,
    "Species 1 top animal N hidden neurons": 0,
    "Species 1 top animal N synapses": 9,
    "Species 1 top animal": {
        "neurons": {
            "0": {
                "type": "i",
                "bias": 0.13871382933508872
            },
            "1": {
                "type": "i",
                "bias": 0.013290115857044399
            },
            "2": {
                "type": "i",
                "bias": -0.26909616481157084
            },
            "3": {
                "type": "i",
                "bias": 0.19139590461754682
            },
            "4": {
                "type": "i",
                "bias": -0.2545184398387385
            },
            "5": {
                "type": "i",
                "bias": -0.09024099966924573
            },
            "6": {
                "type": "i",
                "bias": 0.04523631234932983
            },
            "7": {
                "type": "i",
                "bias": -0.03256154393074939
            },
            "8": {
                "type": "o",
                "bias": -0.30914739609722214
            },
            "9": {
                "type": "o",
                "bias": -0.00665208919325041
            },
            "10": {
                "type": "o",
                "bias": 0.08991284711248722
            },
            "11": {
                "type": "o",
                "bias": 0.17021260212043543
            }
        },
        "synapses": {
            "32": {
                "nrn_to": 8,
                "nrn_from": 1,
                "weight": 0.33210333833167877,
                "active": true
            },
            "43": {
                "nrn_to": 9,
                "nrn_from": 1,
                "weight": 0.28709136623663617,
                "active": true
            },
            "13": {
                "nrn_to": 9,
                "nrn_from": 4,
                "weight": -0.38030291223990664,
                "active": true
            },
            "14": {
                "nrn_to": 8,
                "nrn_from": 5,
                "weight": 0.28236527718809323,
                "active": true
            },
            "18": {
                "nrn_to": 9,
                "nrn_from": 3,
                "weight": 0.08530043737086028,
                "active": true
            },
            "24": {
                "nrn_to": 10,
                "nrn_from": 7,
                "weight": -0.028074720252839268,
                "active": true
            },
            "26": {
                "nrn_to": 11,
                "nrn_from": 7,
                "weight": 0.14833052261167773,
                "active": true
            },
            "31": {
                "nrn_to": 11,
                "nrn_from": 5,
                "weight": 1.043334559890347,
                "active": true
            },
            "34": {
                "nrn_to": 8,
                "nrn_from": 6,
                "weight": -0.44156314623382703,
                "active": true
            }
        }
    }
}