{
    "Num species": 1,
    "Species 0 num animals": 60,
    "Species 0 top fitness": -7.6850561040305125,
    "Species 0 mean fitness": -83.79504921916967,
    "Species 0 std fitness": 61.20608924089155,
    "Species 0 top animal N hidden neurons": 0,
    "Species 0 top animal N synapses": 7,
    "Species 0 top animal": {
        "neurons": {
            "0": {
                "type": "i",
                "bias": 0.006549225464042083
            },
            "1": {
                "type": "i",
                "bias": -0.023869139397178434
            },
            "2": {
                "type": "i",
                "bias": 0.33102426481632125
            },
            "3": {
                "type": "i",
                "bias": -0.02516081085324949
            },
            "4": {
                "type": "i",
                "bias": 0.0469256342513235
            },
            "5": {
                "type": "i",
                "bias": -0.00797948513563427
            },
            "6": {
                "type": "i",
                "bias": -0.0006071073777280112
            },
            "7": {
                "type": "i",
                "bias": -0.06776085129411996
            },
            "8": {
                "type": "o",
                "bias": 0.018780827887448497
            },
            "9": {
                "type": "o",
                "bias": 0.030108181818510528
            },
            "10": {
                "type": "o",
                "bias": 0.020314488755630723
            },
            "11": {
                "type": "o",
                "bias": 0.08254334392174353
            }
        },
        "synapses": {
            "33": {
                "nrn_to": 10,
                "nrn_from": 3,
                "weight": -0.22503174508763324,
                "active": true
            },
            "34": {
                "nrn_to": 10,
                "nrn_from": 7,
                "weight": -0.12556492946885156,
                "active": true
            },
            "40": {
                "nrn_to": 10,
                "nrn_from": 6,
                "weight": -0.3457575412439065,
                "active": true
            },
            "26": {
                "nrn_to": 9,
                "nrn_from": 2,
                "weight": 0.3183824260833258,
                "active": true
            },
            "13": {
                "nrn_to": 8,
                "nrn_from": 1,
                "weight": 0.3146881830175078,
                "active": true
            },
            "31": {
                "nrn_to": 9,
                "nrn_from": 4,
                "weight": -1.1717809634671301,
                "active": true
            },
            "39": {
                "nrn_to": 11,
                "nrn_from": 1,
                "weight": -0.05738553244764183,
                "active": true
            }
        }
    }
}