{
    "Num species": 1,
    "Species 0 num animals": 60,
    "Species 0 top fitness": -5.466851355188724,
    "Species 0 mean fitness": -105.35100791792757,
    "Species 0 std fitness": 87.46645500308355,
    "Species 0 top animal N hidden neurons": 0,
    "Species 0 top animal N synapses": 6,
    "Species 0 top animal": {
        "neurons": {
            "0": {
                "type": "i",
                "bias": 0.10716552378198747
            },
            "1": {
                "type": "i",
                "bias": -0.02032231983263868
            },
            "2": {
                "type": "i",
                "bias": -0.09571001570872964
            },
            "3": {
                "type": "i",
                "bias": 0.22892224691078916
            },
            "4": {
                "type": "i",
                "bias": 0.18914376968081537
            },
            "5": {
                "type": "i",
                "bias": 0.24665716761778894
            },
            "6": {
                "type": "i",
                "bias": -0.17624325292153264
            },
            "7": {
                "type": "i",
                "bias": -0.49976810051801157
            },
            "8": {
                "type": "o",
                "bias": -0.2862816028496344
            },
            "9": {
                "type": "o",
                "bias": 0.0658374855448938
            },
            "10": {
                "type": "o",
                "bias": 0.05644307993472222
            },
            "11": {
                "type": "o",
                "bias": 0.007916412391115929
            }
        },
        "synapses": {
            "16": {
                "nrn_to": 8,
                "nrn_from": 1,
                "weight": 0.36918584166703716,
                "active": true
            },
            "20": {
                "nrn_to": 8,
                "nrn_from": 6,
                "weight": -1.048507768742884,
                "active": true
            },
            "23": {
                "nrn_to": 9,
                "nrn_from": 7,
                "weight": -0.18436733012226547,
                "active": true
            },
            "24": {
                "nrn_to": 9,
                "nrn_from": 4,
                "weight": -1.1976367838404012,
                "active": true
            },
            "13": {
                "nrn_to": 11,
                "nrn_from": 0,
                "weight": -0.03347988143088023,
                "active": true
            },
            "15": {
                "nrn_to": 11,
                "nrn_from": 5,
                "weight": 0.2781158883601058,
                "active": true
            }
        }
    }
}