{
    "Num species": 1,
    "Species 0 num animals": 60,
    "Species 0 top fitness": -103.58597274868237,
    "Species 0 mean fitness": -183.67220969448223,
    "Species 0 std fitness": 145.88833740799151,
    "Species 0 top animal N hidden neurons": 0,
    "Species 0 top animal N synapses": 2,
    "Species 0 top animal": {
        "neurons": {
            "0": {
                "type": "i",
                "bias": 0.0
            },
            "1": {
                "type": "i",
                "bias": 0.022803068395464622
            },
            "2": {
                "type": "i",
                "bias": 0.01548555428930745
            },
            "3": {
                "type": "i",
                "bias": -0.07325218035172265
            },
            "4": {
                "type": "i",
                "bias": 0.08783947275729037
            },
            "5": {
                "type": "i",
                "bias": 0.06323681847918222
            },
            "6": {
                "type": "i",
                "bias": 0.0
            },
            "7": {
                "type": "i",
                "bias": 0.07511179175652483
            },
            "8": {
                "type": "o",
                "bias": 0.020140459110647983
            },
            "9": {
                "type": "o",
                "bias": 0.01709107167269221
            },
            "10": {
                "type": "o",
                "bias": -0.0937854174883256
            },
            "11": {
                "type": "o",
                "bias": 0.016946696056816393
            }
        },
        "synapses": {
            "34": {
                "nrn_to": 8,
                "nrn_from": 6,
                "weight": 0.09580254326440864,
                "active": true
            },
            "31": {
                "nrn_to": 11,
                "nrn_from": 5,
                "weight": 0.3501786108437159,
                "active": true
            }
        }
    }
}