{
    "Num species": 1,
    "Species 0 num animals": 60,
    "Species 0 top fitness": -32.7713655864281,
    "Species 0 mean fitness": -100.9512510569978,
    "Species 0 std fitness": 80.4544847866558,
    "Species 0 top animal N hidden neurons": 1,
    "Species 0 top animal N synapses": 10,
    "Species 0 top animal": {
        "neurons": {
            "0": {
                "type": "i",
                "bias": 0.13231305624938927
            },
            "1": {
                "type": "i",
                "bias": 0.09573509598544044
            },
            "2": {
                "type": "i",
                "bias": 0.047139390698003485
            },
            "3": {
                "type": "i",
                "bias": -0.015423405003833497
            },
            "4": {
                "type": "i",
                "bias": 0.15335900842579975
            },
            "5": {
                "type": "i",
                "bias": -0.014274493130208015
            },
            "6": {
                "type": "i",
                "bias": -0.013667689406080707
            },
            "7": {
                "type": "i",
                "bias": 0.078183633033736
            },
            "8": {
                "type": "o",
                "bias": -0.22741032498082375
            },
            "9": {
                "type": "o",
                "bias": -0.06124673015640835
            },
            "10": {
                "type": "o",
                "bias": 0.003386261049522196
            },
            "11": {
                "type": "o",
                "bias": -0.05850319995403573
            },
            "102": {
                "type": "h",
                "bias": -0.06612672171553927
            }
        },
        "synapses": {
            "39": {
                "nrn_to": 10,
                "nrn_from": 5,
                "weight": -0.5393597649123094,
                "active": true
            },
            "43": {
                "nrn_to": 8,
                "nrn_from": 0,
                "weight": 0.10248110961159199,
                "active": false
            },
            "12": {
                "nrn_to": 9,
                "nrn_from": 4,
                "weight": -0.3199393834886236,
                "active": true
            },
            "17": {
                "nrn_to": 8,
                "nrn_from": 6,
                "weight": -0.277814924915097,
                "active": true
            },
            "21": {
                "nrn_to": 8,
                "nrn_from": 1,
                "weight": 0.2860515462863422,
                "active": true
            },
            "53": {
                "nrn_to": 11,
                "nrn_from": 7,
                "weight": 0.3412028795712745,
                "active": true
            },
            "23": {
                "nrn_to": 8,
                "nrn_from": 7,
                "weight": -0.5203208789213711,
                "active": false
            },
            "29": {
                "nrn_to": 11,
                "nrn_from": 4,
                "weight": 1.0088103666677604,
                "active": true
            },
            "103": {
                "active": true,
                "nrn_to": 102,
                "nrn_from": 7,
                "weight": 1.0
            },
            "104": {
                "active": true,
                "nrn_to": 8,
                "nrn_from": 102,
                "weight": -0.5203208789213711
            }
        }
    }
}