{
    "Num species": 1,
    "Species 0 num animals": 60,
    "Species 0 top fitness": -86.30398848902055,
    "Species 0 mean fitness": -146.20911385632596,
    "Species 0 std fitness": 72.255425594917,
    "Species 0 top animal N hidden neurons": 0,
    "Species 0 top animal N synapses": 6,
    "Species 0 top animal": {
        "neurons": {
            "0": {
                "type": "i",
                "bias": -0.29292371697218383
            },
            "1": {
                "type": "i",
                "bias": 0.133024148211899
            },
            "2": {
                "type": "i",
                "bias": 0.3072075590556477
            },
            "3": {
                "type": "i",
                "bias": -0.03097698483140621
            },
            "4": {
                "type": "i",
                "bias": 0.21299184537736857
            },
            "5": {
                "type": "i",
                "bias": 0.014477529101259162
            },
            "6": {
                "type": "i",
                "bias": -0.056515936177567436
            },
            "7": {
                "type": "i",
                "bias": 0.4147615363062064
            },
            "8": {
                "type": "o",
                "bias": -0.2619256627659419
            },
            "9": {
                "type": "o",
                "bias": -0.07496679302783456
            },
            "10": {
                "type": "o",
                "bias": 0.05403806755389359
            },
            "11": {
                "type": "o",
                "bias": -0.023958690176887152
            }
        },
        "synapses": {
            "32": {
                "nrn_to": 8,
                "nrn_from": 1,
                "weight": 0.3917115764407333,
                "active": true
            },
            "16": {
                "nrn_to": 11,
                "nrn_from": 4,
                "weight": 0.4291102907367954,
                "active": true
            },
            "17": {
                "nrn_to": 8,
                "nrn_from": 7,
                "weight": 0.17611174814059852,
                "active": false
            },
            "22": {
                "nrn_to": 11,
                "nrn_from": 3,
                "weight": -0.06398170849467469,
                "active": false
            },
            "39": {
                "nrn_to": 9,
                "nrn_from": 5,
                "weight": 0.34392934627144417,
                "active": true
            },
            "31": {
                "nrn_to": 8,
                "nrn_from": 5,
                "weight": -0.46382692446899587,
                "active": true
            }
        }
    }
}