{
    "Num species": 1,
    "Species 0 num animals": 60,
    "Species 0 top fitness": -84.45079925285175,
    "Species 0 mean fitness": -159.2931166866206,
    "Species 0 std fitness": 113.44506747172373,
    "Species 0 top animal N hidden neurons": 0,
    "Species 0 top animal N synapses": 3,
    "Species 0 top animal": {
        "neurons": {
            "0": {
                "type": "i",
                "bias": 0.0
            },
            "1": {
                "type": "i",
                "bias": 0.09616141331985606
            },
            "2": {
                "type": "i",
                "bias": -0.0983544693530082
            },
            "3": {
                "type": "i",
                "bias": 0.1890029825025023
            },
            "4": {
                "type": "i",
                "bias": 0.03959138414804937
            },
            "5": {
                "type": "i",
                "bias": 0.07503153919083794
            },
            "6": {
                "type": "i",
                "bias": 0.020083212649266026
            },
            "7": {
                "type": "i",
                "bias": 0.07050452604374638
            },
            "8": {
                "type": "o",
                "bias": -0.01994097362023662
            },
            "9": {
                "type": "o",
                "bias": 0.016522987031688544
            },
            "10": {
                "type": "o",
                "bias": 0.018447085238382982
            },
            "11": {
                "type": "o",
                "bias": 0.01262610425041985
            }
        },
        "synapses": {
            "18": {
                "nrn_to": 11,
                "nrn_from": 5,
                "weight": 1.047394319275807,
                "active": true
            },
            "26": {
                "nrn_to": 11,
                "nrn_from": 6,
                "weight": 0.8639287823179254,
                "active": true
            },
            "20": {
                "nrn_to": 9,
                "nrn_from": 5,
                "weight": -0.04932085102971237,
                "active": true
            }
        }
    }
}