{
    "Num species": 1,
    "Species 0 num animals": 60,
    "Species 0 top fitness": -79.27401028466093,
    "Species 0 mean fitness": -139.4958272286661,
    "Species 0 std fitness": 33.964599730874696,
    "Species 0 top animal N hidden neurons": 0,
    "Species 0 top animal N synapses": 4,
    "Species 0 top animal": {
        "neurons": {
            "0": {
                "type": "i",
                "bias": 0.024904115979534173
            },
            "1": {
                "type": "i",
                "bias": 0.10679347256140724
            },
            "2": {
                "type": "i",
                "bias": -0.07085900691550089
            },
            "3": {
                "type": "i",
                "bias": 0.07521919187261314
            },
            "4": {
                "type": "i",
                "bias": -0.14627151568956234
            },
            "5": {
                "type": "i",
                "bias": -0.007622220785028111
            },
            "6": {
                "type": "i",
                "bias": 0.07064936413290965
            },
            "7": {
                "type": "i",
                "bias": -0.0092895844739656
            },
            "8": {
                "type": "o",
                "bias": 0.12796478031258005
            },
            "9": {
                "type": "o",
                "bias": -0.03045764913558936
            },
            "10": {
                "type": "o",
                "bias": 0.12240949676877728
            },
            "11": {
                "type": "o",
                "bias": -0.13046888968694484
            }
        },
        "synapses": {
            "16": {
                "nrn_to": 10,
                "nrn_from": 1,
                "weight": -0.4137008898961795,
                "active": true
            },
            "18": {
                "nrn_to": 11,
                "nrn_from": 6,
                "weight": -0.28756131433267107,
                "active": true
            },
            "51": {
                "nrn_to": 11,
                "nrn_from": 3,
                "weight": 0.5127631189395921,
                "active": true
            },
            "20": {
                "nrn_to": 10,
                "nrn_from": 3,
                "weight": -0.1615072217019957,
                "active": true
            }
        }
    }
}