{
    "Num species": 5,
    "Species 3 num animals": 5,
    "Species 3 top fitness": -100.24971374133379,
    "Species 3 mean fitness": -188.1618772796157,
    "Species 3 std fitness": 87.80311702757096,
    "Species 3 top animal N hidden neurons": 1,
    "Species 3 top animal N synapses": 11,
    "Species 3 top animal": {
        "neurons": {
            "0": {
                "type": "i",
                "bias": -0.16550998536916595
            },
            "1": {
                "type": "i",
                "bias": 0.043810587750403335
            },
            "2": {
                "type": "i",
                "bias": 0.11473163120369465
            },
            "3": {
                "type": "i",
                "bias": 0.09801254569157045
            },
            "4": {
                "type": "i",
                "bias": 1.304325662897456
            },
            "5": {
                "type": "i",
                "bias": 0.024192121592073665
            },
            "6": {
                "type": "i",
                "bias": -0.1844192097816329
            },
            "7": {
                "type": "i",
                "bias": 0.5062603194626623
            },
            "8": {
                "type": "o",
                "bias": -0.033665230258423384
            },
            "9": {
                "type": "o",
                "bias": -0.39381350938876386
            },
            "10": {
                "type": "o",
                "bias": 0.07956322440841307
            },
            "11": {
                "type": "o",
                "bias": -0.03267744790625642
            },
            "44": {
                "type": "h",
                "bias": 0.06493050231512576
            }
        },
        "synapses": {
            "33": {
                "nrn_to": 10,
                "nrn_from": 3,
                "weight": -0.12248997977546716,
                "active": true
            },
            "37": {
                "nrn_to": 8,
                "nrn_from": 6,
                "weight": 0.4671602251810177,
                "active": true
            },
            "12": {
                "nrn_to": 9,
                "nrn_from": 6,
                "weight": 0.41498211366070437,
                "active": true
            },
            "45": {
                "active": true,
                "nrn_to": 44,
                "nrn_from": 6,
                "weight": 0.6152167146592966
            },
            "46": {
                "active": true,
                "nrn_to": 11,
                "nrn_from": 44,
                "weight": 0.5011021661198867
            },
            "50": {
                "nrn_to": 44,
                "nrn_from": 7,
                "weight": -1.4517787570263234,
                "active": true
            },
            "19": {
                "nrn_to": 11,
                "nrn_from": 6,
                "weight": 0.5889544212143684,
                "active": false
            },
            "51": {
                "nrn_to": 44,
                "nrn_from": 4,
                "weight": 0.9340066791781421,
                "active": true
            },
            "26": {
                "nrn_to": 8,
                "nrn_from": 1,
                "weight": 0.1117357631908719,
                "active": false
            },
            "28": {
                "nrn_to": 9,
                "nrn_from": 1,
                "weight": 0.47321556595099024,
                "active": true
            },
            "31": {
                "nrn_to": 11,
                "nrn_from": 4,
                "weight": 0.0025678250578794956,
                "active": true
            }
        }
    },
    "Species 2 num animals": 16,
    "Species 2 top fitness": -61.7910801906912,
    "Species 2 mean fitness": -125.51438961258188,
    "Species 2 std fitness": 76.2881744805567,
    "Species 2 top animal N hidden neurons": 1,
    "Species 2 top animal N synapses": 12,
    "Species 2 top animal": {
        "neurons": {
            "0": {
                "type": "i",
                "bias": -0.08605717966977258
            },
            "1": {
                "type": "i",
                "bias": 0.0037923105526847575
            },
            "2": {
                "type": "i",
                "bias": 0.16239265641174924
            },
            "3": {
                "type": "i",
                "bias": 0.22702631435574852
            },
            "4": {
                "type": "i",
                "bias": 0.5666847437843919
            },
            "5": {
                "type": "i",
                "bias": 0.1442588786840982
            },
            "6": {
                "type": "i",
                "bias": -0.160785427269448
            },
            "7": {
                "type": "i",
                "bias": -0.028647718946396682
            },
            "8": {
                "type": "o",
                "bias": -0.09647601560930953
            },
            "9": {
                "type": "o",
                "bias": -0.3574696433050512
            },
            "10": {
                "type": "o",
                "bias": 0.1380667618580398
            },
            "11": {
                "type": "o",
                "bias": 0.011852297606337443
            },
            "44": {
                "type": "h",
                "bias": -0.021543190944665565
            }
        },
        "synapses": {
            "37": {
                "nrn_to": 8,
                "nrn_from": 6,
                "weight": 0.46665629469605163,
                "active": true
            },
            "38": {
                "nrn_to": 9,
                "nrn_from": 5,
                "weight": -0.4415006593120344,
                "active": true
            },
            "40": {
                "nrn_to": 8,
                "nrn_from": 0,
                "weight": -0.12724954363555785,
                "active": false
            },
            "12": {
                "nrn_to": 9,
                "nrn_from": 6,
                "weight": 0.5163801273450888,
                "active": true
            },
            "45": {
                "active": true,
                "nrn_to": 44,
                "nrn_from": 6,
                "weight": 3.0
            },
            "14": {
                "nrn_to": 8,
                "nrn_from": 2,
                "weight": 0.08641824196477216,
                "active": false
            },
            "46": {
                "active": true,
                "nrn_to": 11,
                "nrn_from": 44,
                "weight": 0.5343633978202533
            },
            "16": {
                "nrn_to": 11,
                "nrn_from": 5,
                "weight": -0.07557695110728634,
                "active": true
            },
            "19": {
                "nrn_to": 11,
                "nrn_from": 6,
                "weight": 0.15383220215576857,
                "active": false
            },
            "51": {
                "nrn_to": 44,
                "nrn_from": 4,
                "weight": 0.8111736752202792,
                "active": true
            },
            "26": {
                "nrn_to": 8,
                "nrn_from": 1,
                "weight": 0.31353097769257426,
                "active": true
            },
            "28": {
                "nrn_to": 9,
                "nrn_from": 1,
                "weight": 0.4734269764558999,
                "active": true
            }
        }
    },
    "Species 4 num animals": 6,
    "Species 4 top fitness": -112.51830399565853,
    "Species 4 mean fitness": -130.67752114407924,
    "Species 4 std fitness": 22.20009103796596,
    "Species 4 top animal N hidden neurons": 1,
    "Species 4 top animal N synapses": 12,
    "Species 4 top animal": {
        "neurons": {
            "0": {
                "type": "i",
                "bias": -0.18291476845901644
            },