{
    "Num species": 2,
    "Species 1 num animals": 7,
    "Species 1 top fitness": 8.6292731200679,
    "Species 1 mean fitness": -8.193084761560263,
    "Species 1 std fitness": 15.297179693969413,
    "Species 1 top animal N hidden neurons": 0,
    "Species 1 top animal N synapses": 8,
    "Species 1 top animal": {
        "neurons": {
            "0": {
                "type": "i",
                "bias": 0.6669050698058028
            },
            "1": {
                "type": "i",
                "bias": -0.12925717052242003
            },
            "2": {
                "type": "i",
                "bias": 0.6744915512907652
            },
            "3": {
                "type": "i",
                "bias": -0.2840480271995938
            },
            "4": {
                "type": "i",
                "bias": 0.30732864885147004
            },
            "5": {
                "type": "i",
                "bias": -0.05920221353322197
            },
            "6": {
                "type": "i",
                "bias": -0.10778100878803033
            },
            "7": {
                "type": "i",
                "bias": 0.3689895517549297
            },
            "8": {
                "type": "o",
                "bias": -0.11855252606992389
            },
            "9": {
                "type": "o",
                "bias": -0.027473535044048987
            },
            "10": {
                "type": "o",
                "bias": -0.13860998533218835
            },
            "11": {
                "type": "o",
                "bias": 0.12683572898770235
            }
        },
        "synapses": {
            "33": {
                "nrn_to": 11,
                "nrn_from": 0,
                "weight": -0.09947574652594542,
                "active": false
            },
            "34": {
                "nrn_to": 11,
                "nrn_from": 7,
                "weight": 0.11797949388200861,
                "active": false
            },
            "39": {
                "nrn_to": 11,
                "nrn_from": 4,
                "weight": 0.9367820133756258,
                "active": true
            },
            "42": {
                "nrn_to": 10,
                "nrn_from": 1,
                "weight": -0.2694752501556499,
                "active": true
            },
            "47": {
                "nrn_to": 10,
                "nrn_from": 5,
                "weight": 0.3606988040499173,
                "active": true
            },
            "16": {
                "nrn_to": 9,
                "nrn_from": 1,
                "weight": 0.03740429139589204,
                "active": true
            },
            "24": {
                "nrn_to": 10,
                "nrn_from": 3,
                "weight": -0.45072934967585404,
                "active": true
            },
            "29": {
                "nrn_to": 9,
                "nrn_from": 5,
                "weight": -0.81413864939683,
                "active": true
            }
        }
    },
    "Species 2 num animals": 53,
    "Species 2 top fitness": 69.17768695537407,
    "Species 2 mean fitness": -13.183502332489299,
    "Species 2 std fitness": 48.59327175178778,
    "Species 2 top animal N hidden neurons": 0,
    "Species 2 top animal N synapses": 7,
    "Species 2 top animal": {
        "neurons": {
            "0": {
                "type": "i",
                "bias": 0.9967115507339487
            },
            "1": {
                "type": "i",
                "bias": -0.09266097471372257
            },
            "2": {
                "type": "i",
                "bias": 1.431154877583463
            },
            "3": {
                "type": "i",
                "bias": -0.1262371063026837
            },
            "4": {
                "type": "i",
                "bias": 0.2520673372794106
            },
            "5": {
                "type": "i",
                "bias": -0.1368186737364501
            },
            "6": {
                "type": "i",
                "bias": 0.0825811603010207
            },
            "7": {
                "type": "i",
                "bias": 0.010421372502071466
            },
            "8": {
                "type": "o",
                "bias": -0.19889359566796494
            },
            "9": {
                "type": "o",
                "bias": -0.0550665190780746
            },
            "10": {
                "type": "o",
                "bias": -0.03380354320255222
            },
            "11": {
                "type": "o",
                "bias": 0.07367376649891767
            }
        },
        "synapses": {
            "16": {
                "nrn_to": 9,
                "nrn_from": 1,
                "weight": 0.29065330217386365,
                "active": true
            },
            "33": {
                "nrn_to": 11,
                "nrn_from": 0,
                "weight": -0.16645628067457569,
                "active": false
            },
            "34": {
                "nrn_to": 11,
                "nrn_from": 7,
                "weight": 0.2268194627857102,
                "active": false
            },
            "19": {
                "nrn_to": 9,
                "nrn_from": 2,
                "weight": 0.19376539894370354,
                "active": true
            },
            "39": {
                "nrn_to": 11,
                "nrn_from": 4,
                "weight": 2.0086233106763762,
                "active": true
            },
            "24": {
                "nrn_to": 10,
                "nrn_from": 3,
                "weight": -0.2733997911578446,
                "active": true
            },
            "29": {
                "nrn_to": 9,
                "nrn_from": 5,
                "weight": -0.4226492426441153,
                "active": true
            }
        }
    }
}