{
    "Num species": 4,
    "Species 3 num animals": 23,
    "Species 3 top fitness": 227.04773640043356,
    "Species 3 mean fitness": 179.90133622773928,
    "Species 3 std fitness": 55.37132804677863,
    "Species 3 top animal N hidden neurons": 0,
    "Species 3 top animal N synapses": 20,
    "Species 3 top animal": {
        "neurons": {
            "0": {
                "type": "i",
                "bias": -0.10090642998797468
            },
            "1": {
                "type": "i",
                "bias": -0.29574441431757065
            },
            "2": {
                "type": "i",
                "bias": 0.10130316315968034
            },
            "3": {
                "type": "i",
                "bias": -0.08424786192739124
            },
            "4": {
                "type": "i",
                "bias": 0.43297680111548437
            },
            "5": {
                "type": "i",
                "bias": 0.2078428986532993
            },
            "6": {
                "type": "i",
                "bias": -0.2329482994328824
            },
            "7": {
                "type": "i",
                "bias": -0.17175858500763547
            },
            "8": {
                "type": "o",
                "bias": 0.31576864833550844
            },
            "9": {
                "type": "o",
                "bias": 0.17204177581623403
            },
            "10": {
                "type": "o",
                "bias": 0.05080262710042168
            },
            "11": {
                "type": "o",
                "bias": 0.0343009555904751
            }
        },
        "synapses": {
            "13": {
                "nrn_to": 8,
                "nrn_from": 3,
                "weight": 0.45933085710613764,
                "active": true
            },
            "14": {
                "nrn_to": 10,
                "nrn_from": 5,
                "weight": 0.030177836638718536,
                "active": false
            },
            "15": {
                "nrn_to": 9,
                "nrn_from": 6,
                "weight": -0.272484074608839,
                "active": false
            },
            "16": {
                "nrn_to": 9,
                "nrn_from": 1,
                "weight": -0.01580264043312647,
                "active": false
            },
            "23": {
                "nrn_to": 8,
                "nrn_from": 5,
                "weight": 0.34680455834901547,
                "active": true
            },
            "24": {
                "nrn_to": 8,
                "nrn_from": 1,
                "weight": -0.04977978923072102,
                "active": false
            },
            "25": {
                "nrn_to": 11,
                "nrn_from": 6,
                "weight": 0.16896955825492707,
                "active": false
            },
            "26": {
                "nrn_to": 9,
                "nrn_from": 0,
                "weight": 0.28411224532199725,
                "active": true
            },
            "28": {
                "nrn_to": 10,
                "nrn_from": 3,
                "weight": -0.9901850047703834,
                "active": true
            },
            "29": {
                "nrn_to": 11,
                "nrn_from": 2,
                "weight": 0.17888351543617678,
                "active": false
            },
            "32": {
                "nrn_to": 9,
                "nrn_from": 2,
                "weight": 0.6100810612430503,
                "active": true
            },
            "33": {
                "nrn_to": 10,
                "nrn_from": 7,
                "weight": -0.11732750556956921,
                "active": false
            },
            "35": {
                "nrn_to": 10,
                "nrn_from": 0,
                "weight": -0.08917407930644948,
                "active": false
            },
            "36": {
                "nrn_to": 11,
                "nrn_from": 4,
                "weight": 2.27608379316153,
                "active": true
            },
            "37": {
                "nrn_to": 9,
                "nrn_from": 7,
                "weight": -0.1438693000744865,
                "active": true
            },
            "38": {
                "nrn_to": 11,
                "nrn_from": 5,
                "weight": 0.4337747958546821,
                "active": true
            },
            "39": {
                "nrn_to": 11,
                "nrn_from": 0,
                "weight": -0.591061429298965,
                "active": true
            },
            "40": {
                "nrn_to": 8,
                "nrn_from": 4,
                "weight": -0.3075910145928735,
                "active": true
            },
            "41": {
                "nrn_to": 9,
                "nrn_from": 4,
                "weight": -0.8172631485553085,
                "active": true
            },
            "46": {
                "nrn_to": 10,
                "nrn_from": 6,
                "weight": -0.027396571152848943,
                "active": true
            }
        }
    },
    "Species 2 num animals": 5,
    "Species 2 top fitness": 216.28447740192573,
    "Species 2 mean fitness": 109.4089597869377,
    "Species 2 std fitness": 117.64234436051548,
    "Species 2 top animal N hidden neurons": 1,
    "Species 2 top animal N synapses": 22,
    "Species 2 top animal": {
        "neurons": {
            "0": {
                "type": "i",
                "bias": -0.12142431226678799
            },
            "1": {
                "type": "i",
                "bias": -1.0093292207712403
            },
            "2": {
                "type": "i",
                "bias": 0.22275981653536808
            },
            "3": {
                "type": "i",
                "bias": -0.07363708116246222
            },
            "4": {
                "type": "i",
                "bias": 0.1790819877845109
            },
            "5": {
                "type": "i",
                "bias": 0.24035767947931963
            },
            "6": {
                "type": "i",
                "bias": -0.22663588672543675
            },
            "7": {
                "type": "i",
                "bias": 0.008588496225444317
            },
            "8": {
                "type": "o",
                "bias": 0.21714503215378006
            },
            "9": {
                "type": "o",
                "bias": 0.13000031050686833
            },
            "10": {
                "type": "o",
                "bias": 0.14796419604425814
            },
            "11": {
                "type": "o",
                "bias": -0.03098772337440248
            },
            "204": {
                "type": "h",
                "bias": -0.09552714916921165
            }
        },
        "synapses": {
            "12": {
                "nrn_to": 9,
                "nrn_from": 5,
                "weight": 0.014520854164671913,
                "active": true
            },
            "205": {
                "active": true,
                "nrn_to": 204,
                "nrn_from": 2,
                "weight": 0.9682692574209565
            },
            "14": {
                "nrn_to": 10,
                "nrn_from": 5,
                "weight": -0.029025386078967666,
                "active": false
            },
            "15": {
                "nrn_to": 9,
                "nrn_from": 6,
                "weight": -0.3646069992986436,
                "active": false
            },
            "16": {
                "nrn_to": 9,
                "nrn_from": 1,
                "weight": 0.029441533087988282,
                "active": false
            },
            "17": {
                "nrn_to": 11,
                "nrn_from": 7,
                "weight": -0.5828633525701123,
                "active": true
            },