{
    "Num species": 4,
    "Species 1 num animals": 12,
    "Species 1 top fitness": 110.5408281515501,
    "Species 1 mean fitness": -82.63837886430098,
    "Species 1 std fitness": 431.58676676314553,
    "Species 1 top animal N hidden neurons": 0,
    "Species 1 top animal N synapses": 12,
    "Species 1 top animal": {
        "neurons": {
            "0": {
                "type": "i",
                "bias": 0.23560610918481062
            },
            "1": {
                "type": "i",
                "bias": -0.07922700609231076
            },
            "2": {
                "type": "i",
                "bias": -0.3612353812097294
            },
            "3": {
                "type": "i",
                "bias": 0.43777947689096475
            },
            "4": {
                "type": "i",
                "bias": 0.7538810011809808
            },
            "5": {
                "type": "i",
                "bias": 0.29765553537566003
            },
            "6": {
                "type": "i",
                "bias": -0.11141911858927386
            },
            "7": {
                "type": "i",
                "bias": -0.10531643941607888
            },
            "8": {
                "type": "o",
                "bias": -0.5548161428600142
            },
            "9": {
                "type": "o",
                "bias": -0.005027515663696932
            },
            "10": {
                "type": "o",
                "bias": 0.11662907480861968
            },
            "11": {
                "type": "o",
                "bias": 0.17567379274949366
            }
        },
        "synapses": {
            "13": {
                "nrn_to": 11,
                "nrn_from": 0,
                "weight": -0.6457526149639705,
                "active": false
            },
            "15": {
                "nrn_to": 11,
                "nrn_from": 5,
                "weight": 0.1954208539274421,
                "active": false
            },
            "16": {
                "nrn_to": 8,
                "nrn_from": 1,
                "weight": 0.3949325075438227,
                "active": false
            },
            "49": {
                "nrn_to": 8,
                "nrn_from": 7,
                "weight": 0.11487124592297039,
                "active": false
            },
            "22": {
                "nrn_to": 9,
                "nrn_from": 0,
                "weight": 0.9839055949004998,
                "active": true
            },
            "23": {
                "nrn_to": 9,
                "nrn_from": 7,
                "weight": -0.4746482404312904,
                "active": true
            },
            "24": {
                "nrn_to": 9,
                "nrn_from": 4,
                "weight": -3.0,
                "active": true
            },
            "25": {
                "nrn_to": 10,
                "nrn_from": 5,
                "weight": -0.044467110266917326,
                "active": false
            },
            "27": {
                "nrn_to": 9,
                "nrn_from": 3,
                "weight": -0.03572885962812925,
                "active": true
            },
            "28": {
                "nrn_to": 11,
                "nrn_from": 3,
                "weight": 0.3164767030771332,
                "active": true
            },
            "30": {
                "nrn_to": 9,
                "nrn_from": 5,
                "weight": -0.6144311999160312,
                "active": true
            },
            "35": {
                "nrn_to": 10,
                "nrn_from": 6,
                "weight": 0.003180963804185713,
                "active": true
            }
        }
    },
    "Species 2 num animals": 8,
    "Species 2 top fitness": -23.649709206445817,
    "Species 2 mean fitness": -85.33010704113332,
    "Species 2 std fitness": 63.38236098860004,
    "Species 2 top animal N hidden neurons": 1,
    "Species 2 top animal N synapses": 13,
    "Species 2 top animal": {
        "neurons": {
            "0": {
                "type": "i",
                "bias": 0.2032873330450753
            },
            "1": {
                "type": "i",
                "bias": 0.12298956326585224
            },
            "2": {
                "type": "i",
                "bias": -0.4922328045940308
            },
            "3": {
                "type": "i",
                "bias": 0.8838403751534056
            },
            "4": {
                "type": "i",
                "bias": 0.047518511535162705
            },
            "5": {
                "type": "i",
                "bias": 0.16000735093765747
            },
            "6": {
                "type": "i",
                "bias": 0.012993428076261068
            },
            "7": {
                "type": "i",
                "bias": -0.2560292226470473
            },
            "8": {
                "type": "o",
                "bias": -0.12002437913264818
            },
            "9": {
                "type": "o",
                "bias": -0.025519968725502537
            },
            "10": {
                "type": "o",
                "bias": 0.06844233258053789
            },
            "11": {
                "type": "o",
                "bias": -0.06820841676243738
            },
            "147": {
                "type": "h",
                "bias": 0.0
            }
        },
        "synapses": {
            "161": {
                "nrn_to": 10,
                "nrn_from": 147,
                "weight": 0.04133117188236488,
                "active": true
            },
            "34": {
                "nrn_to": 10,
                "nrn_from": 7,
                "weight": 0.11787535826263089,
                "active": true
            },
            "35": {
                "nrn_to": 10,
                "nrn_from": 6,
                "weight": -1.1703082762363304,
                "active": true
            },
            "36": {
                "nrn_to": 11,
                "nrn_from": 4,
                "weight": 2.774423674075882,
                "active": true
            },
            "163": {
                "nrn_to": 147,
                "nrn_from": 4,
                "weight": 0.012794922943892027,
                "active": false
            },
            "41": {
                "nrn_to": 8,
                "nrn_from": 5,
                "weight": -0.14277310314992267,
                "active": false
            },
            "13": {
                "nrn_to": 11,
                "nrn_from": 0,
                "weight": -0.05657242130189351,
                "active": false
            },
            "15": {
                "nrn_to": 11,
                "nrn_from": 5,
                "weight": 0.6342492215281843,
                "active": true
            },
            "16": {
                "nrn_to": 8,
                "nrn_from": 1,
                "weight": 0.21336065929436143,
                "active": true
            },
            "148": {
                "active": true,
                "nrn_to": 147,
                "nrn_from": 5,
                "weight": 1.1170874740566776
            },
            "149": {
                "active": false,
                "nrn_to": 8,
                "nrn_from": 147,
                "weight": -0.5554630029691
            },
            "23": {
                "nrn_to": 9,
                "nrn_from": 7,
                "weight": 0.1845450528824047,
                "active": false
            },
            "24": {
                "nrn_to": 9,
                "nrn_from": 4,
                "weight": -2.4904501785404114,
                "active": true
            }
        }
    },
    "Species 0 num animals": 25,
    "Species 0 top fitness": 175.10059739772657,
    "Species 0 mean fitness": 44.83596955723919,
    "Species 0 std fitness": 182.6548204862286,