{
    "Num species": 1,
    "Species 0 num animals": 60,
    "Species 0 top fitness": -88.82538548174595,
    "Species 0 mean fitness": -155.1795750371182,
    "Species 0 std fitness": 87.23938683626893,
    "Species 0 top animal N hidden neurons": 0,
    "Species 0 top animal N synapses": 2,
    "Species 0 top animal": {
        "neurons": {
            "0": {
                "type": "i",
                "bias": -0.02390042704502701
            },
            "1": {
                "type": "i",
                "bias": -0.06637427135323214
            },
            "2": {
                "type": "i",
                "bias": 0.0010782377993925284
            },
            "3": {
                "type": "i",
                "bias": -0.14054247264862865
            },
            "4": {
                "type": "i",
                "bias": 0.0136009056618136
            },
            "5": {
                "type": "i",
                "bias": 0.04156354406356812
            },
            "6": {
                "type": "i",
                "bias": 0.039836791516355365
            },
            "7": {
                "type": "i",
                "bias": 0.0
            },
            "8": {
                "type": "o",
                "bias": 0.120524748509724
            },
            "9": {
                "type": "o",
                "bias": -0.05248902597945037
            },
            "10": {
                "type": "o",
                "bias": -0.19257652982278714
            },
            "11": {
                "type": "o",
                "bias": -0.14363532196397127
            }
        },
        "synapses": {
            "20": {
                "nrn_to": 11,
                "nrn_from": 0,
                "weight": 0.6585085737476287,
                "active": true
            },
            "36": {
                "nrn_to": 10,
                "nrn_from": 5,
                "weight": -0.43999930689562916,
                "active": true
            }
        }
    }
}