{
    "Num species": 2,
    "Species 1 num animals": 19,
    "Species 1 top fitness": 34.29611836338486,
    "Species 1 mean fitness": -58.13395962048667,
    "Species 1 std fitness": 73.47993513376497,
    "Species 1 top animal N hidden neurons": 0,
    "Species 1 top animal N synapses": 8,
    "Species 1 top animal": {
        "neurons": {
            "0": {
                "type": "i",
                "bias": -0.15184895309130372
            },
            "1": {
                "type": "i",
                "bias": 0.1315694210291385
            },
            "2": {
                "type": "i",
                "bias": 0.06672065181163563
            },
            "3": {
                "type": "i",
                "bias": 0.06998802611132024
            },
            "4": {
                "type": "i",
                "bias": -0.03638902210184526
            },
            "5": {
                "type": "i",
                "bias": 0.09395531402909899
            },
            "6": {
                "type": "i",
                "bias": -0.280565804728223
            },
            "7": {
                "type": "i",
                "bias": 0.14698289225931208
            },
            "8": {
                "type": "o",
                "bias": 0.09581054476173569
            },
            "9": {
                "type": "o",
                "bias": -0.02178694065063924
            },
            "10": {
                "type": "o",
                "bias": 0.0685990177876973
            },
            "11": {
                "type": "o",
                "bias": 0.020817183290195225
            }
        },
        "synapses": {
            "40": {
                "nrn_to": 8,
                "nrn_from": 3,
                "weight": 0.47027718571721744,
                "active": true
            },
            "12": {
                "nrn_to": 9,
                "nrn_from": 2,
                "weight": 0.2801155719044672,
                "active": true
            },
            "13": {
                "nrn_to": 8,
                "nrn_from": 7,
                "weight": 0.13591039782830272,
                "active": false
            },
            "18": {
                "nrn_to": 8,
                "nrn_from": 5,
                "weight": 0.2216388498389648,
                "active": true
            },
            "19": {
                "nrn_to": 8,
                "nrn_from": 6,
                "weight": 0.23452791414440144,
                "active": true
            },
            "21": {
                "nrn_to": 8,
                "nrn_from": 1,
                "weight": 0.20824289911593333,
                "active": true
            },
            "22": {
                "nrn_to": 9,
                "nrn_from": 4,
                "weight": -2.401947958026495,
                "active": true
            },
            "30": {
                "nrn_to": 11,
                "nrn_from": 5,
                "weight": 0.20322807549833227,
                "active": true
            }
        }
    },
    "Species 0 num animals": 41,
    "Species 0 top fitness": 213.11692160378482,
    "Species 0 mean fitness": 85.35196505983653,
    "Species 0 std fitness": 62.21704253839185,
    "Species 0 top animal N hidden neurons": 1,
    "Species 0 top animal N synapses": 14,
    "Species 0 top animal": {
        "neurons": {
            "0": {
                "type": "i",
                "bias": 0.44226473553902995
            },
            "1": {
                "type": "i",
                "bias": 0.09990698625840166
            },
            "2": {
                "type": "i",
                "bias": 0.07593262694936306
            },
            "3": {
                "type": "i",
                "bias": 0.10029011932566342
            },
            "4": {
                "type": "i",
                "bias": 0.14846503910487013
            },
            "5": {
                "type": "i",
                "bias": -0.14942410198615053
            },
            "6": {
                "type": "i",
                "bias": -0.054665132194116575
            },
            "7": {
                "type": "i",
                "bias": 0.273564767100038
            },
            "8": {
                "type": "o",
                "bias": 0.101207170607619
            },
            "9": {
                "type": "o",
                "bias": 0.027562658682148113
            },
            "10": {
                "type": "o",
                "bias": -0.019747448966813942
            },
            "11": {
                "type": "o",
                "bias": 0.04619744948201093
            },
            "88": {
                "type": "h",
                "bias": 0.0
            }
        },
        "synapses": {
            "37": {
                "nrn_to": 11,
                "nrn_from": 2,
                "weight": -0.49334702370813366,
                "active": true
            },
            "40": {
                "nrn_to": 8,
                "nrn_from": 3,
                "weight": 0.2892654685646564,
                "active": true
            },
            "105": {
                "nrn_to": 88,
                "nrn_from": 7,
                "weight": -0.1782325198724023,
                "active": true
            },
            "13": {
                "nrn_to": 8,
                "nrn_from": 7,
                "weight": 0.1561763725801863,
                "active": false
            },
            "15": {
                "nrn_to": 8,
                "nrn_from": 2,
                "weight": -0.3905054069089354,
                "active": true
            },
            "19": {
                "nrn_to": 8,
                "nrn_from": 6,
                "weight": 0.2573766139303882,
                "active": false
            },
            "21": {
                "nrn_to": 8,
                "nrn_from": 1,
                "weight": 0.3210134152579173,
                "active": false
            },
            "22": {
                "nrn_to": 9,
                "nrn_from": 4,
                "weight": -1.1424113737068164,
                "active": true
            },
            "30": {
                "nrn_to": 11,
                "nrn_from": 5,
                "weight": 0.2816163925213166,
                "active": true
            },
            "24": {
                "nrn_to": 10,
                "nrn_from": 3,
                "weight": -0.6131099925058703,
                "active": true
            },
            "89": {
                "active": true,
                "nrn_to": 88,
                "nrn_from": 5,
                "weight": 0.5731944985457157
            },
            "90": {
                "active": true,
                "nrn_to": 11,
                "nrn_from": 88,
                "weight": 0.4600465185287985
            },
            "94": {
                "nrn_to": 88,
                "nrn_from": 4,
                "weight": 0.03925181764203069,
                "active": true
            },
            "26": {
                "nrn_to": 9,
                "nrn_from": 0,
                "weight": 0.327775520385981,
                "active": true
            }
        }
    }
}