{
    "Num species": 2,
    "Species 0 num animals": 44,
    "Species 0 top fitness": 166.71049152286105,
    "Species 0 mean fitness": -4.130471031002177,
    "Species 0 std fitness": 155.72151975051722,
    "Species 0 top animal N hidden neurons": 0,
    "Species 0 top animal N synapses": 11,
    "Species 0 top animal": {
        "neurons": {
            "0": {
                "type": "i",
                "bias": 0.07121342087250646
            },
            "1": {
                "type": "i",
                "bias": -0.10982331650457458
            },
            "2": {
                "type": "i",
                "bias": -0.031709054983711064
            },
            "3": {
                "type": "i",
                "bias": -0.15174628636103984
            },
            "4": {
                "type": "i",
                "bias": 0.01883581226016262
            },
            "5": {
                "type": "i",
                "bias": -0.7034798486130265
            },
            "6": {
                "type": "i",
                "bias": -0.019028932682828292
            },
            "7": {
                "type": "i",
                "bias": -0.2931150879038008
            },
            "8": {
                "type": "o",
                "bias": 0.23919756517542834
            },
            "9": {
                "type": "o",
                "bias": 0.09218165464678194
            },
            "10": {
                "type": "o",
                "bias": 0.012027198771793621
            },
            "11": {
                "type": "o",
                "bias": 0.021613896398342998
            }
        },
        "synapses": {
            "41": {
                "nrn_to": 11,
                "nrn_from": 7,
                "weight": -0.31272751418581474,
                "active": true
            },
            "43": {
                "nrn_to": 11,
                "nrn_from": 2,
                "weight": -0.2577583438007198,
                "active": true
            },
            "18": {
                "nrn_to": 11,
                "nrn_from": 4,
                "weight": 0.7578201794189406,
                "active": true
            },
            "19": {
                "nrn_to": 10,
                "nrn_from": 3,
                "weight": -0.44110844743025185,
                "active": true
            },
            "21": {
                "nrn_to": 9,
                "nrn_from": 6,
                "weight": -0.05855870364710728,
                "active": true
            },
            "22": {
                "nrn_to": 8,
                "nrn_from": 3,
                "weight": 0.7338865730037791,
                "active": true
            },
            "23": {
                "nrn_to": 11,
                "nrn_from": 5,
                "weight": 0.011459775693001134,
                "active": false
            },
            "24": {
                "nrn_to": 9,
                "nrn_from": 3,
                "weight": 0.004138099774815565,
                "active": true
            },
            "27": {
                "nrn_to": 9,
                "nrn_from": 5,
                "weight": -0.21405614571477363,
                "active": true
            },
            "28": {
                "nrn_to": 11,
                "nrn_from": 0,
                "weight": -0.4776192807933447,
                "active": true
            },
            "30": {
                "nrn_to": 8,
                "nrn_from": 5,
                "weight": -0.06753906454043267,
                "active": false
            }
        }
    },
    "Species 1 num animals": 16,
    "Species 1 top fitness": -209.76995763453297,
    "Species 1 mean fitness": -321.07169206111485,
    "Species 1 std fitness": 50.08669019068284,
    "Species 1 top animal N hidden neurons": 0,
    "Species 1 top animal N synapses": 10,
    "Species 1 top animal": {
        "neurons": {
            "0": {
                "type": "i",
                "bias": 0.07981010890384468
            },
            "1": {
                "type": "i",
                "bias": 0.11065491191224779
            },
            "2": {
                "type": "i",
                "bias": 0.024204167752032296
            },
            "3": {
                "type": "i",
                "bias": -0.3765534871742542
            },
            "4": {
                "type": "i",
                "bias": 0.0003878958881578798
            },
            "5": {
                "type": "i",
                "bias": -0.45320090466876445
            },
            "6": {
                "type": "i",
                "bias": 0.09099537473948416
            },
            "7": {
                "type": "i",
                "bias": -0.16728462806600122
            },
            "8": {
                "type": "o",
                "bias": 0.43191090244868424
            },
            "9": {
                "type": "o",
                "bias": 0.10481114414790792
            },
            "10": {
                "type": "o",
                "bias": 0.1440221342347257
            },
            "11": {
                "type": "o",
                "bias": 0.0636331986690701
            }
        },
        "synapses": {
            "32": {
                "nrn_to": 10,
                "nrn_from": 6,
                "weight": 0.09413682378468269,
                "active": false
            },
            "41": {
                "nrn_to": 11,
                "nrn_from": 7,
                "weight": 0.15449377961039945,
                "active": false
            },
            "43": {
                "nrn_to": 11,
                "nrn_from": 2,
                "weight": -0.19974849204777478,
                "active": true
            },
            "18": {
                "nrn_to": 11,
                "nrn_from": 4,
                "weight": 1.776954805666646,
                "active": true
            },
            "21": {
                "nrn_to": 9,
                "nrn_from": 6,
                "weight": -0.08389331037316519,
                "active": true
            },
            "22": {
                "nrn_to": 8,
                "nrn_from": 3,
                "weight": 2.2387345312553286,
                "active": true
            },
            "23": {
                "nrn_to": 11,
                "nrn_from": 5,
                "weight": 0.0980198044197078,
                "active": false
            },
            "24": {
                "nrn_to": 9,
                "nrn_from": 3,
                "weight": -0.960562054217956,
                "active": true
            },
            "27": {
                "nrn_to": 9,
                "nrn_from": 5,
                "weight": -0.091733991121443,
                "active": true
            },
            "30": {
                "nrn_to": 8,
                "nrn_from": 5,
                "weight": -0.5666535965927888,
                "active": true
            }
        }
    }
}