{
    "Num species": 1,
    "Species 0 num animals": 30,
    "Species 0 top fitness": -74.87046514410915,
    "Species 0 mean fitness": -121.47935677812698,
    "Species 0 std fitness": 36.976113538968704,
    "Species 0 top animal N hidden neurons": 0,
    "Species 0 top animal N synapses": 9,
    "Species 0 top animal": {
        "neurons": {
            "0": {
                "type": "i",
                "bias": 0.24853177763449297
            },
            "1": {
                "type": "i",
                "bias": 0.10293478114887043
            },
            "2": {
                "type": "i",
                "bias": 0.13571907126734378
            },
            "3": {
                "type": "i",
                "bias": -0.08551227482075344
            },
            "4": {
                "type": "i",
                "bias": 0.6389525294771068
            },
            "5": {
                "type": "i",
                "bias": 0.3353037608429973
            },
            "6": {
                "type": "i",
                "bias": -0.014760635279994383
            },
            "7": {
                "type": "i",
                "bias": 0.036969662867693556
            },
            "8": {
                "type": "o",
                "bias": -0.4624987996571074
            },
            "9": {
                "type": "o",
                "bias": -0.012870994162932827
            },
            "10": {
                "type": "o",
                "bias": 0.12829370421709452
            },
            "11": {
                "type": "o",
                "bias": -0.1371827989314988
            }
        },
        "synapses": {
            "36": {
                "nrn_to": 11,
                "nrn_from": 2,
                "weight": -0.5290633695001994,
                "active": true
            },
            "41": {
                "nrn_to": 11,
                "nrn_from": 7,
                "weight": 0.027379049093691273,
                "active": true
            },
            "12": {
                "nrn_to": 10,
                "nrn_from": 6,
                "weight": -0.764079799781455,
                "active": true
            },
            "13": {
                "nrn_to": 8,
                "nrn_from": 1,
                "weight": 1.8666804937051584,
                "active": true
            },
            "45": {
                "nrn_to": 11,
                "nrn_from": 0,
                "weight": 0.31625695636029505,
                "active": true
            },
            "46": {
                "nrn_to": 9,
                "nrn_from": 0,
                "weight": 0.752799527439974,
                "active": true
            },
            "16": {
                "nrn_to": 8,
                "nrn_from": 6,
                "weight": -0.573972100112673,
                "active": true
            },
            "27": {
                "nrn_to": 10,
                "nrn_from": 1,
                "weight": 0.04257345323961603,
                "active": false
            },
            "31": {
                "nrn_to": 11,
                "nrn_from": 1,
                "weight": 0.15984459064694387,
                "active": true
            }
        }
    }
}