{
    "Num species": 1,
    "Species 0 num animals": 60,
    "Species 0 top fitness": -19.898082104969184,
    "Species 0 mean fitness": -91.98491520636883,
    "Species 0 std fitness": 64.58616396846038,
    "Species 0 top animal N hidden neurons": 0,
    "Species 0 top animal N synapses": 13,
    "Species 0 top animal": {
        "neurons": {
            "0": {
                "type": "i",
                "bias": -0.21588666570187662
            },
            "1": {
                "type": "i",
                "bias": 0.1897205686864529
            },
            "2": {
                "type": "i",
                "bias": 0.02352595776249021
            },
            "3": {
                "type": "i",
                "bias": -0.036430343247587565
            },
            "4": {
                "type": "i",
                "bias": 0.3302803025310219
            },
            "5": {
                "type": "i",
                "bias": 0.2471112259448283
            },
            "6": {
                "type": "i",
                "bias": -0.09425298170159108
            },
            "7": {
                "type": "i",
                "bias": 0.3950577282770342
            },
            "8": {
                "type": "o",
                "bias": -0.2434462511138366
            },
            "9": {
                "type": "o",
                "bias": -0.025900073284641525
            },
            "10": {
                "type": "o",
                "bias": 0.12629366731209343
            },
            "11": {
                "type": "o",
                "bias": 0.03770036657188995
            }
        },
        "synapses": {
            "32": {
                "nrn_to": 8,
                "nrn_from": 1,
                "weight": 0.4092338587255006,
                "active": true
            },
            "37": {
                "nrn_to": 11,
                "nrn_from": 0,
                "weight": -0.2676829720730279,
                "active": true
            },
            "39": {
                "nrn_to": 9,
                "nrn_from": 5,
                "weight": -0.08194729913119979,
                "active": true
            },
            "12": {
                "nrn_to": 9,
                "nrn_from": 7,
                "weight": 0.0823386205186673,
                "active": false
            },
            "13": {
                "nrn_to": 9,
                "nrn_from": 4,
                "weight": -0.23136772694194874,
                "active": true
            },
            "16": {
                "nrn_to": 11,
                "nrn_from": 4,
                "weight": 1.1878686123414866,
                "active": true
            },
            "17": {
                "nrn_to": 8,
                "nrn_from": 7,
                "weight": -0.22312703471282785,
                "active": true
            },
            "18": {
                "nrn_to": 10,
                "nrn_from": 7,
                "weight": -0.5095831986579743,
                "active": true
            },
            "20": {
                "nrn_to": 11,
                "nrn_from": 1,
                "weight": -0.17134843832672536,
                "active": false
            },
            "22": {
                "nrn_to": 11,
                "nrn_from": 3,
                "weight": 0.030985332799351763,
                "active": false
            },
            "54": {
                "nrn_to": 9,
                "nrn_from": 1,
                "weight": 0.13679989165545978,
                "active": true
            },
            "31": {
                "nrn_to": 8,
                "nrn_from": 5,
                "weight": -0.35149656380822414,
                "active": true
            },
            "30": {
                "nrn_to": 10,
                "nrn_from": 5,
                "weight": 0.2575333140599524,
                "active": true
            }
        }
    }
}