{
    "Num species": 2,
    "Species 0 num animals": 36,
    "Species 0 top fitness": -60.18695683023065,
    "Species 0 mean fitness": -157.13609720248553,
    "Species 0 std fitness": 110.55160527659682,
    "Species 0 top animal N hidden neurons": 1,
    "Species 0 top animal N synapses": 9,
    "Species 0 top animal": {
        "neurons": {
            "0": {
                "type": "i",
                "bias": -0.05046197028757174
            },
            "1": {
                "type": "i",
                "bias": -0.02191512564377003
            },
            "2": {
                "type": "i",
                "bias": 0.18057454843068435
            },
            "3": {
                "type": "i",
                "bias": 0.1340506686907445
            },
            "4": {
                "type": "i",
                "bias": 0.6092442666585912
            },
            "5": {
                "type": "i",
                "bias": -0.05346226366952597
            },
            "6": {
                "type": "i",
                "bias": -0.16646763613728516
            },
            "7": {
                "type": "i",
                "bias": 0.3993508105860136
            },
            "8": {
                "type": "o",
                "bias": 0.06328765570504555
            },
            "9": {
                "type": "o",
                "bias": -0.387022599691526
            },
            "10": {
                "type": "o",
                "bias": 0.07816632026107646
            },
            "11": {
                "type": "o",
                "bias": -0.03751380919913619
            },
            "44": {
                "type": "h",
                "bias": 0.03232731955289492
            }
        },
        "synapses": {
            "33": {
                "nrn_to": 10,
                "nrn_from": 3,
                "weight": -0.12356818112549942,
                "active": true
            },
            "37": {
                "nrn_to": 8,
                "nrn_from": 6,
                "weight": 0.29860686041164264,
                "active": true
            },
            "12": {
                "nrn_to": 9,
                "nrn_from": 6,
                "weight": 0.26974427626817954,
                "active": true
            },
            "45": {
                "active": true,
                "nrn_to": 44,
                "nrn_from": 6,
                "weight": 0.6653943243263649
            },
            "46": {
                "active": true,
                "nrn_to": 11,
                "nrn_from": 44,
                "weight": 0.4698569381384631
            },
            "19": {
                "nrn_to": 11,
                "nrn_from": 6,
                "weight": 0.08979591055709432,
                "active": false
            },
            "51": {
                "nrn_to": 44,
                "nrn_from": 4,
                "weight": 0.9871083561358343,
                "active": true
            },
            "26": {
                "nrn_to": 8,
                "nrn_from": 1,
                "weight": 0.03797636062682992,
                "active": false
            },
            "28": {
                "nrn_to": 9,
                "nrn_from": 1,
                "weight": 0.4650423741470673,
                "active": true
            }
        }
    },
    "Species 1 num animals": 24,
    "Species 1 top fitness": -62.16176032779754,
    "Species 1 mean fitness": -138.03075704699222,
    "Species 1 std fitness": 99.15475640196318,
    "Species 1 top animal N hidden neurons": 1,
    "Species 1 top animal N synapses": 10,
    "Species 1 top animal": {
        "neurons": {
            "0": {
                "type": "i",
                "bias": 0.09026710761241129
            },
            "1": {
                "type": "i",
                "bias": 0.01608661608805219
            },
            "2": {
                "type": "i",
                "bias": 0.3195716311161868
            },
            "3": {
                "type": "i",
                "bias": 0.22944378440082752
            },
            "4": {
                "type": "i",
                "bias": 0.3670933567371816
            },
            "5": {
                "type": "i",
                "bias": 0.056387326605203396
            },
            "6": {
                "type": "i",
                "bias": -0.33581041092748765
            },
            "7": {
                "type": "i",
                "bias": 0.014319288777615194
            },
            "8": {
                "type": "o",
                "bias": -0.04751347604982404
            },
            "9": {
                "type": "o",
                "bias": -0.47370444686630486
            },
            "10": {
                "type": "o",
                "bias": 0.13957452375298132
            },
            "11": {
                "type": "o",
                "bias": 0.0620250513971446
            },
            "44": {
                "type": "h",
                "bias": -0.007257358419337563
            }
        },
        "synapses": {
            "65": {
                "nrn_to": 44,
                "nrn_from": 0,
                "weight": -0.6429665970305497,
                "active": false
            },
            "66": {
                "nrn_to": 44,
                "nrn_from": 2,
                "weight": -0.013837475058609688,
                "active": true
            },
            "37": {
                "nrn_to": 8,
                "nrn_from": 6,
                "weight": 0.41121392643487154,
                "active": true
            },
            "12": {
                "nrn_to": 9,
                "nrn_from": 6,
                "weight": 0.6362022925234732,
                "active": true
            },
            "45": {
                "active": true,
                "nrn_to": 44,
                "nrn_from": 6,
                "weight": 3.0
            },
            "46": {
                "active": true,
                "nrn_to": 11,
                "nrn_from": 44,
                "weight": 0.3839473370443101
            },
            "19": {
                "nrn_to": 11,
                "nrn_from": 6,
                "weight": 0.26689484691882814,
                "active": false
            },
            "51": {
                "nrn_to": 44,
                "nrn_from": 4,
                "weight": 0.7460693113345414,
                "active": true
            },
            "26": {
                "nrn_to": 8,
                "nrn_from": 1,
                "weight": 0.2549151891131126,
                "active": true
            },
            "28": {
                "nrn_to": 9,
                "nrn_from": 1,
                "weight": 0.5482274955461228,
                "active": true
            }
        }
    }
}