{
    "Num species": 1,
    "Species 0 num animals": 60,
    "Species 0 top fitness": 191.11815102564896,
    "Species 0 mean fitness": -15.062282555484181,
    "Species 0 std fitness": 155.87644997473708,
    "Species 0 top animal N hidden neurons": 0,
    "Species 0 top animal N synapses": 9,
    "Species 0 top animal": {
        "neurons": {
            "0": {
                "type": "i",
                "bias": -0.41781462512374784
            },
            "1": {
                "type": "i",
                "bias": 0.2675279725374169
            },
            "2": {
                "type": "i",
                "bias": -0.011527695003051506
            },
            "3": {
                "type": "i",
                "bias": 0.08955761319946669
            },
            "4": {
                "type": "i",
                "bias": -0.12056702797626258
            },
            "5": {
                "type": "i",
                "bias": 0.15172649070921915
            },
            "6": {
                "type": "i",
                "bias": -0.06131057370312487
            },
            "7": {
                "type": "i",
                "bias": -0.02641312433732757
            },
            "8": {
                "type": "o",
                "bias": 0.2592192347902937
            },
            "9": {
                "type": "o",
                "bias": 0.0881565304464284
            },
            "10": {
                "type": "o",
                "bias": 0.12922952801174395
            },
            "11": {
                "type": "o",
                "bias": -0.06692852977422059
            }
        },
        "synapses": {
            "32": {
                "nrn_to": 8,
                "nrn_from": 6,
                "weight": -0.18946692010040814,
                "active": false
            },
            "34": {
                "nrn_to": 11,
                "nrn_from": 2,
                "weight": -0.3579558304545736,
                "active": true
            },
            "42": {
                "nrn_to": 11,
                "nrn_from": 0,
                "weight": -0.1963021172622535,
                "active": true
            },
            "48": {
                "nrn_to": 9,
                "nrn_from": 7,
                "weight": 0.3622572990391395,
                "active": false
            },
            "18": {
                "nrn_to": 9,
                "nrn_from": 4,
                "weight": -0.14256135367309458,
                "active": true
            },
            "19": {
                "nrn_to": 8,
                "nrn_from": 3,
                "weight": 0.6118236724084573,
                "active": true
            },
            "21": {
                "nrn_to": 8,
                "nrn_from": 4,
                "weight": 0.3809029367254628,
                "active": true
            },
            "22": {
                "nrn_to": 11,
                "nrn_from": 4,
                "weight": 1.222814842883038,
                "active": true
            },
            "29": {
                "nrn_to": 11,
                "nrn_from": 5,
                "weight": 0.405554916615673,
                "active": true
            }
        }
    }
}