{
    "Num species": 1,
    "Species 0 num animals": 60,
    "Species 0 top fitness": -92.277357816823,
    "Species 0 mean fitness": -127.63590200269853,
    "Species 0 std fitness": 108.57562391400978,
    "Species 0 top animal N hidden neurons": 0,
    "Species 0 top animal N synapses": 3,
    "Species 0 top animal": {
        "neurons": {
            "0": {
                "type": "i",
                "bias": 0.07046285801114918
            },
            "1": {
                "type": "i",
                "bias": 0.021565728199788442
            },
            "2": {
                "type": "i",
                "bias": 0.002039193931781331
            },
            "3": {
                "type": "i",
                "bias": -0.028117449768720992
            },
            "4": {
                "type": "i",
                "bias": -0.015309032825887227
            },
            "5": {
                "type": "i",
                "bias": -0.07679277883990956
            },
            "6": {
                "type": "i",
                "bias": 0.1637410467791648
            },
            "7": {
                "type": "i",
                "bias": 0.04877131596413632
            },
            "8": {
                "type": "o",
                "bias": 0.12306053529116684
            },
            "9": {
                "type": "o",
                "bias": 0.0
            },
            "10": {
                "type": "o",
                "bias": 0.0
            },
            "11": {
                "type": "o",
                "bias": 0.0
            }
        },
        "synapses": {
            "17": {
                "nrn_to": 8,
                "nrn_from": 1,
                "weight": 0.6768710156058357,
                "active": true
            },
            "14": {
                "nrn_to": 10,
                "nrn_from": 4,
                "weight": -0.2461336358880214,
                "active": true
            },
            "26": {
                "nrn_to": 11,
                "nrn_from": 4,
                "weight": 0.3910626044554617,
                "active": true
            }
        }
    }
}