{
    "Num species": 1,
    "Species 0 num animals": 60,
    "Species 0 top fitness": -103.75313152408823,
    "Species 0 mean fitness": -201.9622851261121,
    "Species 0 std fitness": 147.10350834238483,
    "Species 0 top animal N hidden neurons": 0,
    "Species 0 top animal N synapses": 2,
    "Species 0 top animal": {
        "neurons": {
            "0": {
                "type": "i",
                "bias": 0.07291032916798433
            },
            "1": {
                "type": "i",
                "bias": -0.0015661903632979927
            },
            "2": {
                "type": "i",
                "bias": 0.09824375815479343
            },
            "3": {
                "type": "i",
                "bias": -0.0695205252609517
            },
            "4": {
                "type": "i",
                "bias": 0.09011435179813299
            },
            "5": {
                "type": "i",
                "bias": -0.0006781342560767398
            },
            "6": {
                "type": "i",
                "bias": -0.10605268089931065
            },
            "7": {
                "type": "i",
                "bias": -0.04852248206691033
            },
            "8": {
                "type": "o",
                "bias": 0.18386553464878164
            },
            "9": {
                "type": "o",
                "bias": -0.012202373954937625
            },
            "10": {
                "type": "o",
                "bias": -0.04231588596933891
            },
            "11": {
                "type": "o",
                "bias": 0.10013933231555208
            }
        },
        "synapses": {
            "13": {
                "nrn_to": 8,
                "nrn_from": 1,
                "weight": 0.9598470836733378,
                "active": true
            },
            "37": {
                "nrn_to": 8,
                "nrn_from": 0,
                "weight": 0.44616451000303997,
                "active": true
            }
        }
    }
}