{
    "Num species": 1,
    "Species 0 num animals": 60,
    "Species 0 top fitness": -97.56393620091191,
    "Species 0 mean fitness": -160.9402667825842,
    "Species 0 std fitness": 80.53399770846671,
    "Species 0 top animal N hidden neurons": 0,
    "Species 0 top animal N synapses": 5,
    "Species 0 top animal": {
        "neurons": {
            "0": {
                "type": "i",
                "bias": -0.37619192381893607
            },
            "1": {
                "type": "i",
                "bias": 0.04242205851621099
            },
            "2": {
                "type": "i",
                "bias": 0.194432639158406
            },
            "3": {
                "type": "i",
                "bias": 0.05043353891010933
            },
            "4": {
                "type": "i",
                "bias": -0.0260597305635673
            },
            "5": {
                "type": "i",
                "bias": -0.0776837681015085
            },
            "6": {
                "type": "i",
                "bias": 0.048087841616842764
            },
            "7": {
                "type": "i",
                "bias": 0.19266786581462242
            },
            "8": {
                "type": "o",
                "bias": 0.2459732137431037
            },
            "9": {
                "type": "o",
                "bias": -0.05782161820396981
            },
            "10": {
                "type": "o",
                "bias": 0.0533270420834425
            },
            "11": {
                "type": "o",
                "bias": 0.02573575971501452
            }
        },
        "synapses": {
            "32": {
                "nrn_to": 9,
                "nrn_from": 2,
                "weight": 0.37508453867843816,
                "active": true
            },
            "33": {
                "nrn_to": 8,
                "nrn_from": 3,
                "weight": 0.14713552718949297,
                "active": true
            },
            "17": {
                "nrn_to": 9,
                "nrn_from": 1,
                "weight": -0.32986026849509587,
                "active": true
            },
            "37": {
                "nrn_to": 11,
                "nrn_from": 5,
                "weight": 0.31835238978815006,
                "active": true
            },
            "41": {
                "nrn_to": 11,
                "nrn_from": 3,
                "weight": 0.5229541401694894,
                "active": true
            }
        }
    }
}