{
    "Num species": 1,
    "Species 0 num animals": 60,
    "Species 0 top fitness": -36.872426255688076,
    "Species 0 mean fitness": -141.55285362401096,
    "Species 0 std fitness": 120.18781585337989,
    "Species 0 top animal N hidden neurons": 0,
    "Species 0 top animal N synapses": 5,
    "Species 0 top animal": {
        "neurons": {
            "0": {
                "type": "i",
                "bias": 0.030035321350456435
            },
            "1": {
                "type": "i",
                "bias": -0.0011470566103527033
            },
            "2": {
                "type": "i",
                "bias": -0.015615811869515106
            },
            "3": {
                "type": "i",
                "bias": -0.0880318345027194
            },
            "4": {
                "type": "i",
                "bias": 0.0227419020681842
            },
            "5": {
                "type": "i",
                "bias": -0.12985183626705948
            },
            "6": {
                "type": "i",
                "bias": -0.10858792694365889
            },
            "7": {
                "type": "i",
                "bias": 0.04223189127482176
            },
            "8": {
                "type": "o",
                "bias": 0.07299350747402795
            },
            "9": {
                "type": "o",
                "bias": 0.0013714164244977367
            },
            "10": {
                "type": "o",
                "bias": 0.053874973400134175
            },
            "11": {
                "type": "o",
                "bias": 0.028947997860736974
            }
        },
        "synapses": {
            "16": {
                "nrn_to": 11,
                "nrn_from": 7,
                "weight": -0.21142072657595545,
                "active": true
            },
            "19": {
                "nrn_to": 8,
                "nrn_from": 6,
                "weight": 0.07788600432089242,
                "active": true
            },
            "21": {
                "nrn_to": 8,
                "nrn_from": 1,
                "weight": 0.12260087438517298,
                "active": true
            },
            "22": {
                "nrn_to": 9,
                "nrn_from": 4,
                "weight": -0.4579365079536796,
                "active": true
            },
            "40": {
                "nrn_to": 8,
                "nrn_from": 3,
                "weight": 0.2849629166419344,
                "active": true
            }
        }
    }
}