{
    "Num species": 1,
    "Species 0 num animals": 60,
    "Species 0 top fitness": -95.26905189796928,
    "Species 0 mean fitness": -170.19547670977258,
    "Species 0 std fitness": 126.24579638779218,
    "Species 0 top animal N hidden neurons": 0,
    "Species 0 top animal N synapses": 4,
    "Species 0 top animal": {
        "neurons": {
            "0": {
                "type": "i",
                "bias": -0.07985559468267125
            },
            "1": {
                "type": "i",
                "bias": -0.006037891952137577
            },
            "2": {
                "type": "i",
                "bias": -0.026646141259526787
            },
            "3": {
                "type": "i",
                "bias": 0.07111392332133785
            },
            "4": {
                "type": "i",
                "bias": -0.08323175561019314
            },
            "5": {
                "type": "i",
                "bias": -0.10495453039045836
            },
            "6": {
                "type": "i",
                "bias": -0.07808917606393624
            },
            "7": {
                "type": "i",
                "bias": -0.08183572496907922
            },
            "8": {
                "type": "o",
                "bias": 0.2451907677770295
            },
            "9": {
                "type": "o",
                "bias": 0.011301679254741268
            },
            "10": {
                "type": "o",
                "bias": -0.10855187215159508
            },
            "11": {
                "type": "o",
                "bias": -0.07582992433034955
            }
        },
        "synapses": {
            "34": {
                "nrn_to": 10,
                "nrn_from": 4,
                "weight": -0.2710663473232698,
                "active": true
            },
            "15": {
                "nrn_to": 10,
                "nrn_from": 5,
                "weight": -0.29987847321979016,
                "active": true
            },
            "23": {
                "nrn_to": 8,
                "nrn_from": 7,
                "weight": -0.300974768895011,
                "active": true
            },
            "22": {
                "nrn_to": 11,
                "nrn_from": 4,
                "weight": 0.5921684127737105,
                "active": true
            }
        }
    }
}