{
    "Num species": 1,
    "Species 0 num animals": 60,
    "Species 0 top fitness": 207.10211549880506,
    "Species 0 mean fitness": -18.93497503440388,
    "Species 0 std fitness": 186.63172672006323,
    "Species 0 top animal N hidden neurons": 0,
    "Species 0 top animal N synapses": 10,
    "Species 0 top animal": {
        "neurons": {
            "0": {
                "type": "i",
                "bias": -0.1624355074713458
            },
            "1": {
                "type": "i",
                "bias": 0.2527412817834541
            },
            "2": {
                "type": "i",
                "bias": 0.014145144924941348
            },
            "3": {
                "type": "i",
                "bias": 0.17994150122002123
            },
            "4": {
                "type": "i",
                "bias": -0.0776824344418538
            },
            "5": {
                "type": "i",
                "bias": 0.4314467697951942
            },
            "6": {
                "type": "i",
                "bias": 0.1573226015355179
            },
            "7": {
                "type": "i",
                "bias": 0.07489489280468747
            },
            "8": {
                "type": "o",
                "bias": 0.35822966617642793
            },
            "9": {
                "type": "o",
                "bias": 0.20527295672142812
            },
            "10": {
                "type": "o",
                "bias": 0.15333426119631266
            },
            "11": {
                "type": "o",
                "bias": 0.13629926385384808
            }
        },
        "synapses": {
            "32": {
                "nrn_to": 8,
                "nrn_from": 6,
                "weight": -0.17471803822322612,
                "active": false
            },
            "34": {
                "nrn_to": 11,
                "nrn_from": 2,
                "weight": -0.22126751304339706,
                "active": true
            },
            "42": {
                "nrn_to": 11,
                "nrn_from": 0,
                "weight": -0.3864622356004712,
                "active": true
            },
            "48": {
                "nrn_to": 9,
                "nrn_from": 7,
                "weight": 0.3429058717223852,
                "active": false
            },
            "18": {
                "nrn_to": 9,
                "nrn_from": 4,
                "weight": -0.06850834221431597,
                "active": true
            },
            "19": {
                "nrn_to": 8,
                "nrn_from": 3,
                "weight": 1.4429036332572676,
                "active": true
            },
            "21": {
                "nrn_to": 8,
                "nrn_from": 4,
                "weight": 0.5159860916236815,
                "active": true
            },
            "22": {
                "nrn_to": 11,
                "nrn_from": 4,
                "weight": 1.1398777593871987,
                "active": true
            },
            "28": {
                "nrn_to": 9,
                "nrn_from": 3,
                "weight": 0.4613816556752052,
                "active": true
            },
            "29": {
                "nrn_to": 11,
                "nrn_from": 5,
                "weight": 0.3770224349265233,
                "active": true
            }
        }
    }
}