{
    "Num species": 4,
    "Species 1 num animals": 10,
    "Species 1 top fitness": 44.25494440504242,
    "Species 1 mean fitness": -520.4693174186262,
    "Species 1 std fitness": 1250.6549134026172,
    "Species 1 top animal N hidden neurons": 0,
    "Species 1 top animal N synapses": 12,
    "Species 1 top animal": {
        "neurons": {
            "0": {
                "type": "i",
                "bias": 0.18186682101130727
            },
            "1": {
                "type": "i",
                "bias": 0.23820249451952297
            },
            "2": {
                "type": "i",
                "bias": -0.1513072907492124
            },
            "3": {
                "type": "i",
                "bias": -0.06888802604856652
            },
            "4": {
                "type": "i",
                "bias": 0.0733070510807089
            },
            "5": {
                "type": "i",
                "bias": -0.13577788255023962
            },
            "6": {
                "type": "i",
                "bias": -0.22038298415662316
            },
            "7": {
                "type": "i",
                "bias": 0.04535228980200057
            },
            "8": {
                "type": "o",
                "bias": -0.03409829162373882
            },
            "9": {
                "type": "o",
                "bias": 0.03904459398900595
            },
            "10": {
                "type": "o",
                "bias": -0.026529056502526155
            },
            "11": {
                "type": "o",
                "bias": 0.07004010639527587
            }
        },
        "synapses": {
            "32": {
                "nrn_to": 11,
                "nrn_from": 7,
                "weight": 0.9374553055159289,
                "active": true
            },
            "33": {
                "nrn_to": 10,
                "nrn_from": 3,
                "weight": -0.32482045213500177,
                "active": true
            },
            "42": {
                "nrn_to": 8,
                "nrn_from": 1,
                "weight": 0.054709826322566296,
                "active": false
            },
            "12": {
                "nrn_to": 10,
                "nrn_from": 6,
                "weight": 0.7493243364323451,
                "active": true
            },
            "47": {
                "nrn_to": 8,
                "nrn_from": 7,
                "weight": -0.21351023657063833,
                "active": true
            },
            "17": {
                "nrn_to": 11,
                "nrn_from": 0,
                "weight": -0.10898578653330535,
                "active": true
            },
            "21": {
                "nrn_to": 10,
                "nrn_from": 2,
                "weight": 0.06569552601667158,
                "active": true
            },
            "22": {
                "nrn_to": 11,
                "nrn_from": 5,
                "weight": 1.7223412311819883,
                "active": true
            },
            "53": {
                "nrn_to": 11,
                "nrn_from": 3,
                "weight": -0.01089919892704553,
                "active": false
            },
            "24": {
                "nrn_to": 9,
                "nrn_from": 7,
                "weight": -0.0036821980654950723,
                "active": false
            },
            "26": {
                "nrn_to": 11,
                "nrn_from": 2,
                "weight": -0.24143344493816127,
                "active": true
            },
            "28": {
                "nrn_to": 11,
                "nrn_from": 4,
                "weight": 0.46209237423493665,
                "active": true
            }
        }
    },
    "Species 3 num animals": 2,
    "Species 3 top fitness": -45.25176371053157,
    "Species 3 mean fitness": -46.1241478988502,
    "Species 3 std fitness": 0.8723841883186232,
    "Species 3 top animal N hidden neurons": 0,
    "Species 3 top animal N synapses": 10,
    "Species 3 top animal": {
        "neurons": {
            "0": {
                "type": "i",
                "bias": -0.04242905704512642
            },
            "1": {
                "type": "i",
                "bias": 0.32051033777883187
            },
            "2": {
                "type": "i",
                "bias": 0.07604176461111158
            },
            "3": {
                "type": "i",
                "bias": 0.09278252214733014
            },
            "4": {
                "type": "i",
                "bias": -0.024603990888985898
            },
            "5": {
                "type": "i",
                "bias": 0.24350164823894593
            },
            "6": {
                "type": "i",
                "bias": -0.3836128513212696
            },
            "7": {
                "type": "i",
                "bias": 0.05286882832183418
            },
            "8": {
                "type": "o",
                "bias": -0.40434026349856905
            },
            "9": {
                "type": "o",
                "bias": 0.12500424082036898
            },
            "10": {
                "type": "o",
                "bias": -0.014617038534039537
            },
            "11": {
                "type": "o",
                "bias": -0.051279647871103416
            }
        },
        "synapses": {
            "33": {
                "nrn_to": 10,
                "nrn_from": 3,
                "weight": -0.23343980115115034,
                "active": true
            },
            "42": {
                "nrn_to": 8,
                "nrn_from": 1,
                "weight": -0.16144315019693511,
                "active": false
            },
            "12": {
                "nrn_to": 10,
                "nrn_from": 6,
                "weight": 0.6136811846290798,
                "active": true
            },
            "13": {
                "nrn_to": 8,
                "nrn_from": 3,
                "weight": 0.23571467804337695,
                "active": true
            },
            "45": {
                "nrn_to": 10,
                "nrn_from": 5,
                "weight": 0.46574420285629015,
                "active": true
            },
            "47": {
                "nrn_to": 8,
                "nrn_from": 7,
                "weight": 0.1698257845954803,
                "active": true
            },
            "22": {
                "nrn_to": 11,
                "nrn_from": 5,
                "weight": 1.7031985448961615,
                "active": true
            },
            "24": {
                "nrn_to": 9,
                "nrn_from": 7,
                "weight": -0.09244004859190327,
                "active": false
            },
            "26": {
                "nrn_to": 11,
                "nrn_from": 2,
                "weight": -0.47164695360089914,
                "active": true
            },
            "28": {
                "nrn_to": 11,
                "nrn_from": 4,
                "weight": 0.5085667303092171,
                "active": true
            }
        }
    },
    "Species 2 num animals": 11,
    "Species 2 top fitness": 24.413239658467887,
    "Species 2 mean fitness": -70.26134063966605,
    "Species 2 std fitness": 41.59249167104966,
    "Species 2 top animal N hidden neurons": 1,
    "Species 2 top animal N synapses": 11,
    "Species 2 top animal": {
        "neurons": {
            "0": {
                "type": "i",
                "bias": 0.269789616701857
            },
            "1": {
                "type": "i",
                "bias": 0.22954490949336495
            },
            "2": {
                "type": "i",
                "bias": -0.17079888491818748
            },
            "3": {
                "type": "i",
                "bias": 0.0593452146177489
            },
            "4": {
                "type": "i",