{
    "Num species": 2,
    "Species 0 num animals": 43,
    "Species 0 top fitness": 201.79625579968337,
    "Species 0 mean fitness": 11.281510603677638,
    "Species 0 std fitness": 175.65754107185305,
    "Species 0 top animal N hidden neurons": 0,
    "Species 0 top animal N synapses": 11,
    "Species 0 top animal": {
        "neurons": {
            "0": {
                "type": "i",
                "bias": 0.07121342087250646
            },
            "1": {
                "type": "i",
                "bias": -0.10982331650457458
            },
            "2": {
                "type": "i",
                "bias": -0.031709054983711064
            },
            "3": {
                "type": "i",
                "bias": -0.15174628636103984
            },
            "4": {
                "type": "i",
                "bias": 0.01883581226016262
            },
            "5": {
                "type": "i",
                "bias": -0.7034798486130265
            },
            "6": {
                "type": "i",
                "bias": -0.019028932682828292
            },
            "7": {
                "type": "i",
                "bias": -0.2931150879038008
            },
            "8": {
                "type": "o",
                "bias": 0.23919756517542834
            },
            "9": {
                "type": "o",
                "bias": 0.09218165464678194
            },
            "10": {
                "type": "o",
                "bias": 0.012027198771793621
            },
            "11": {
                "type": "o",
                "bias": 0.021613896398342998
            }
        },
        "synapses": {
            "41": {
                "nrn_to": 11,
                "nrn_from": 7,
                "weight": -0.31272751418581474,
                "active": true
            },
            "43": {
                "nrn_to": 11,
                "nrn_from": 2,
                "weight": -0.2577583438007198,
                "active": true
            },
            "18": {
                "nrn_to": 11,
                "nrn_from": 4,
                "weight": 0.7578201794189406,
                "active": true
            },
            "19": {
                "nrn_to": 10,
                "nrn_from": 3,
                "weight": -0.44110844743025185,
                "active": true
            },
            "21": {
                "nrn_to": 9,
                "nrn_from": 6,
                "weight": -0.05855870364710728,
                "active": true
            },
            "22": {
                "nrn_to": 8,
                "nrn_from": 3,
                "weight": 0.7338865730037791,
                "active": true
            },
            "23": {
                "nrn_to": 11,
                "nrn_from": 5,
                "weight": 0.011459775693001134,
                "active": false
            },
            "24": {
                "nrn_to": 9,
                "nrn_from": 3,
                "weight": 0.004138099774815565,
                "active": true
            },
            "27": {
                "nrn_to": 9,
                "nrn_from": 5,
                "weight": -0.21405614571477363,
                "active": true
            },
            "28": {
                "nrn_to": 11,
                "nrn_from": 0,
                "weight": -0.4776192807933447,
                "active": true
            },
            "30": {
                "nrn_to": 8,
                "nrn_from": 5,
                "weight": -0.06753906454043267,
                "active": false
            }
        }
    },
    "Species 1 num animals": 17,
    "Species 1 top fitness": -130.02835872083503,
    "Species 1 mean fitness": -253.4421969422408,
    "Species 1 std fitness": 94.71871967010281,
    "Species 1 top animal N hidden neurons": 0,
    "Species 1 top animal N synapses": 10,
    "Species 1 top animal": {
        "neurons": {
            "0": {
                "type": "i",
                "bias": 0.07981010890384468
            },
            "1": {
                "type": "i",
                "bias": 0.11065491191224779
            },
            "2": {
                "type": "i",
                "bias": 0.024204167752032296
            },
            "3": {
                "type": "i",
                "bias": -0.3765534871742542
            },
            "4": {
                "type": "i",
                "bias": 0.0007757917763157596
            },
            "5": {
                "type": "i",
                "bias": -0.3644510747794639
            },
            "6": {
                "type": "i",
                "bias": 0.09099537473948416
            },
            "7": {
                "type": "i",
                "bias": -0.16728462806600122
            },
            "8": {
                "type": "o",
                "bias": 0.3895849970867697
            },
            "9": {
                "type": "o",
                "bias": 0.06994091975592234
            },
            "10": {
                "type": "o",
                "bias": 0.1440221342347257
            },
            "11": {
                "type": "o",
                "bias": 0.08928330034217012
            }
        },
        "synapses": {
            "32": {
                "nrn_to": 10,
                "nrn_from": 6,
                "weight": 0.06135189249506429,
                "active": false
            },
            "41": {
                "nrn_to": 11,
                "nrn_from": 7,
                "weight": 0.15449377961039945,
                "active": false
            },
            "43": {
                "nrn_to": 11,
                "nrn_from": 2,
                "weight": -0.19974849204777478,
                "active": true
            },
            "18": {
                "nrn_to": 11,
                "nrn_from": 4,
                "weight": 1.776954805666646,
                "active": true
            },
            "21": {
                "nrn_to": 9,
                "nrn_from": 6,
                "weight": -0.08389331037316519,
                "active": true
            },
            "22": {
                "nrn_to": 8,
                "nrn_from": 3,
                "weight": 2.1891950152918955,
                "active": true
            },
            "23": {
                "nrn_to": 11,
                "nrn_from": 5,
                "weight": 0.0980198044197078,
                "active": false
            },
            "24": {
                "nrn_to": 9,
                "nrn_from": 3,
                "weight": -0.8588859238676898,
                "active": true
            },
            "27": {
                "nrn_to": 9,
                "nrn_from": 5,
                "weight": -0.091733991121443,
                "active": true
            },
            "30": {
                "nrn_to": 8,
                "nrn_from": 5,
                "weight": -0.5346678615551742,
                "active": true
            }
        }
    }
}