{
    "Num species": 2,
    "Species 0 num animals": 43,
    "Species 0 top fitness": 256.0550134388667,
    "Species 0 mean fitness": 98.55507971852785,
    "Species 0 std fitness": 145.20765906273664,
    "Species 0 top animal N hidden neurons": 0,
    "Species 0 top animal N synapses": 11,
    "Species 0 top animal": {
        "neurons": {
            "0": {
                "type": "i",
                "bias": 0.05552625585570594
            },
            "1": {
                "type": "i",
                "bias": -0.13997502231804143
            },
            "2": {
                "type": "i",
                "bias": -0.09391622737635176
            },
            "3": {
                "type": "i",
                "bias": -0.16375179071177495
            },
            "4": {
                "type": "i",
                "bias": 0.027431668803203718
            },
            "5": {
                "type": "i",
                "bias": -0.703010394757098
            },
            "6": {
                "type": "i",
                "bias": -0.07056193647810731
            },
            "7": {
                "type": "i",
                "bias": -0.2931150879038008
            },
            "8": {
                "type": "o",
                "bias": 0.15537127108995222
            },
            "9": {
                "type": "o",
                "bias": 0.09218165464678194
            },
            "10": {
                "type": "o",
                "bias": 0.012027198771793621
            },
            "11": {
                "type": "o",
                "bias": 0.04846349042342837
            }
        },
        "synapses": {
            "42": {
                "nrn_to": 8,
                "nrn_from": 1,
                "weight": -0.1304232153169108,
                "active": true
            },
            "43": {
                "nrn_to": 11,
                "nrn_from": 2,
                "weight": -0.31250845876233846,
                "active": true
            },
            "18": {
                "nrn_to": 11,
                "nrn_from": 4,
                "weight": 0.80943118273445,
                "active": true
            },
            "19": {
                "nrn_to": 10,
                "nrn_from": 3,
                "weight": -0.3119926488703645,
                "active": true
            },
            "21": {
                "nrn_to": 9,
                "nrn_from": 6,
                "weight": -0.08094978487887718,
                "active": true
            },
            "22": {
                "nrn_to": 8,
                "nrn_from": 3,
                "weight": 0.6530629188353628,
                "active": true
            },
            "23": {
                "nrn_to": 11,
                "nrn_from": 5,
                "weight": 0.36542939047157325,
                "active": true
            },
            "24": {
                "nrn_to": 9,
                "nrn_from": 3,
                "weight": 0.17695353129418828,
                "active": true
            },
            "27": {
                "nrn_to": 9,
                "nrn_from": 5,
                "weight": -0.33016823644243826,
                "active": true
            },
            "28": {
                "nrn_to": 11,
                "nrn_from": 0,
                "weight": -0.23880964039667235,
                "active": true
            },
            "30": {
                "nrn_to": 8,
                "nrn_from": 5,
                "weight": -0.2916771998893832,
                "active": false
            }
        }
    },
    "Species 1 num animals": 17,
    "Species 1 top fitness": -120.3298778264028,
    "Species 1 mean fitness": -150.58983125242662,
    "Species 1 std fitness": 25.84635435346237,
    "Species 1 top animal N hidden neurons": 0,
    "Species 1 top animal N synapses": 10,
    "Species 1 top animal": {
        "neurons": {
            "0": {
                "type": "i",
                "bias": 0.07981010890384468
            },
            "1": {
                "type": "i",
                "bias": 0.06014802768251654
            },
            "2": {
                "type": "i",
                "bias": 0.005181107248871011
            },
            "3": {
                "type": "i",
                "bias": -0.3765534871742542
            },
            "4": {
                "type": "i",
                "bias": -0.003690589488950395
            },
            "5": {
                "type": "i",
                "bias": -0.3644510747794639
            },
            "6": {
                "type": "i",
                "bias": 0.15513059423954412
            },
            "7": {
                "type": "i",
                "bias": -0.11533347739343225
            },
            "8": {
                "type": "o",
                "bias": 0.2525636671417397
            },
            "9": {
                "type": "o",
                "bias": 0.14255311712250252
            },
            "10": {
                "type": "o",
                "bias": 0.1440221342347257
            },
            "11": {
                "type": "o",
                "bias": 0.13783897244996274
            }
        },
        "synapses": {
            "32": {
                "nrn_to": 10,
                "nrn_from": 6,
                "weight": 0.10794482940014063,
                "active": false
            },
            "41": {
                "nrn_to": 11,
                "nrn_from": 7,
                "weight": 0.14997582491336778,
                "active": false
            },
            "43": {
                "nrn_to": 11,
                "nrn_from": 2,
                "weight": -0.12459254579104521,
                "active": true
            },
            "18": {
                "nrn_to": 11,
                "nrn_from": 4,
                "weight": 3.0,
                "active": true
            },
            "21": {
                "nrn_to": 9,
                "nrn_from": 6,
                "weight": -0.12607686121877731,
                "active": true
            },
            "22": {
                "nrn_to": 8,
                "nrn_from": 3,
                "weight": 2.1891950152918955,
                "active": true
            },
            "23": {
                "nrn_to": 11,
                "nrn_from": 5,
                "weight": -0.02055763301478812,
                "active": false
            },
            "24": {
                "nrn_to": 9,
                "nrn_from": 3,
                "weight": -0.8588859238676898,
                "active": true
            },
            "27": {
                "nrn_to": 9,
                "nrn_from": 5,
                "weight": -0.1891838984371746,
                "active": true
            },
            "30": {
                "nrn_to": 8,
                "nrn_from": 5,
                "weight": -0.5501056994799661,
                "active": true
            }
        }
    }
}