{
    "Num species": 4,
    "Species 2 num animals": 26,
    "Species 2 top fitness": -60.69996797062969,
    "Species 2 mean fitness": -158.1155108350676,
    "Species 2 std fitness": 107.65705396942741,
    "Species 2 top animal N hidden neurons": 1,
    "Species 2 top animal N synapses": 12,
    "Species 2 top animal": {
        "neurons": {
            "0": {
                "type": "i",
                "bias": -0.08605717966977258
            },
            "1": {
                "type": "i",
                "bias": -0.10807079132973207
            },
            "2": {
                "type": "i",
                "bias": 0.1544853072529333
            },
            "3": {
                "type": "i",
                "bias": 0.1608363916247939
            },
            "4": {
                "type": "i",
                "bias": 0.5393070811331502
            },
            "5": {
                "type": "i",
                "bias": 0.1442588786840982
            },
            "6": {
                "type": "i",
                "bias": -0.15047851195200096
            },
            "7": {
                "type": "i",
                "bias": -0.028647718946396682
            },
            "8": {
                "type": "o",
                "bias": -0.09647601560930953
            },
            "9": {
                "type": "o",
                "bias": -0.3574696433050512
            },
            "10": {
                "type": "o",
                "bias": 0.157988439614765
            },
            "11": {
                "type": "o",
                "bias": 0.031200613196254758
            },
            "44": {
                "type": "h",
                "bias": -0.04308638188933113
            }
        },
        "synapses": {
            "37": {
                "nrn_to": 8,
                "nrn_from": 6,
                "weight": 0.45469956036361586,
                "active": true
            },
            "38": {
                "nrn_to": 9,
                "nrn_from": 5,
                "weight": -0.39860470617660343,
                "active": true
            },
            "40": {
                "nrn_to": 8,
                "nrn_from": 0,
                "weight": -0.02869571000757776,
                "active": false
            },
            "12": {
                "nrn_to": 9,
                "nrn_from": 6,
                "weight": 0.3884417701534043,
                "active": true
            },
            "45": {
                "active": true,
                "nrn_to": 44,
                "nrn_from": 6,
                "weight": 3.0
            },
            "14": {
                "nrn_to": 8,
                "nrn_from": 2,
                "weight": 0.09427538304331587,
                "active": false
            },
            "46": {
                "active": true,
                "nrn_to": 11,
                "nrn_from": 44,
                "weight": 0.49506664487717456
            },
            "16": {
                "nrn_to": 11,
                "nrn_from": 5,
                "weight": -0.07557695110728634,
                "active": true
            },
            "19": {
                "nrn_to": 11,
                "nrn_from": 6,
                "weight": 0.07125439911139939,
                "active": false
            },
            "51": {
                "nrn_to": 44,
                "nrn_from": 4,
                "weight": 0.8111736752202792,
                "active": true
            },
            "26": {
                "nrn_to": 8,
                "nrn_from": 1,
                "weight": 0.31353097769257426,
                "active": true
            },
            "28": {
                "nrn_to": 9,
                "nrn_from": 1,
                "weight": 0.4880747673128317,
                "active": true
            }
        }
    },
    "Species 0 num animals": 3,
    "Species 0 top fitness": -118.31472498119496,
    "Species 0 mean fitness": -184.80877585899506,
    "Species 0 std fitness": 80.6073609964562,
    "Species 0 top animal N hidden neurons": 1,
    "Species 0 top animal N synapses": 11,
    "Species 0 top animal": {
        "neurons": {
            "0": {
                "type": "i",
                "bias": 0.029495591079188362
            },
            "1": {
                "type": "i",
                "bias": 0.01608661608805219
            },
            "2": {
                "type": "i",
                "bias": 0.3328405179792328
            },
            "3": {
                "type": "i",
                "bias": 0.2461903170321823
            },
            "4": {
                "type": "i",
                "bias": 0.3997943620066436
            },
            "5": {
                "type": "i",
                "bias": 0.056387326605203396
            },
            "6": {
                "type": "i",
                "bias": -0.6716208218549753
            },
            "7": {
                "type": "i",
                "bias": 0.02199468781096915
            },
            "8": {
                "type": "o",
                "bias": 0.06328765570504555
            },
            "9": {
                "type": "o",
                "bias": -0.47370444686630486
            },
            "10": {
                "type": "o",
                "bias": 0.13957452375298132
            },
            "11": {
                "type": "o",
                "bias": 0.0620250513971446
            },
            "44": {
                "type": "h",
                "bias": -0.007257358419337563
            }
        },
        "synapses": {
            "65": {
                "nrn_to": 44,
                "nrn_from": 0,
                "weight": -0.7230645858346,
                "active": false
            },
            "66": {
                "nrn_to": 44,
                "nrn_from": 2,
                "weight": -0.03825439518327048,
                "active": false
            },
            "37": {
                "nrn_to": 8,
                "nrn_from": 6,
                "weight": 0.46936360386847764,
                "active": true
            },
            "12": {
                "nrn_to": 9,
                "nrn_from": 6,
                "weight": 0.6362022925234732,
                "active": true
            },
            "45": {
                "active": true,
                "nrn_to": 44,
                "nrn_from": 6,
                "weight": 1.0768096770512334
            },
            "46": {
                "active": true,
                "nrn_to": 11,
                "nrn_from": 44,
                "weight": 0.3816220707977842
            },
            "19": {
                "nrn_to": 11,
                "nrn_from": 6,
                "weight": 0.08979591055709432,
                "active": false
            },
            "51": {
                "nrn_to": 44,
                "nrn_from": 4,
                "weight": 1.4921386226690827,
                "active": true
            },
            "26": {
                "nrn_to": 8,
                "nrn_from": 1,
                "weight": 0.2549151891131126,
                "active": true
            },
            "59": {
                "nrn_to": 44,
                "nrn_from": 1,
                "weight": -0.08139818392741546,
                "active": true
            },
            "28": {
                "nrn_to": 9,
                "nrn_from": 1,
                "weight": 0.4622492382639213,
                "active": true
            }
        }
    },
    "Species 3 num animals": 2,
    "Species 3 top fitness": -87.85683915781868,
    "Species 3 mean fitness": -138.84038028599255,
    "Species 3 std fitness": 50.98354112817387,
    "Species 3 top animal N hidden neurons": 1,
    "Species 3 top animal N synapses": 11,
    "Species 3 top animal": {
        "neurons": {
            "0": {
                "type": "i",
                "bias": -0.18291476845901644
            },