{
    "Num species": 3,
    "Species 1 num animals": 32,
    "Species 1 top fitness": 122.41106618461549,
    "Species 1 mean fitness": -40.63008388767516,
    "Species 1 std fitness": 183.75493720441756,
    "Species 1 top animal N hidden neurons": 0,
    "Species 1 top animal N synapses": 9,
    "Species 1 top animal": {
        "neurons": {
            "0": {
                "type": "i",
                "bias": 0.02172460296907179
            },
            "1": {
                "type": "i",
                "bias": -0.09892553568536616
            },
            "2": {
                "type": "i",
                "bias": -0.2005246941997072
            },
            "3": {
                "type": "i",
                "bias": 0.510289814238554
            },
            "4": {
                "type": "i",
                "bias": 0.7429591015511418
            },
            "5": {
                "type": "i",
                "bias": 0.2687292464687623
            },
            "6": {
                "type": "i",
                "bias": -0.04646570602870158
            },
            "7": {
                "type": "i",
                "bias": -0.4049120120771765
            },
            "8": {
                "type": "o",
                "bias": -0.4876536858694612
            },
            "9": {
                "type": "o",
                "bias": 0.038934847973271236
            },
            "10": {
                "type": "o",
                "bias": 0.1181564249604196
            },
            "11": {
                "type": "o",
                "bias": 0.1632831655865612
            }
        },
        "synapses": {
            "13": {
                "nrn_to": 11,
                "nrn_from": 0,
                "weight": -0.34707933602894675,
                "active": false
            },
            "15": {
                "nrn_to": 11,
                "nrn_from": 5,
                "weight": 0.20316866427549776,
                "active": false
            },
            "16": {
                "nrn_to": 8,
                "nrn_from": 1,
                "weight": 0.2816825280245369,
                "active": false
            },
            "22": {
                "nrn_to": 9,
                "nrn_from": 0,
                "weight": 1.6591958086965126,
                "active": true
            },
            "23": {
                "nrn_to": 9,
                "nrn_from": 7,
                "weight": -0.5768934014023831,
                "active": true
            },
            "24": {
                "nrn_to": 9,
                "nrn_from": 4,
                "weight": -2.8212778589119867,
                "active": true
            },
            "25": {
                "nrn_to": 10,
                "nrn_from": 5,
                "weight": 0.07327174660701873,
                "active": false
            },
            "28": {
                "nrn_to": 11,
                "nrn_from": 3,
                "weight": 0.24232963672801203,
                "active": true
            },
            "30": {
                "nrn_to": 9,
                "nrn_from": 5,
                "weight": -0.38982705567861453,
                "active": true
            }
        }
    },
    "Species 2 num animals": 13,
    "Species 2 top fitness": -43.18444125646476,
    "Species 2 mean fitness": -117.20051866385433,
    "Species 2 std fitness": 161.84360403523092,
    "Species 2 top animal N hidden neurons": 1,
    "Species 2 top animal N synapses": 11,
    "Species 2 top animal": {
        "neurons": {
            "0": {
                "type": "i",
                "bias": 0.8215353984728802
            },
            "1": {
                "type": "i",
                "bias": 0.08542220578301565
            },
            "2": {
                "type": "i",
                "bias": -0.3109521693858541
            },
            "3": {
                "type": "i",
                "bias": 0.42674904404747144
            },
            "4": {
                "type": "i",
                "bias": 0.1975727329681453
            },
            "5": {
                "type": "i",
                "bias": 0.21274268124363727
            },
            "6": {
                "type": "i",
                "bias": -0.04211866512153709
            },
            "7": {
                "type": "i",
                "bias": -0.3375668434388154
            },
            "8": {
                "type": "o",
                "bias": -0.14251736498531636
            },
            "9": {
                "type": "o",
                "bias": 0.013290616897492082
            },
            "10": {
                "type": "o",
                "bias": 0.06317409378524666
            },
            "11": {
                "type": "o",
                "bias": -0.019968877393652145
            },
            "147": {
                "type": "h",
                "bias": -0.03671794945676843
            }
        },
        "synapses": {
            "34": {
                "nrn_to": 10,
                "nrn_from": 7,
                "weight": 0.0998097505996234,
                "active": true
            },
            "163": {
                "nrn_to": 147,
                "nrn_from": 4,
                "weight": -0.010316188754864005,
                "active": true
            },
            "36": {
                "nrn_to": 11,
                "nrn_from": 4,
                "weight": 1.903392910761396,
                "active": true
            },
            "41": {
                "nrn_to": 8,
                "nrn_from": 5,
                "weight": -0.18367601433115827,
                "active": false
            },
            "13": {
                "nrn_to": 11,
                "nrn_from": 0,
                "weight": -0.14122197950278978,
                "active": false
            },
            "15": {
                "nrn_to": 11,
                "nrn_from": 5,
                "weight": 0.5729160438108293,
                "active": true
            },
            "16": {
                "nrn_to": 8,
                "nrn_from": 1,
                "weight": 0.22802892050603593,
                "active": true
            },
            "148": {
                "active": true,
                "nrn_to": 147,
                "nrn_from": 5,
                "weight": 1.0823505703046563
            },
            "149": {
                "active": false,
                "nrn_to": 8,
                "nrn_from": 147,
                "weight": -0.24559158548957055
            },
            "23": {
                "nrn_to": 9,
                "nrn_from": 7,
                "weight": 0.03698226185875634,
                "active": true
            },
            "24": {
                "nrn_to": 9,
                "nrn_from": 4,
                "weight": -1.1186814570655297,
                "active": true
            }
        }
    },
    "Species 0 num animals": 15,
    "Species 0 top fitness": 114.03313961735263,
    "Species 0 mean fitness": -4.452836770244392,
    "Species 0 std fitness": 128.478313194819,
    "Species 0 top animal N hidden neurons": 0,
    "Species 0 top animal N synapses": 9,
    "Species 0 top animal": {
        "neurons": {
            "0": {
                "type": "i",
                "bias": 0.07076346915865768
            },
            "1": {
                "type": "i",
                "bias": -0.1056443920861124
            },
            "2": {
                "type": "i",
                "bias": -0.3052444576379384
            },
            "3": {
                "type": "i",
                "bias": 1.035046400339077
            },
            "4": {
                "type": "i",
                "bias": 0.48131858037546843
            },
            "5": {
                "type": "i",
                "bias": 0.2404917665786876
            },
            "6": {
                "type": "i",
                "bias": -0.024370872888867322
            },