{
    "Num species": 4,
    "Species 0 num animals": 20,
    "Species 0 top fitness": 16.681199268599865,
    "Species 0 mean fitness": -62.63651945282063,
    "Species 0 std fitness": 58.14105212419778,
    "Species 0 top animal N hidden neurons": 0,
    "Species 0 top animal N synapses": 11,
    "Species 0 top animal": {
        "neurons": {
            "0": {
                "type": "i",
                "bias": 0.28963182890065153
            },
            "1": {
                "type": "i",
                "bias": -0.012495573508999061
            },
            "2": {
                "type": "i",
                "bias": 0.3082172065333462
            },
            "3": {
                "type": "i",
                "bias": -0.09348799771581114
            },
            "4": {
                "type": "i",
                "bias": 0.328473632581367
            },
            "5": {
                "type": "i",
                "bias": -0.18527655387254618
            },
            "6": {
                "type": "i",
                "bias": -0.5586536973218734
            },
            "7": {
                "type": "i",
                "bias": 0.10123675565453977
            },
            "8": {
                "type": "o",
                "bias": -0.13000825439685532
            },
            "9": {
                "type": "o",
                "bias": -0.45227995879737104
            },
            "10": {
                "type": "o",
                "bias": 0.08517629988816898
            },
            "11": {
                "type": "o",
                "bias": 0.09128582311312695
            }
        },
        "synapses": {
            "33": {
                "nrn_to": 11,
                "nrn_from": 5,
                "weight": 0.17352576915689588,
                "active": true
            },
            "38": {
                "nrn_to": 9,
                "nrn_from": 3,
                "weight": -0.09670880039683372,
                "active": false
            },
            "39": {
                "nrn_to": 10,
                "nrn_from": 5,
                "weight": -0.36913897025813336,
                "active": true
            },
            "43": {
                "nrn_to": 8,
                "nrn_from": 0,
                "weight": 0.000803523264645771,
                "active": false
            },
            "12": {
                "nrn_to": 9,
                "nrn_from": 4,
                "weight": -0.8923950881951485,
                "active": true
            },
            "13": {
                "nrn_to": 9,
                "nrn_from": 2,
                "weight": 0.2216046055393217,
                "active": true
            },
            "17": {
                "nrn_to": 8,
                "nrn_from": 6,
                "weight": -0.24310771910676282,
                "active": false
            },
            "21": {
                "nrn_to": 8,
                "nrn_from": 1,
                "weight": 0.3426141545576622,
                "active": true
            },
            "53": {
                "nrn_to": 11,
                "nrn_from": 7,
                "weight": 0.432634003888953,
                "active": true
            },
            "23": {
                "nrn_to": 8,
                "nrn_from": 7,
                "weight": -0.5858383485509847,
                "active": true
            },
            "29": {
                "nrn_to": 11,
                "nrn_from": 4,
                "weight": 1.0529028794053001,
                "active": true
            }
        }
    },
    "Species 2 num animals": 11,
    "Species 2 top fitness": -26.75322982007998,
    "Species 2 mean fitness": -61.18909706427867,
    "Species 2 std fitness": 29.601407558423276,
    "Species 2 top animal N hidden neurons": 0,
    "Species 2 top animal N synapses": 11,
    "Species 2 top animal": {
        "neurons": {
            "0": {
                "type": "i",
                "bias": 0.18356214159013062
            },
            "1": {
                "type": "i",
                "bias": 0.301408888217657
            },
            "2": {
                "type": "i",
                "bias": 0.23497441940672667
            },
            "3": {
                "type": "i",
                "bias": 0.024921170770575957
            },
            "4": {
                "type": "i",
                "bias": 0.0728345585633696
            },
            "5": {
                "type": "i",
                "bias": -0.39504190731474276
            },
            "6": {
                "type": "i",
                "bias": -0.41393535238524487
            },
            "7": {
                "type": "i",
                "bias": -0.08327623951128002
            },
            "8": {
                "type": "o",
                "bias": -0.20324293760481466
            },
            "9": {
                "type": "o",
                "bias": -0.2494525660839261
            },
            "10": {
                "type": "o",
                "bias": 0.15166403615831417
            },
            "11": {
                "type": "o",
                "bias": 0.15708377765005235
            }
        },
        "synapses": {
            "39": {
                "nrn_to": 10,
                "nrn_from": 5,
                "weight": -1.1122991783624072,
                "active": true
            },
            "40": {
                "nrn_to": 9,
                "nrn_from": 1,
                "weight": 0.42767160911385516,
                "active": true
            },
            "43": {
                "nrn_to": 8,
                "nrn_from": 0,
                "weight": 0.05221066001335479,
                "active": false
            },
            "12": {
                "nrn_to": 9,
                "nrn_from": 4,
                "weight": -1.6916600716612196,
                "active": true
            },
            "13": {
                "nrn_to": 9,
                "nrn_from": 2,
                "weight": -0.054549219077848016,
                "active": false
            },
            "17": {
                "nrn_to": 8,
                "nrn_from": 6,
                "weight": -0.14378129316018834,
                "active": true
            },
            "19": {
                "nrn_to": 10,
                "nrn_from": 0,
                "weight": 0.0039518230047684705,
                "active": true
            },
            "21": {
                "nrn_to": 8,
                "nrn_from": 1,
                "weight": 0.514199412791656,
                "active": true
            },
            "53": {
                "nrn_to": 11,
                "nrn_from": 7,
                "weight": 0.6659460936475257,
                "active": true
            },
            "23": {
                "nrn_to": 8,
                "nrn_from": 7,
                "weight": -3.0,
                "active": true
            },
            "29": {
                "nrn_to": 11,
                "nrn_from": 4,
                "weight": 1.1109111925852786,
                "active": true
            }
        }
    },
    "Species 1 num animals": 13,
    "Species 1 top fitness": -39.83288189286491,
    "Species 1 mean fitness": -65.49070390481293,
    "Species 1 std fitness": 31.076034972325477,
    "Species 1 top animal N hidden neurons": 0,
    "Species 1 top animal N synapses": 10,
    "Species 1 top animal": {
        "neurons": {
            "0": {
                "type": "i",
                "bias": 0.2309077765876278
            },
            "1": {
                "type": "i",
                "bias": 0.18133854225540147
            },
            "2": {
                "type": "i",
                "bias": 0.027647862300914386
            },
            "3": {
                "type": "i",
                "bias": -0.09226029736806303
            },
            "4": {
                "type": "i",