{
    "Num species": 2,
    "Species 0 num animals": 41,
    "Species 0 top fitness": -33.844025925415366,
    "Species 0 mean fitness": -105.9455924541183,
    "Species 0 std fitness": 78.15787238664548,
    "Species 0 top animal N hidden neurons": 1,
    "Species 0 top animal N synapses": 9,
    "Species 0 top animal": {
        "neurons": {
            "0": {
                "type": "i",
                "bias": -0.335016338454854
            },
            "1": {
                "type": "i",
                "bias": 0.04172714748774469
            },
            "2": {
                "type": "i",
                "bias": 0.025166396342844663
            },
            "3": {
                "type": "i",
                "bias": -0.05634563527520034
            },
            "4": {
                "type": "i",
                "bias": 0.294395458314542
            },
            "5": {
                "type": "i",
                "bias": -0.013151475401854457
            },
            "6": {
                "type": "i",
                "bias": -0.3652371770486992
            },
            "7": {
                "type": "i",
                "bias": -0.014589926833013252
            },
            "8": {
                "type": "o",
                "bias": -0.17358431506629216
            },
            "9": {
                "type": "o",
                "bias": -0.12319835178449123
            },
            "10": {
                "type": "o",
                "bias": 0.10842364579117134
            },
            "11": {
                "type": "o",
                "bias": 0.022447810369650788
            },
            "56": {
                "type": "h",
                "bias": -0.07149057606504122
            }
        },
        "synapses": {
            "66": {
                "nrn_to": 56,
                "nrn_from": 7,
                "weight": 0.09312471737683528,
                "active": false
            },
            "34": {
                "nrn_to": 9,
                "nrn_from": 3,
                "weight": -0.1406671030618397,
                "active": true
            },
            "71": {
                "nrn_to": 11,
                "nrn_from": 6,
                "weight": 0.314631733011609,
                "active": true
            },
            "42": {
                "nrn_to": 10,
                "nrn_from": 5,
                "weight": 0.02142031722933109,
                "active": false
            },
            "13": {
                "nrn_to": 8,
                "nrn_from": 1,
                "weight": 0.3712560717279364,
                "active": true
            },
            "16": {
                "nrn_to": 11,
                "nrn_from": 5,
                "weight": 0.4412873135685013,
                "active": false
            },
            "17": {
                "nrn_to": 9,
                "nrn_from": 5,
                "weight": -0.5372794768952179,
                "active": true
            },
            "57": {
                "active": true,
                "nrn_to": 56,
                "nrn_from": 5,
                "weight": 0.6746787231726462
            },
            "58": {
                "active": true,
                "nrn_to": 11,
                "nrn_from": 56,
                "weight": 0.27380237300742244
            }
        }
    },
    "Species 1 num animals": 19,
    "Species 1 top fitness": -45.30248188456776,
    "Species 1 mean fitness": -113.63220328604116,
    "Species 1 std fitness": 71.64148004438405,
    "Species 1 top animal N hidden neurons": 1,
    "Species 1 top animal N synapses": 9,
    "Species 1 top animal": {
        "neurons": {
            "0": {
                "type": "i",
                "bias": -0.3722930732923099
            },
            "1": {
                "type": "i",
                "bias": 0.07635864657213684
            },
            "2": {
                "type": "i",
                "bias": 0.09403389933137582
            },
            "3": {
                "type": "i",
                "bias": -0.06431840391677127
            },
            "4": {
                "type": "i",
                "bias": 0.35444919872028924
            },
            "5": {
                "type": "i",
                "bias": 0.07745410511297804
            },
            "6": {
                "type": "i",
                "bias": 0.05400963107869958
            },
            "7": {
                "type": "i",
                "bias": -0.05056488455204099
            },
            "8": {
                "type": "o",
                "bias": -0.17358431506629216
            },
            "9": {
                "type": "o",
                "bias": -0.25748053564860907
            },
            "10": {
                "type": "o",
                "bias": 0.07444165909482504
            },
            "11": {
                "type": "o",
                "bias": -0.04360520616031602
            },
            "56": {
                "type": "h",
                "bias": 0.03606991087369617
            }
        },
        "synapses": {
            "66": {
                "nrn_to": 56,
                "nrn_from": 7,
                "weight": 0.27276835491819645,
                "active": false
            },
            "34": {
                "nrn_to": 9,
                "nrn_from": 3,
                "weight": -0.16324852868980114,
                "active": true
            },
            "71": {
                "nrn_to": 11,
                "nrn_from": 6,
                "weight": 0.294592174207723,
                "active": true
            },
            "42": {
                "nrn_to": 10,
                "nrn_from": 5,
                "weight": 0.012607646950171164,
                "active": false
            },
            "13": {
                "nrn_to": 8,
                "nrn_from": 1,
                "weight": 0.3726252506810671,
                "active": true
            },
            "16": {
                "nrn_to": 11,
                "nrn_from": 5,
                "weight": 0.7749936811983974,
                "active": false
            },
            "17": {
                "nrn_to": 9,
                "nrn_from": 5,
                "weight": -0.6220354474791483,
                "active": true
            },
            "57": {
                "active": true,
                "nrn_to": 56,
                "nrn_from": 5,
                "weight": 0.6232897493902126
            },
            "58": {
                "active": true,
                "nrn_to": 11,
                "nrn_from": 56,
                "weight": 1.3741188947164065
            }
        }
    }
}