{
    "N hidden nrns": 0,
    "genome dict": {
        "neurons": {
            "0": {
                "type": "i",
                "bias": -0.41639929976071105
            },
            "1": {
                "type": "i",
                "bias": -0.6783393320338897
            },
            "2": {
                "type": "i",
                "bias": 1.377865479603978
            },
            "3": {
                "type": "i",
                "bias": 0.15239641371240514
            },
            "4": {
                "type": "i",
                "bias": 0.11005046883123759
            },
            "5": {
                "type": "i",
                "bias": 0.004661785855986339
            },
            "6": {
                "type": "i",
                "bias": -1.112967488689107
            },
            "7": {
                "type": "i",
                "bias": 0.09160671719316682
            },
            "8": {
                "type": "i",
                "bias": -0.8851093500949181
            },
            "9": {
                "type": "i",
                "bias": 0.05562198025497568
            },
            "10": {
                "type": "i",
                "bias": 0.2472482966996945
            },
            "11": {
                "type": "i",
                "bias": 0.15220158451007806
            },
            "12": {
                "type": "o",
                "bias": 0.524310446220126
            },
            "13": {
                "type": "o",
                "bias": 0.5653953084619188
            },
            "14": {
                "type": "o",
                "bias": -0.013880271131992134
            }
        },
        "synapses": {
            "32": {
                "nrn_to": 13,
                "nrn_from": 2,
                "weight": -0.24270395917141624,
                "active": false
            },
            "66": {
                "nrn_to": 14,
                "nrn_from": 8,
                "weight": -0.6444295411615675,
                "active": false
            },
            "46": {
                "nrn_to": 13,
                "nrn_from": 4,
                "weight": 0.5379321910388627,
                "active": true
            },
            "15": {
                "nrn_to": 14,
                "nrn_from": 7,
                "weight": -0.45508475136200816,
                "active": true
            },
            "17": {
                "nrn_to": 12,
                "nrn_from": 6,
                "weight": -0.4990291394997796,
                "active": true
            },
            "51": {
                "nrn_to": 12,
                "nrn_from": 9,
                "weight": 0.4566629053878767,
                "active": true
            },
            "21": {
                "nrn_to": 14,
                "nrn_from": 0,
                "weight": 0.33564281004097274,
                "active": true
            },
            "23": {
                "nrn_to": 12,
                "nrn_from": 7,
                "weight": 0.09823536314511477,
                "active": true
            },
            "24": {
                "nrn_to": 14,
                "nrn_from": 11,
                "weight": -0.23454223174799824,
                "active": false
            },
            "25": {
                "nrn_to": 13,
                "nrn_from": 0,
                "weight": -0.5950907000406384,
                "active": true
            },
            "26": {
                "nrn_to": 13,
                "nrn_from": 9,
                "weight": 0.17688908953479396,
                "active": false
            },
            "28": {
                "nrn_to": 14,
                "nrn_from": 10,
                "weight": -0.02890629196662596,
                "active": false
            },
            "62": {
                "nrn_to": 12,
                "nrn_from": 2,
                "weight": 0.11685179420200381,
                "active": true
            }
        }
    }
}