{
    "Num species": 1,
    "Species 0 num animals": 60,
    "Species 0 top fitness": 0.12563438654017156,
    "Species 0 mean fitness": -0.1027905724995799,
    "Species 0 std fitness": 0.20243480416490925,
    "Species 0 top animal N hidden neurons": 0,
    "Species 0 top animal N synapses": 6,
    "Species 0 top animal": {
        "neurons": {
            "0": {
                "type": "i",
                "bias": -0.04354590733555752
            },
            "1": {
                "type": "i",
                "bias": -0.0040772992956624055
            },
            "2": {
                "type": "i",
                "bias": 0.003672849504774617
            },
            "3": {
                "type": "i",
                "bias": -0.15467615805919377
            },
            "4": {
                "type": "i",
                "bias": 0.11738805575190105
            },
            "5": {
                "type": "i",
                "bias": -0.004485158764720526
            },
            "6": {
                "type": "i",
                "bias": -0.20413831838494897
            },
            "7": {
                "type": "i",
                "bias": 0.043120791209779574
            },
            "8": {
                "type": "i",
                "bias": -0.17667658655061272
            },
            "9": {
                "type": "i",
                "bias": -0.025146995206672844
            },
            "10": {
                "type": "i",
                "bias": 0.13162012678522217
            },
            "11": {
                "type": "i",
                "bias": 0.2970019163938445
            },
            "12": {
                "type": "o",
                "bias": 0.0638776452645858
            },
            "13": {
                "type": "o",
                "bias": -0.14697048585847036
            },
            "14": {
                "type": "o",
                "bias": -0.055053752107432206
            }
        },
        "synapses": {
            "32": {
                "nrn_to": 13,
                "nrn_from": 2,
                "weight": -1.1155273459754118,
                "active": true
            },
            "23": {
                "nrn_to": 12,
                "nrn_from": 7,
                "weight": 0.10380503010017549,
                "active": true
            },
            "24": {
                "nrn_to": 14,
                "nrn_from": 11,
                "weight": -0.1644235640851491,
                "active": false
            },
            "26": {
                "nrn_to": 13,
                "nrn_from": 9,
                "weight": 0.3985149704883383,
                "active": true
            },
            "27": {
                "nrn_to": 14,
                "nrn_from": 9,
                "weight": 0.2845865176513209,
                "active": false
            },
            "15": {
                "nrn_to": 14,
                "nrn_from": 7,
                "weight": -0.5322522773159772,
                "active": true
            }
        }
    }
}