{
    "Num species": 1,
    "Species 0 num animals": 60,
    "Species 0 top fitness": 1.3238367876370378,
    "Species 0 mean fitness": -0.5755195769222278,
    "Species 0 std fitness": 0.8593105469017752,
    "Species 0 top animal N hidden neurons": 0,
    "Species 0 top animal N synapses": 9,
    "Species 0 top animal": {
        "neurons": {
            "0": {
                "type": "i",
                "bias": -0.1310222361024508
            },
            "1": {
                "type": "i",
                "bias": -0.17289184204289224
            },
            "2": {
                "type": "i",
                "bias": 0.6530189546885184
            },
            "3": {
                "type": "i",
                "bias": -0.16987233230227258
            },
            "4": {
                "type": "i",
                "bias": -0.005996282405760639
            },
            "5": {
                "type": "i",
                "bias": -0.03466263198155964
            },
            "6": {
                "type": "i",
                "bias": -0.26032473366537623
            },
            "7": {
                "type": "i",
                "bias": 0.21506191768711727
            },
            "8": {
                "type": "i",
                "bias": -1.275103309573746
            },
            "9": {
                "type": "i",
                "bias": -0.09052049429281946
            },
            "10": {
                "type": "i",
                "bias": 0.12388702571607978
            },
            "11": {
                "type": "i",
                "bias": 0.09642937055708042
            },
            "12": {
                "type": "o",
                "bias": 0.36432177876578736
            },
            "13": {
                "type": "o",
                "bias": 0.46602847266984765
            },
            "14": {
                "type": "o",
                "bias": -0.17073643036558914
            }
        },
        "synapses": {
            "32": {
                "nrn_to": 13,
                "nrn_from": 2,
                "weight": 0.16015234414857216,
                "active": false
            },
            "66": {
                "nrn_to": 14,
                "nrn_from": 8,
                "weight": -0.1488968844848455,
                "active": false
            },
            "46": {
                "nrn_to": 13,
                "nrn_from": 4,
                "weight": 0.5479596532728531,
                "active": true
            },
            "15": {
                "nrn_to": 14,
                "nrn_from": 7,
                "weight": -0.4352198531186466,
                "active": true
            },
            "51": {
                "nrn_to": 12,
                "nrn_from": 9,
                "weight": 0.6363994133772224,
                "active": true
            },
            "23": {
                "nrn_to": 12,
                "nrn_from": 7,
                "weight": 0.19071908142602828,
                "active": true
            },
            "24": {
                "nrn_to": 14,
                "nrn_from": 11,
                "weight": -0.12499072340733752,
                "active": false
            },
            "25": {
                "nrn_to": 13,
                "nrn_from": 0,
                "weight": -0.5322213014020689,
                "active": true
            },
            "26": {
                "nrn_to": 13,
                "nrn_from": 9,
                "weight": 0.11948709161456955,
                "active": true
            }
        }
    }
}