{
    "Num species": 1,
    "Species 0 num animals": 60,
    "Species 0 top fitness": 0.679501482817348,
    "Species 0 mean fitness": 0.5003476440913152,
    "Species 0 std fitness": 0.19614807713101415,
    "Species 0 top animal N hidden neurons": 0,
    "Species 0 top animal N synapses": 7,
    "Species 0 top animal": {
        "neurons": {
            "0": {
                "type": "i",
                "bias": 0.12381598822956524
            },
            "1": {
                "type": "i",
                "bias": 0.162189902372736
            },
            "2": {
                "type": "i",
                "bias": 0.18599734706869242
            },
            "3": {
                "type": "i",
                "bias": 0.3010118169713473
            },
            "4": {
                "type": "i",
                "bias": 0.006804259580355245
            },
            "5": {
                "type": "i",
                "bias": -0.10035107337523294
            },
            "6": {
                "type": "i",
                "bias": -0.10023373640514316
            },
            "7": {
                "type": "i",
                "bias": 0.02990118863370246
            },
            "8": {
                "type": "i",
                "bias": -0.5349177412621919
            },
            "9": {
                "type": "i",
                "bias": 0.18890348810070393
            },
            "10": {
                "type": "i",
                "bias": -0.011442100445398815
            },
            "11": {
                "type": "i",
                "bias": 0.1712176878060385
            },
            "12": {
                "type": "o",
                "bias": -0.13272403557708864
            },
            "13": {
                "type": "o",
                "bias": 0.020143188244177216
            },
            "14": {
                "type": "o",
                "bias": -0.16695467636309863
            }
        },
        "synapses": {
            "32": {
                "nrn_to": 13,
                "nrn_from": 2,
                "weight": -0.4342960569426329,
                "active": true
            },
            "20": {
                "nrn_to": 12,
                "nrn_from": 0,
                "weight": -0.23513759884829782,
                "active": true
            },
            "23": {
                "nrn_to": 12,
                "nrn_from": 7,
                "weight": 0.1140544614424795,
                "active": true
            },
            "24": {
                "nrn_to": 14,
                "nrn_from": 11,
                "weight": -0.04358814376107473,
                "active": false
            },
            "26": {
                "nrn_to": 13,
                "nrn_from": 9,
                "weight": 0.49423007595338153,
                "active": true
            },
            "75": {
                "nrn_to": 12,
                "nrn_from": 3,
                "weight": 0.06611247105177641,
                "active": true
            },
            "15": {
                "nrn_to": 14,
                "nrn_from": 7,
                "weight": -0.5957538302664145,
                "active": true
            }
        }
    }
}