{
    "Num species": 2,
    "Species 1 num animals": 44,
    "Species 1 top fitness": 2.711474554163386,
    "Species 1 mean fitness": -0.48029820791409783,
    "Species 1 std fitness": 1.818200154925795,
    "Species 1 top animal N hidden neurons": 0,
    "Species 1 top animal N synapses": 10,
    "Species 1 top animal": {
        "neurons": {
            "0": {
                "type": "i",
                "bias": -0.16536985237979535
            },
            "1": {
                "type": "i",
                "bias": -0.21133251372349207
            },
            "2": {
                "type": "i",
                "bias": 1.3297980425112945
            },
            "3": {
                "type": "i",
                "bias": 0.027490551951281354
            },
            "4": {
                "type": "i",
                "bias": 0.06160986279785417
            },
            "5": {
                "type": "i",
                "bias": -0.12438648882722061
            },
            "6": {
                "type": "i",
                "bias": -2.220516389259859
            },
            "7": {
                "type": "i",
                "bias": 0.0556247749111852
            },
            "8": {
                "type": "i",
                "bias": -1.3888309301255106
            },
            "9": {
                "type": "i",
                "bias": -0.027392431643010508
            },
            "10": {
                "type": "i",
                "bias": 0.13918236431589942
            },
            "11": {
                "type": "i",
                "bias": 0.23517959725756257
            },
            "12": {
                "type": "o",
                "bias": 0.39251155345442595
            },
            "13": {
                "type": "o",
                "bias": 0.5419003442304625
            },
            "14": {
                "type": "o",
                "bias": -0.0006813130355189448
            }
        },
        "synapses": {
            "32": {
                "nrn_to": 13,
                "nrn_from": 2,
                "weight": -0.31232410198922517,
                "active": false
            },
            "66": {
                "nrn_to": 14,
                "nrn_from": 8,
                "weight": -0.27026987868308555,
                "active": false
            },
            "46": {
                "nrn_to": 13,
                "nrn_from": 4,
                "weight": 0.5426119862841665,
                "active": true
            },
            "15": {
                "nrn_to": 14,
                "nrn_from": 7,
                "weight": -0.4240689994251916,
                "active": true
            },
            "17": {
                "nrn_to": 12,
                "nrn_from": 6,
                "weight": -0.21665470916616428,
                "active": true
            },
            "51": {
                "nrn_to": 12,
                "nrn_from": 9,
                "weight": 0.44851568960071786,
                "active": true
            },
            "23": {
                "nrn_to": 12,
                "nrn_from": 7,
                "weight": 0.03406792825703357,
                "active": true
            },
            "24": {
                "nrn_to": 14,
                "nrn_from": 11,
                "weight": 0.039103881554423625,
                "active": true
            },
            "25": {
                "nrn_to": 13,
                "nrn_from": 0,
                "weight": -0.5629024725449939,
                "active": true
            },
            "26": {
                "nrn_to": 13,
                "nrn_from": 9,
                "weight": -0.031453736126182893,
                "active": false
            }
        }
    },
    "Species 0 num animals": 16,
    "Species 0 top fitness": 2.0594834599210925,
    "Species 0 mean fitness": -0.018182392974371908,
    "Species 0 std fitness": 1.5830220658482892,
    "Species 0 top animal N hidden neurons": 0,
    "Species 0 top animal N synapses": 12,
    "Species 0 top animal": {
        "neurons": {
            "0": {
                "type": "i",
                "bias": -0.18804764254961154
            },
            "1": {
                "type": "i",
                "bias": -0.5046874723757635
            },
            "2": {
                "type": "i",
                "bias": 0.6546385483186288
            },
            "3": {
                "type": "i",
                "bias": 0.11109732087037713
            },
            "4": {
                "type": "i",
                "bias": 0.12233770467271518
            },
            "5": {
                "type": "i",
                "bias": 0.06310301565503838
            },
            "6": {
                "type": "i",
                "bias": -2.233977194628315
            },
            "7": {
                "type": "i",
                "bias": 0.12106284584288325
            },
            "8": {
                "type": "i",
                "bias": -1.5983842525005876
            },
            "9": {
                "type": "i",
                "bias": 0.011150458255697843
            },
            "10": {
                "type": "i",
                "bias": 0.3608235965656517
            },
            "11": {
                "type": "i",
                "bias": 0.2537213281485456
            },
            "12": {
                "type": "o",
                "bias": 0.4612071958746207
            },
            "13": {
                "type": "o",
                "bias": 0.5440979216254049
            },
            "14": {
                "type": "o",
                "bias": -0.03241608966624139
            }
        },
        "synapses": {
            "32": {
                "nrn_to": 13,
                "nrn_from": 2,
                "weight": -0.2950592465588653,
                "active": false
            },
            "66": {
                "nrn_to": 14,
                "nrn_from": 8,
                "weight": -0.23724616140454297,
                "active": false
            },
            "46": {
                "nrn_to": 13,
                "nrn_from": 4,
                "weight": 0.5382759038218831,
                "active": true
            },
            "15": {
                "nrn_to": 14,
                "nrn_from": 7,
                "weight": -0.32751217572460134,
                "active": true
            },
            "17": {
                "nrn_to": 12,
                "nrn_from": 6,
                "weight": -0.4366446423773471,
                "active": true
            },
            "51": {
                "nrn_to": 12,
                "nrn_from": 9,
                "weight": 0.2993916757087226,
                "active": true
            },
            "23": {
                "nrn_to": 12,
                "nrn_from": 7,
                "weight": 0.04365782526777075,
                "active": true
            },
            "24": {
                "nrn_to": 14,
                "nrn_from": 11,
                "weight": -0.13899389457890685,
                "active": false
            },
            "25": {
                "nrn_to": 13,
                "nrn_from": 0,
                "weight": -0.5689745106881218,
                "active": true
            },
            "26": {
                "nrn_to": 13,
                "nrn_from": 9,
                "weight": 0.05659489477211202,
                "active": false
            },
            "28": {
                "nrn_to": 14,
                "nrn_from": 10,
                "weight": -0.05213897121411324,
                "active": false
            },
            "62": {
                "nrn_to": 12,
                "nrn_from": 2,
                "weight": 0.020234893779454054,
                "active": false
            }
        }
    }
}