{
    "Num species": 1,
    "Species 0 num animals": 60,
    "Species 0 top fitness": 0.2619368879202852,
    "Species 0 mean fitness": -0.6975587971660144,
    "Species 0 std fitness": 0.29200292604554234,
    "Species 0 top animal N hidden neurons": 0,
    "Species 0 top animal N synapses": 8,
    "Species 0 top animal": {
        "neurons": {
            "0": {
                "type": "i",
                "bias": -0.1091447409938533
            },
            "1": {
                "type": "i",
                "bias": -0.33898957066951685
            },
            "2": {
                "type": "i",
                "bias": 0.6558476646393314
            },
            "3": {
                "type": "i",
                "bias": -0.13200463329341955
            },
            "4": {
                "type": "i",
                "bias": -0.0946965826836151
            },
            "5": {
                "type": "i",
                "bias": -0.3127869654025639
            },
            "6": {
                "type": "i",
                "bias": -0.16878326970273005
            },
            "7": {
                "type": "i",
                "bias": 0.26638187228361043
            },
            "8": {
                "type": "i",
                "bias": -0.684549976941154
            },
            "9": {
                "type": "i",
                "bias": 0.014037665288002911
            },
            "10": {
                "type": "i",
                "bias": -0.01580018487118952
            },
            "11": {
                "type": "i",
                "bias": 0.2545614049887346
            },
            "12": {
                "type": "o",
                "bias": 0.26679547797445896
            },
            "13": {
                "type": "o",
                "bias": 0.48294860824519387
            },
            "14": {
                "type": "o",
                "bias": -0.0893671465218836
            }
        },
        "synapses": {
            "32": {
                "nrn_to": 13,
                "nrn_from": 2,
                "weight": -0.27253426377866563,
                "active": true
            },
            "46": {
                "nrn_to": 13,
                "nrn_from": 4,
                "weight": 0.5566683609566356,
                "active": true
            },
            "15": {
                "nrn_to": 14,
                "nrn_from": 7,
                "weight": -0.45055279879128546,
                "active": true
            },
            "51": {
                "nrn_to": 12,
                "nrn_from": 9,
                "weight": 1.159109331268681,
                "active": true
            },
            "23": {
                "nrn_to": 12,
                "nrn_from": 7,
                "weight": 0.09515357223131171,
                "active": true
            },
            "24": {
                "nrn_to": 14,
                "nrn_from": 11,
                "weight": -0.11961489273170782,
                "active": false
            },
            "25": {
                "nrn_to": 13,
                "nrn_from": 0,
                "weight": -0.5400814574089816,
                "active": true
            },
            "26": {
                "nrn_to": 13,
                "nrn_from": 9,
                "weight": 0.3824655989839735,
                "active": true
            }
        }
    }
}