{
    "Num species": 1,
    "Species 0 num animals": 60,
    "Species 0 top fitness": 0.9574442629406077,
    "Species 0 mean fitness": 0.6085752256529949,
    "Species 0 std fitness": 0.17063077810025437,
    "Species 0 top animal N hidden neurons": 0,
    "Species 0 top animal N synapses": 8,
    "Species 0 top animal": {
        "neurons": {
            "0": {
                "type": "i",
                "bias": -0.048098647709157616
            },
            "1": {
                "type": "i",
                "bias": -0.03262828179467507
            },
            "2": {
                "type": "i",
                "bias": 0.7819563650448207
            },
            "3": {
                "type": "i",
                "bias": -0.17869697419409045
            },
            "4": {
                "type": "i",
                "bias": -0.13616101025527144
            },
            "5": {
                "type": "i",
                "bias": -0.3127869654025639
            },
            "6": {
                "type": "i",
                "bias": -0.12133704439514251
            },
            "7": {
                "type": "i",
                "bias": 0.2808026975287232
            },
            "8": {
                "type": "i",
                "bias": -0.7039970417453213
            },
            "9": {
                "type": "i",
                "bias": -0.07496269842100026
            },
            "10": {
                "type": "i",
                "bias": 0.004504244219862102
            },
            "11": {
                "type": "i",
                "bias": 0.31909195489636566
            },
            "12": {
                "type": "o",
                "bias": 0.10127162954828153
            },
            "13": {
                "type": "o",
                "bias": 0.2542301471784442
            },
            "14": {
                "type": "o",
                "bias": -0.09480431872200414
            }
        },
        "synapses": {
            "32": {
                "nrn_to": 13,
                "nrn_from": 2,
                "weight": -0.30056439984823713,
                "active": true
            },
            "46": {
                "nrn_to": 13,
                "nrn_from": 4,
                "weight": 0.6058578476394739,
                "active": true
            },
            "15": {
                "nrn_to": 14,
                "nrn_from": 7,
                "weight": -0.5295261878676545,
                "active": true
            },
            "51": {
                "nrn_to": 12,
                "nrn_from": 9,
                "weight": 1.3312278722031095,
                "active": true
            },
            "23": {
                "nrn_to": 12,
                "nrn_from": 7,
                "weight": 0.3055893708381856,
                "active": true
            },
            "24": {
                "nrn_to": 14,
                "nrn_from": 11,
                "weight": 0.09049822466270036,
                "active": false
            },
            "25": {
                "nrn_to": 13,
                "nrn_from": 0,
                "weight": -0.4429765063372947,
                "active": true
            },
            "26": {
                "nrn_to": 13,
                "nrn_from": 9,
                "weight": 0.39473750948372316,
                "active": true
            }
        }
    }
}