{
    "Num species": 1,
    "Species 0 num animals": 60,
    "Species 0 top fitness": 2.346681960355402,
    "Species 0 mean fitness": -0.6308983219538108,
    "Species 0 std fitness": 2.023931445644191,
    "Species 0 top animal N hidden neurons": 0,
    "Species 0 top animal N synapses": 13,
    "Species 0 top animal": {
        "neurons": {
            "0": {
                "type": "i",
                "bias": -0.2009977100840115
            },
            "1": {
                "type": "i",
                "bias": -0.7217339797153118
            },
            "2": {
                "type": "i",
                "bias": 0.7384888803485564
            },
            "3": {
                "type": "i",
                "bias": 0.03338642519039593
            },
            "4": {
                "type": "i",
                "bias": -0.12383280421971468
            },
            "5": {
                "type": "i",
                "bias": 0.004404562136790732
            },
            "6": {
                "type": "i",
                "bias": -1.153883574819105
            },
            "7": {
                "type": "i",
                "bias": 0.1457651485430152
            },
            "8": {
                "type": "i",
                "bias": -0.8357826645081242
            },
            "9": {
                "type": "i",
                "bias": 0.05110845827814193
            },
            "10": {
                "type": "i",
                "bias": 0.33029005062105055
            },
            "11": {
                "type": "i",
                "bias": 0.309517550039707
            },
            "12": {
                "type": "o",
                "bias": 0.595999221934658
            },
            "13": {
                "type": "o",
                "bias": 0.5385792141225565
            },
            "14": {
                "type": "o",
                "bias": 0.05932741940724888
            }
        },
        "synapses": {
            "32": {
                "nrn_to": 13,
                "nrn_from": 2,
                "weight": -0.2717751429758413,
                "active": false
            },
            "66": {
                "nrn_to": 14,
                "nrn_from": 8,
                "weight": 0.48219984228829027,
                "active": true
            },
            "46": {
                "nrn_to": 13,
                "nrn_from": 4,
                "weight": 0.5698401351932239,
                "active": true
            },
            "15": {
                "nrn_to": 14,
                "nrn_from": 7,
                "weight": -0.3302822898345589,
                "active": true
            },
            "17": {
                "nrn_to": 12,
                "nrn_from": 6,
                "weight": -0.45072486436719456,
                "active": true
            },
            "51": {
                "nrn_to": 12,
                "nrn_from": 9,
                "weight": 0.4067837827022145,
                "active": true
            },
            "21": {
                "nrn_to": 14,
                "nrn_from": 0,
                "weight": 0.351607051934624,
                "active": true
            },
            "23": {
                "nrn_to": 12,
                "nrn_from": 7,
                "weight": 0.29344377313272757,
                "active": true
            },
            "24": {
                "nrn_to": 14,
                "nrn_from": 11,
                "weight": -0.6368036156042716,
                "active": false
            },
            "25": {
                "nrn_to": 13,
                "nrn_from": 0,
                "weight": -0.6077117260087721,
                "active": true
            },
            "26": {
                "nrn_to": 13,
                "nrn_from": 9,
                "weight": 0.1976437282697775,
                "active": false
            },
            "28": {
                "nrn_to": 14,
                "nrn_from": 10,
                "weight": 0.027203798348652664,
                "active": false
            },
            "62": {
                "nrn_to": 12,
                "nrn_from": 2,
                "weight": 0.169810062777241,
                "active": true
            }
        }
    }
}