{
    "Num species": 1,
    "Species 0 num animals": 60,
    "Species 0 top fitness": 0.5109221041814025,
    "Species 0 mean fitness": -1.2294294103721248,
    "Species 0 std fitness": 0.6769887074810557,
    "Species 0 top animal N hidden neurons": 0,
    "Species 0 top animal N synapses": 8,
    "Species 0 top animal": {
        "neurons": {
            "0": {
                "type": "i",
                "bias": -0.08680310549750293
            },
            "1": {
                "type": "i",
                "bias": -0.38547032436227263
            },
            "2": {
                "type": "i",
                "bias": 0.7052301322600874
            },
            "3": {
                "type": "i",
                "bias": -0.05042059996458097
            },
            "4": {
                "type": "i",
                "bias": -0.1631067177776656
            },
            "5": {
                "type": "i",
                "bias": -0.23885685691114186
            },
            "6": {
                "type": "i",
                "bias": -0.24759552673355437
            },
            "7": {
                "type": "i",
                "bias": 0.386858959982059
            },
            "8": {
                "type": "i",
                "bias": -0.6472491913329155
            },
            "9": {
                "type": "i",
                "bias": 0.04355917578948673
            },
            "10": {
                "type": "i",
                "bias": -0.09814676376360247
            },
            "11": {
                "type": "i",
                "bias": 0.2998455221495384
            },
            "12": {
                "type": "o",
                "bias": 0.24644599891547542
            },
            "13": {
                "type": "o",
                "bias": 0.4244258207603304
            },
            "14": {
                "type": "o",
                "bias": -0.1037967048862716
            }
        },
        "synapses": {
            "32": {
                "nrn_to": 13,
                "nrn_from": 2,
                "weight": -0.2706843396844717,
                "active": false
            },
            "46": {
                "nrn_to": 13,
                "nrn_from": 4,
                "weight": 0.5737694577774006,
                "active": true
            },
            "15": {
                "nrn_to": 14,
                "nrn_from": 7,
                "weight": -0.4080415516668703,
                "active": true
            },
            "51": {
                "nrn_to": 12,
                "nrn_from": 9,
                "weight": 1.0583490130053863,
                "active": true
            },
            "23": {
                "nrn_to": 12,
                "nrn_from": 7,
                "weight": 0.0937432386209342,
                "active": true
            },
            "24": {
                "nrn_to": 14,
                "nrn_from": 11,
                "weight": -0.1193970685280024,
                "active": false
            },
            "25": {
                "nrn_to": 13,
                "nrn_from": 0,
                "weight": -0.5879099776457555,
                "active": true
            },
            "26": {
                "nrn_to": 13,
                "nrn_from": 9,
                "weight": 0.4208248858139658,
                "active": true
            }
        }
    }
}