{
    "Num species": 2,
    "Species 1 num animals": 35,
    "Species 1 top fitness": 2.781749001272075,
    "Species 1 mean fitness": -0.1689122927117187,
    "Species 1 std fitness": 1.826281119545858,
    "Species 1 top animal N hidden neurons": 0,
    "Species 1 top animal N synapses": 10,
    "Species 1 top animal": {
        "neurons": {
            "0": {
                "type": "i",
                "bias": -0.16536985237979535
            },
            "1": {
                "type": "i",
                "bias": -0.21133251372349207
            },
            "2": {
                "type": "i",
                "bias": 2.659596085022589
            },
            "3": {
                "type": "i",
                "bias": 0.0550158414324862
            },
            "4": {
                "type": "i",
                "bias": 0.06160986279785417
            },
            "5": {
                "type": "i",
                "bias": -0.12438648882722061
            },
            "6": {
                "type": "i",
                "bias": -2.220516389259859
            },
            "7": {
                "type": "i",
                "bias": 0.0556247749111852
            },
            "8": {
                "type": "i",
                "bias": -1.3888309301255106
            },
            "9": {
                "type": "i",
                "bias": -0.027392431643010508
            },
            "10": {
                "type": "i",
                "bias": 0.13918236431589942
            },
            "11": {
                "type": "i",
                "bias": 0.17012235398241196
            },
            "12": {
                "type": "o",
                "bias": 0.39251155345442595
            },
            "13": {
                "type": "o",
                "bias": 0.5419003442304625
            },
            "14": {
                "type": "o",
                "bias": -0.0006813130355189448
            }
        },
        "synapses": {
            "32": {
                "nrn_to": 13,
                "nrn_from": 2,
                "weight": -0.31232410198922517,
                "active": false
            },
            "66": {
                "nrn_to": 14,
                "nrn_from": 8,
                "weight": -0.27026987868308555,
                "active": false
            },
            "46": {
                "nrn_to": 13,
                "nrn_from": 4,
                "weight": 0.5426119862841665,
                "active": true
            },
            "15": {
                "nrn_to": 14,
                "nrn_from": 7,
                "weight": -0.4240689994251916,
                "active": true
            },
            "17": {
                "nrn_to": 12,
                "nrn_from": 6,
                "weight": -0.21665470916616428,
                "active": true
            },
            "51": {
                "nrn_to": 12,
                "nrn_from": 9,
                "weight": 0.44851568960071786,
                "active": true
            },
            "23": {
                "nrn_to": 12,
                "nrn_from": 7,
                "weight": 0.03406792825703357,
                "active": true
            },
            "24": {
                "nrn_to": 14,
                "nrn_from": 11,
                "weight": 0.039103881554423625,
                "active": true
            },
            "25": {
                "nrn_to": 13,
                "nrn_from": 0,
                "weight": -0.5629024725449939,
                "active": true
            },
            "26": {
                "nrn_to": 13,
                "nrn_from": 9,
                "weight": -0.031453736126182893,
                "active": false
            }
        }
    },
    "Species 0 num animals": 25,
    "Species 0 top fitness": 2.6391425091241993,
    "Species 0 mean fitness": 0.21979102314885993,
    "Species 0 std fitness": 1.7488236754250097,
    "Species 0 top animal N hidden neurons": 0,
    "Species 0 top animal N synapses": 12,
    "Species 0 top animal": {
        "neurons": {
            "0": {
                "type": "i",
                "bias": -0.18804764254961154
            },
            "1": {
                "type": "i",
                "bias": -0.5535814031295189
            },
            "2": {
                "type": "i",
                "bias": 0.6815324883617121
            },
            "3": {
                "type": "i",
                "bias": 0.12772459162506294
            },
            "4": {
                "type": "i",
                "bias": 0.03524500914150142
            },
            "5": {
                "type": "i",
                "bias": 0.08442789211666576
            },
            "6": {
                "type": "i",
                "bias": -2.305161750596762
            },
            "7": {
                "type": "i",
                "bias": 0.10949816329484767
            },
            "8": {
                "type": "i",
                "bias": -1.6630733275189153
            },
            "9": {
                "type": "i",
                "bias": 0.04521271766306299
            },
            "10": {
                "type": "i",
                "bias": 0.2998046933123258
            },
            "11": {
                "type": "i",
                "bias": 0.12744816392075303
            },
            "12": {
                "type": "o",
                "bias": 0.4612071958746207
            },
            "13": {
                "type": "o",
                "bias": 0.5440979216254049
            },
            "14": {
                "type": "o",
                "bias": -0.05729034516654095
            }
        },
        "synapses": {
            "32": {
                "nrn_to": 13,
                "nrn_from": 2,
                "weight": -0.30877624589383407,
                "active": false
            },
            "66": {
                "nrn_to": 14,
                "nrn_from": 8,
                "weight": -0.23213319769501156,
                "active": false
            },
            "46": {
                "nrn_to": 13,
                "nrn_from": 4,
                "weight": 0.5808762945723547,
                "active": true
            },
            "15": {
                "nrn_to": 14,
                "nrn_from": 7,
                "weight": -0.38259271738119055,
                "active": true
            },
            "17": {
                "nrn_to": 12,
                "nrn_from": 6,
                "weight": -0.4913037196718411,
                "active": true
            },
            "51": {
                "nrn_to": 12,
                "nrn_from": 9,
                "weight": 0.26494890659230114,
                "active": true
            },
            "23": {
                "nrn_to": 12,
                "nrn_from": 7,
                "weight": 0.023035407728580592,
                "active": true
            },
            "24": {
                "nrn_to": 14,
                "nrn_from": 11,
                "weight": -0.13899389457890685,
                "active": false
            },
            "25": {
                "nrn_to": 13,
                "nrn_from": 0,
                "weight": -0.5937222870255184,
                "active": true
            },
            "26": {
                "nrn_to": 13,
                "nrn_from": 9,
                "weight": 0.08683261911976489,
                "active": false
            },
            "28": {
                "nrn_to": 14,
                "nrn_from": 10,
                "weight": -0.0069562836183500384,
                "active": false
            },
            "62": {
                "nrn_to": 12,
                "nrn_from": 2,
                "weight": 0.020234893779454054,
                "active": true
            }
        }
    }
}