{
    "Num species": 1,
    "Species 0 num animals": 60,
    "Species 0 top fitness": 0.8489221657723237,
    "Species 0 mean fitness": 0.3551693350387006,
    "Species 0 std fitness": 0.19139532258976125,
    "Species 0 top animal N hidden neurons": 0,
    "Species 0 top animal N synapses": 9,
    "Species 0 top animal": {
        "neurons": {
            "0": {
                "type": "i",
                "bias": -0.10618830837568274
            },
            "1": {
                "type": "i",
                "bias": 0.08924051424374027
            },
            "2": {
                "type": "i",
                "bias": 0.08487197347715728
            },
            "3": {
                "type": "i",
                "bias": 0.6738775560345822
            },
            "4": {
                "type": "i",
                "bias": 0.014497889541859842
            },
            "5": {
                "type": "i",
                "bias": -0.08775928184404791
            },
            "6": {
                "type": "i",
                "bias": 0.025866701387320806
            },
            "7": {
                "type": "i",
                "bias": 0.2318133683779898
            },
            "8": {
                "type": "i",
                "bias": -0.5685892990806699
            },
            "9": {
                "type": "i",
                "bias": 0.06491750994624966
            },
            "10": {
                "type": "i",
                "bias": -0.09468487880326402
            },
            "11": {
                "type": "i",
                "bias": 0.16978637368394994
            },
            "12": {
                "type": "o",
                "bias": 0.07620374419559123
            },
            "13": {
                "type": "o",
                "bias": -0.15595459042558862
            },
            "14": {
                "type": "o",
                "bias": -0.166788892622791
            }
        },
        "synapses": {
            "32": {
                "nrn_to": 13,
                "nrn_from": 2,
                "weight": -0.4631743324200207,
                "active": true
            },
            "75": {
                "nrn_to": 12,
                "nrn_from": 3,
                "weight": 0.08729147344544141,
                "active": true
            },
            "47": {
                "nrn_to": 13,
                "nrn_from": 1,
                "weight": 0.05402396033861767,
                "active": true
            },
            "15": {
                "nrn_to": 14,
                "nrn_from": 7,
                "weight": -0.3293654247607868,
                "active": true
            },
            "20": {
                "nrn_to": 12,
                "nrn_from": 0,
                "weight": -0.01033105407200166,
                "active": true
            },
            "23": {
                "nrn_to": 12,
                "nrn_from": 7,
                "weight": 0.2920916992568501,
                "active": true
            },
            "24": {
                "nrn_to": 14,
                "nrn_from": 11,
                "weight": 0.006408333518869352,
                "active": true
            },
            "26": {
                "nrn_to": 13,
                "nrn_from": 9,
                "weight": 0.582874733124851,
                "active": true
            },
            "28": {
                "nrn_to": 14,
                "nrn_from": 10,
                "weight": 0.015936331685801334,
                "active": true
            }
        }
    }
}