{
    "Num species": 1,
    "Species 0 num animals": 60,
    "Species 0 top fitness": 0.5442746838760609,
    "Species 0 mean fitness": 0.3409484863950106,
    "Species 0 std fitness": 0.217933290836146,
    "Species 0 top animal N hidden neurons": 0,
    "Species 0 top animal N synapses": 8,
    "Species 0 top animal": {
        "neurons": {
            "0": {
                "type": "i",
                "bias": -0.04211155983308301
            },
            "1": {
                "type": "i",
                "bias": -0.11380390492222409
            },
            "2": {
                "type": "i",
                "bias": 0.18679262461918184
            },
            "3": {
                "type": "i",
                "bias": -0.18741195299705019
            },
            "4": {
                "type": "i",
                "bias": -0.1553670541587291
            },
            "5": {
                "type": "i",
                "bias": -0.24406487308490626
            },
            "6": {
                "type": "i",
                "bias": -0.15744331613605028
            },
            "7": {
                "type": "i",
                "bias": 0.14504882396925342
            },
            "8": {
                "type": "i",
                "bias": -0.5827918665033398
            },
            "9": {
                "type": "i",
                "bias": 0.06502231347680039
            },
            "10": {
                "type": "i",
                "bias": -0.11246990324562395
            },
            "11": {
                "type": "i",
                "bias": 0.6307687835813063
            },
            "12": {
                "type": "o",
                "bias": 0.09211909819715179
            },
            "13": {
                "type": "o",
                "bias": 0.16080906146595014
            },
            "14": {
                "type": "o",
                "bias": -0.1047456072647218
            }
        },
        "synapses": {
            "32": {
                "nrn_to": 13,
                "nrn_from": 2,
                "weight": -0.44331507148531063,
                "active": true
            },
            "51": {
                "nrn_to": 12,
                "nrn_from": 9,
                "weight": 0.534383991312068,
                "active": true
            },
            "23": {
                "nrn_to": 12,
                "nrn_from": 7,
                "weight": 0.2584721579613425,
                "active": true
            },
            "24": {
                "nrn_to": 14,
                "nrn_from": 11,
                "weight": 0.004655258643402077,
                "active": false
            },
            "25": {
                "nrn_to": 13,
                "nrn_from": 0,
                "weight": -0.4359661545177129,
                "active": true
            },
            "26": {
                "nrn_to": 13,
                "nrn_from": 9,
                "weight": 0.36386877015124586,
                "active": true
            },
            "15": {
                "nrn_to": 14,
                "nrn_from": 7,
                "weight": -0.5827791112503115,
                "active": true
            },
            "46": {
                "nrn_to": 13,
                "nrn_from": 4,
                "weight": -0.17199148960369412,
                "active": true
            }
        }
    }
}