{
    "Num species": 1,
    "Species 0 num animals": 60,
    "Species 0 top fitness": 0.1651773303696252,
    "Species 0 mean fitness": -0.12437025891049296,
    "Species 0 std fitness": 0.21637192543193293,
    "Species 0 top animal N hidden neurons": 0,
    "Species 0 top animal N synapses": 8,
    "Species 0 top animal": {
        "neurons": {
            "0": {
                "type": "i",
                "bias": -0.10150006969975425
            },
            "1": {
                "type": "i",
                "bias": -0.041238011402721736
            },
            "2": {
                "type": "i",
                "bias": 0.324467536389958
            },
            "3": {
                "type": "i",
                "bias": -0.2008221047415698
            },
            "4": {
                "type": "i",
                "bias": -0.1618059468567134
            },
            "5": {
                "type": "i",
                "bias": -0.09088151839172487
            },
            "6": {
                "type": "i",
                "bias": -0.09894691427885545
            },
            "7": {
                "type": "i",
                "bias": 0.161846108621031
            },
            "8": {
                "type": "i",
                "bias": -0.16643313939868226
            },
            "9": {
                "type": "i",
                "bias": 0.18345555168781666
            },
            "10": {
                "type": "i",
                "bias": -0.14434801612805212
            },
            "11": {
                "type": "i",
                "bias": 0.13566863721450595
            },
            "12": {
                "type": "o",
                "bias": 0.06561010686259545
            },
            "13": {
                "type": "o",
                "bias": 0.003820764137309432
            },
            "14": {
                "type": "o",
                "bias": -0.21119033249056596
            }
        },
        "synapses": {
            "32": {
                "nrn_to": 13,
                "nrn_from": 2,
                "weight": -0.4450000218523881,
                "active": true
            },
            "51": {
                "nrn_to": 12,
                "nrn_from": 9,
                "weight": 1.2046355044456434,
                "active": true
            },
            "23": {
                "nrn_to": 12,
                "nrn_from": 7,
                "weight": 0.2946392025636841,
                "active": true
            },
            "24": {
                "nrn_to": 14,
                "nrn_from": 11,
                "weight": -0.030243609742156594,
                "active": false
            },
            "25": {
                "nrn_to": 13,
                "nrn_from": 0,
                "weight": -0.4271432879034104,
                "active": true
            },
            "26": {
                "nrn_to": 13,
                "nrn_from": 9,
                "weight": 0.7891340523323255,
                "active": true
            },
            "15": {
                "nrn_to": 14,
                "nrn_from": 7,
                "weight": -0.523976379290767,
                "active": true
            },
            "17": {
                "nrn_to": 12,
                "nrn_from": 6,
                "weight": 0.17291559811255386,
                "active": true
            }
        }
    }
}