{
    "Num species": 1,
    "Species 0 num animals": 60,
    "Species 0 top fitness": 0.5297221862192474,
    "Species 0 mean fitness": 0.3159910474617391,
    "Species 0 std fitness": 0.13461809613352388,
    "Species 0 top animal N hidden neurons": 0,
    "Species 0 top animal N synapses": 10,
    "Species 0 top animal": {
        "neurons": {
            "0": {
                "type": "i",
                "bias": -0.1036335868917244
            },
            "1": {
                "type": "i",
                "bias": -0.11078803291800504
            },
            "2": {
                "type": "i",
                "bias": 0.3962350483817598
            },
            "3": {
                "type": "i",
                "bias": -0.16391708149959308
            },
            "4": {
                "type": "i",
                "bias": -0.06874930995081771
            },
            "5": {
                "type": "i",
                "bias": -0.3809174066909684
            },
            "6": {
                "type": "i",
                "bias": -0.13613193436755788
            },
            "7": {
                "type": "i",
                "bias": 0.2474231859449874
            },
            "8": {
                "type": "i",
                "bias": -0.04032000026872834
            },
            "9": {
                "type": "i",
                "bias": 0.055374015122457806
            },
            "10": {
                "type": "i",
                "bias": -0.07184474903893512
            },
            "11": {
                "type": "i",
                "bias": 0.8149109734910366
            },
            "12": {
                "type": "o",
                "bias": 0.17447726415555037
            },
            "13": {
                "type": "o",
                "bias": -0.023463702915049206
            },
            "14": {
                "type": "o",
                "bias": -0.136820094036003
            }
        },
        "synapses": {
            "32": {
                "nrn_to": 13,
                "nrn_from": 2,
                "weight": -0.28081646281632977,
                "active": true
            },
            "44": {
                "nrn_to": 14,
                "nrn_from": 3,
                "weight": 0.3338258000420836,
                "active": true
            },
            "15": {
                "nrn_to": 14,
                "nrn_from": 7,
                "weight": -0.43847401487636206,
                "active": true
            },
            "51": {
                "nrn_to": 12,
                "nrn_from": 9,
                "weight": 0.3247237097744971,
                "active": true
            },
            "20": {
                "nrn_to": 12,
                "nrn_from": 0,
                "weight": -0.3344434292334625,
                "active": true
            },
            "23": {
                "nrn_to": 12,
                "nrn_from": 7,
                "weight": 0.5556483485987322,
                "active": true
            },
            "24": {
                "nrn_to": 14,
                "nrn_from": 11,
                "weight": -0.015603290782526782,
                "active": false
            },
            "25": {
                "nrn_to": 13,
                "nrn_from": 0,
                "weight": -0.5198720392096965,
                "active": true
            },
            "26": {
                "nrn_to": 13,
                "nrn_from": 9,
                "weight": 0.3897229994565641,
                "active": true
            },
            "57": {
                "nrn_to": 13,
                "nrn_from": 8,
                "weight": -0.195781715333357,
                "active": true
            }
        }
    }
}