{
    "Num species": 1,
    "Species 0 num animals": 60,
    "Species 0 top fitness": 0.2133698515553351,
    "Species 0 mean fitness": -0.015514670072790547,
    "Species 0 std fitness": 0.1844106617010359,
    "Species 0 top animal N hidden neurons": 0,
    "Species 0 top animal N synapses": 5,
    "Species 0 top animal": {
        "neurons": {
            "0": {
                "type": "i",
                "bias": 0.101002204108797
            },
            "1": {
                "type": "i",
                "bias": 0.03615967228380132
            },
            "2": {
                "type": "i",
                "bias": 0.06143581610912373
            },
            "3": {
                "type": "i",
                "bias": 0.03541559271042591
            },
            "4": {
                "type": "i",
                "bias": 0.12534801130945594
            },
            "5": {
                "type": "i",
                "bias": 0.01674219826634776
            },
            "6": {
                "type": "i",
                "bias": -0.09507862993185144
            },
            "7": {
                "type": "i",
                "bias": 0.00016991785077755117
            },
            "8": {
                "type": "i",
                "bias": -0.15077130499266303
            },
            "9": {
                "type": "i",
                "bias": 0.06869472991558992
            },
            "10": {
                "type": "i",
                "bias": 0.041341428469983184
            },
            "11": {
                "type": "i",
                "bias": 0.08295882740687653
            },
            "12": {
                "type": "o",
                "bias": -0.0399235756895365
            },
            "13": {
                "type": "o",
                "bias": -0.10651300379247267
            },
            "14": {
                "type": "o",
                "bias": -0.07525873187926015
            }
        },
        "synapses": {
            "32": {
                "nrn_to": 13,
                "nrn_from": 2,
                "weight": -0.42134803854729347,
                "active": true
            },
            "23": {
                "nrn_to": 12,
                "nrn_from": 7,
                "weight": 0.19957507330291127,
                "active": true
            },
            "24": {
                "nrn_to": 14,
                "nrn_from": 11,
                "weight": -0.1644235640851491,
                "active": true
            },
            "30": {
                "nrn_to": 13,
                "nrn_from": 3,
                "weight": -0.3657675985246746,
                "active": true
            },
            "15": {
                "nrn_to": 14,
                "nrn_from": 7,
                "weight": -0.5936361669218674,
                "active": true
            }
        }
    }
}