{
    "Num species": 2,
    "Species 1 num animals": 48,
    "Species 1 top fitness": 2.9640902126864415,
    "Species 1 mean fitness": -0.1448706849000797,
    "Species 1 std fitness": 1.753524753361904,
    "Species 1 top animal N hidden neurons": 0,
    "Species 1 top animal N synapses": 10,
    "Species 1 top animal": {
        "neurons": {
            "0": {
                "type": "i",
                "bias": -0.16536985237979535
            },
            "1": {
                "type": "i",
                "bias": -0.21133251372349207
            },
            "2": {
                "type": "i",
                "bias": 2.659596085022589
            },
            "3": {
                "type": "i",
                "bias": 0.0550158414324862
            },
            "4": {
                "type": "i",
                "bias": -0.004020475720254754
            },
            "5": {
                "type": "i",
                "bias": 0.002107266657372024
            },
            "6": {
                "type": "i",
                "bias": -2.1990411211441794
            },
            "7": {
                "type": "i",
                "bias": 0.17664514298420997
            },
            "8": {
                "type": "i",
                "bias": -1.3888309301255106
            },
            "9": {
                "type": "i",
                "bias": -0.17518614943553074
            },
            "10": {
                "type": "i",
                "bias": 0.21221263704121962
            },
            "11": {
                "type": "i",
                "bias": 0.16603661096175598
            },
            "12": {
                "type": "o",
                "bias": 0.4310635716193344
            },
            "13": {
                "type": "o",
                "bias": 0.5221143117399542
            },
            "14": {
                "type": "o",
                "bias": -0.05071724166339709
            }
        },
        "synapses": {
            "32": {
                "nrn_to": 13,
                "nrn_from": 2,
                "weight": -0.31232410198922517,
                "active": false
            },
            "66": {
                "nrn_to": 14,
                "nrn_from": 8,
                "weight": -0.30753897438457783,
                "active": false
            },
            "46": {
                "nrn_to": 13,
                "nrn_from": 4,
                "weight": 0.5278384384092697,
                "active": true
            },
            "15": {
                "nrn_to": 14,
                "nrn_from": 7,
                "weight": -0.409934603625839,
                "active": true
            },
            "17": {
                "nrn_to": 12,
                "nrn_from": 6,
                "weight": -0.2438210400005517,
                "active": true
            },
            "51": {
                "nrn_to": 12,
                "nrn_from": 9,
                "weight": 0.44851568960071786,
                "active": true
            },
            "23": {
                "nrn_to": 12,
                "nrn_from": 7,
                "weight": 0.053535874553874936,
                "active": true
            },
            "24": {
                "nrn_to": 14,
                "nrn_from": 11,
                "weight": -0.21861377888064332,
                "active": false
            },
            "25": {
                "nrn_to": 13,
                "nrn_from": 0,
                "weight": -0.5315237976416798,
                "active": true
            },
            "26": {
                "nrn_to": 13,
                "nrn_from": 9,
                "weight": -0.012011693998231227,
                "active": false
            }
        }
    },
    "Species 0 num animals": 12,
    "Species 0 top fitness": 2.708202229357136,
    "Species 0 mean fitness": -0.03059718405018926,
    "Species 0 std fitness": 1.614750677624428,
    "Species 0 top animal N hidden neurons": 0,
    "Species 0 top animal N synapses": 12,
    "Species 0 top animal": {
        "neurons": {
            "0": {
                "type": "i",
                "bias": -0.18804764254961154
            },
            "1": {
                "type": "i",
                "bias": -0.5046874723757635
            },
            "2": {
                "type": "i",
                "bias": 0.6546385483186288
            },
            "3": {
                "type": "i",
                "bias": 0.11109732087037713
            },
            "4": {
                "type": "i",
                "bias": 0.12233770467271518
            },
            "5": {
                "type": "i",
                "bias": 0.06310301565503838
            },
            "6": {
                "type": "i",
                "bias": -2.233977194628315
            },
            "7": {
                "type": "i",
                "bias": 0.12106284584288325
            },
            "8": {
                "type": "i",
                "bias": -1.5983842525005876
            },
            "9": {
                "type": "i",
                "bias": -0.005701045522347916
            },
            "10": {
                "type": "i",
                "bias": 0.3608235965656517
            },
            "11": {
                "type": "i",
                "bias": 0.2537213281485456
            },
            "12": {
                "type": "o",
                "bias": 0.4612071958746207
            },
            "13": {
                "type": "o",
                "bias": 0.5440979216254049
            },
            "14": {
                "type": "o",
                "bias": -0.03241608966624139
            }
        },
        "synapses": {
            "32": {
                "nrn_to": 13,
                "nrn_from": 2,
                "weight": -0.2950592465588653,
                "active": false
            },
            "66": {
                "nrn_to": 14,
                "nrn_from": 8,
                "weight": -0.23724616140454297,
                "active": false
            },
            "46": {
                "nrn_to": 13,
                "nrn_from": 4,
                "weight": 0.5382759038218831,
                "active": true
            },
            "15": {
                "nrn_to": 14,
                "nrn_from": 7,
                "weight": -0.32751217572460134,
                "active": true
            },
            "17": {
                "nrn_to": 12,
                "nrn_from": 6,
                "weight": -0.4366446423773471,
                "active": true
            },
            "51": {
                "nrn_to": 12,
                "nrn_from": 9,
                "weight": 0.2993916757087226,
                "active": true
            },
            "23": {
                "nrn_to": 12,
                "nrn_from": 7,
                "weight": 0.04365782526777075,
                "active": true
            },
            "24": {
                "nrn_to": 14,
                "nrn_from": 11,
                "weight": -0.13899389457890685,
                "active": false
            },
            "25": {
                "nrn_to": 13,
                "nrn_from": 0,
                "weight": -0.5689745106881218,
                "active": true
            },
            "26": {
                "nrn_to": 13,
                "nrn_from": 9,
                "weight": 0.05659489477211202,
                "active": false
            },
            "28": {
                "nrn_to": 14,
                "nrn_from": 10,
                "weight": -0.05213897121411324,
                "active": false
            },
            "62": {
                "nrn_to": 12,
                "nrn_from": 2,
                "weight": 0.020234893779454054,
                "active": true
            }
        }
    }
}